<COLLADA xmlns="http://www.collada.org/2005/11/COLLADASchema" version="1.4.1">
  <asset>
    <contributor/>
    <created>2025-05-26T16:13:57.208712</created>
    <modified>2025-05-26T16:13:57.208715</modified>
    <unit name="meter" meter="1.0"/>
    <up_axis>Z_UP</up_axis>
  </asset>
  <library_effects>
    <effect id="effect_Body" name="effect_Body">
      <profile_COMMON>
        <technique sid="common">
          <phong>
            <emission>
              <color>0.0 0.0 0.0 1.0</color>
            </emission>
            <ambient>
              <color>0.0 0.0 0.0 1.0</color>
            </ambient>
            <diffuse>
              <color>0.800000011920929 0.800000011920929 0.9019607901573181 1.0</color>
            </diffuse>
            <specular>
              <color>1 1 1 1.0</color>
            </specular>
            <shininess>
              <float>0.0</float>
            </shininess>
            <reflective>
              <color>0.0 0.0 0.0 1.0</color>
            </reflective>
            <reflectivity>
              <float>0.0</float>
            </reflectivity>
            <transparent>
              <color>0.0 0.0 0.0 1.0</color>
            </transparent>
            <transparency>
              <float>1.0</float>
            </transparency>
          </phong>
        </technique>
        <extra>
          <technique profile="GOOGLEEARTH">
            <double_sided>0</double_sided>
          </technique>
        </extra>
      </profile_COMMON>
    </effect>
    <effect id="effect_Body001" name="effect_Body001">
      <profile_COMMON>
        <technique sid="common">
          <phong>
            <emission>
              <color>0.0 0.0 0.0 1.0</color>
            </emission>
            <ambient>
              <color>0.0 0.0 0.0 1.0</color>
            </ambient>
            <diffuse>
              <color>0.800000011920929 0.800000011920929 0.9019607901573181 1.0</color>
            </diffuse>
            <specular>
              <color>1 1 1 1.0</color>
            </specular>
            <shininess>
              <float>0.0</float>
            </shininess>
            <reflective>
              <color>0.0 0.0 0.0 1.0</color>
            </reflective>
            <reflectivity>
              <float>0.0</float>
            </reflectivity>
            <transparent>
              <color>0.0 0.0 0.0 1.0</color>
            </transparent>
            <transparency>
              <float>1.0</float>
            </transparency>
          </phong>
        </technique>
        <extra>
          <technique profile="GOOGLEEARTH">
            <double_sided>0</double_sided>
          </technique>
        </extra>
      </profile_COMMON>
    </effect>
    <effect id="effect_Body002" name="effect_Body002">
      <profile_COMMON>
        <technique sid="common">
          <phong>
            <emission>
              <color>0.0 0.0 0.0 1.0</color>
            </emission>
            <ambient>
              <color>0.0 0.0 0.0 1.0</color>
            </ambient>
            <diffuse>
              <color>0.800000011920929 0.800000011920929 0.9019610285758972 1.0</color>
            </diffuse>
            <specular>
              <color>1 1 1 1.0</color>
            </specular>
            <shininess>
              <float>0.0</float>
            </shininess>
            <reflective>
              <color>0.0 0.0 0.0 1.0</color>
            </reflective>
            <reflectivity>
              <float>0.0</float>
            </reflectivity>
            <transparent>
              <color>0.0 0.0 0.0 1.0</color>
            </transparent>
            <transparency>
              <float>1.0</float>
            </transparency>
          </phong>
        </technique>
        <extra>
          <technique profile="GOOGLEEARTH">
            <double_sided>0</double_sided>
          </technique>
        </extra>
      </profile_COMMON>
    </effect>
  </library_effects>
  <library_geometries>
    <geometry id="geometry0" name="Body">
      <mesh>
        <source id="cubeverts-array0">
          <float_array count="2250" id="cubeverts-array0-array">-0.8 -0.07 0.2 -0.8 -0.007887248 0.1935004 -0.8 -0.008301155 0.1930967 -0.8 -0.008694424 0.1926729 -0.8 -0.007453732 0.193883 -0.8 -0.009066077 0.1922299 -0.8 -0.007001685 0.1942435 -0.8 -0.009415191 0.1917691 -0.8 -0.00653223 0.194581 -0.8 -0.009740897 0.1912913 -0.8 -0.006046535 0.1948947 -0.8 -0.01004239 0.190798 -0.8 -0.005545808 0.1951838 -0.8 -0.01031891 0.1902902 -0.8 -0.005031293 0.1954476 -0.8 -0.01056977 0.1897693 -0.8 -0.00450427 0.1956854 -0.8 -0.01079436 0.1892365 -0.8 -0.003966048 0.1958966 -0.8 -0.01099212 0.1886932 -0.8 -0.003417966 0.1960808 -0.8 -0.01116254 0.1881407 -0.8 -0.01130521 0.1875803 -0.8 -0.01141978 0.1870136 -0.8 -0.01150595 0.1864419 -0.8 -0.01156352 0.1858666 -0.8 -0.01159234 0.1852891 -0.8 -0.07 0.1708105 -0.8 -0.01159234 0.1847109 -0.8 -0.01156352 0.1841334 -0.8 -0.01150595 0.1835581 -0.8 -0.01141978 0.1829864 -0.8 -0.01130521 0.1824197 -0.8 -0.01116254 0.1818593 -0.8 -0.01099212 0.1813068 -0.8 -0.01079436 0.1807635 -0.8 -0.01056977 0.1802307 -0.8 -0.01031891 0.1797098 -0.8 -0.01004239 0.179202 -0.8 -0.009740897 0.1787087 -0.8 -0.009415191 0.1782309 -0.8 -0.009066077 0.1777701 -0.8 -0.008694424 0.1773271 -0.8 -0.008301155 0.1769033 -0.8 -0.007887248 0.1764996 -0.8 -0.007453732 0.176117 -0.8 -0.007001685 0.1757565 -0.8 -0.00653223 0.175419 -0.8 -0.006046535 0.1751053 -0.8 -0.005545808 0.1748162 -0.8 -0.005031293 0.1745524 -0.8 -0.00450427 0.1743146 -0.8 -0.003966048 0.1741034 -0.8 -0.003417966 0.1739192 -0.8 0.002297692 0.196366 -0.8 0.07 0.2 -0.8 0.002861386 0.1962374 -0.8 0.003417966 0.1960808 -0.8 0.003966048 0.1958966 -0.8 0.00450427 0.1956854 -0.8 0.005031293 0.1954476 -0.8 0.005545808 0.1951838 -0.8 0.006046535 0.1948947 -0.8 0.00653223 0.194581 -0.8 0.007001685 0.1942435 -0.8 0.007453732 0.193883 -0.8 0.007887248 0.1935004 -0.8 0.008301155 0.1930967 -0.8 0.008694424 0.1926729 -0.8 0.009066077 0.1922299 -0.8 0.009415191 0.1917691 -0.8 0.009740897 0.1912913 -0.8 0.01004239 0.190798 -0.8 0.01031891 0.1902902 -0.8 0.01056977 0.1897693 -0.8 0.01079436 0.1892365 -0.8 0.01099212 0.1886932 -0.8 0.01116254 0.1881407 -0.8 0.01130521 0.1875803 -0.8 0.01141978 0.1870136 -0.8 0.01150595 0.1864419 -0.8 0.01156352 0.1858666 -0.8 0.01159234 0.1852891 -0.8 0.01156352 0.1841334 -0.8 0.07 0.1708105 -0.8 0.01150595 0.1835581 -0.8 0.01141978 0.1829864 -0.8 0.01130521 0.1824197 -0.8 0.01116254 0.1818593 -0.8 0.01099212 0.1813068 -0.8 0.01079436 0.1807635 -0.8 0.01056977 0.1802307 -0.8 0.01031891 0.1797098 -0.8 0.01004239 0.179202 -0.8 0.009740897 0.1787087 -0.8 0.009415191 0.1782309 -0.8 0.009066077 0.1777701 -0.8 0.008694424 0.1773271 -0.8 0.008301155 0.1769033 -0.8 0.007887248 0.1764996 -0.8 0.007453732 0.176117 -0.8 0.007001685 0.1757565 -0.8 0.00653223 0.175419 -0.8 0.006046535 0.1751053 -0.8 0.005545808 0.1748162 -0.8 0.005031293 0.1745524 -0.8 0.00450427 0.1743146 -0.8 0.003966048 0.1741034 -0.8 0.003417966 0.1739192 -0.8 0.002861386 0.1737626 -0.8 0.002297692 0.173634 -0.8 0.01159234 0.1847109 -0.8 0 0.1734041 -0.8 0.0005780103 0.1734185 -0.8 0.001154584 0.1734617 -0.8 0.001728286 0.1735336 -0.8 -0.0005780103 0.1734185 -0.8 -0.001154584 0.1734617 -0.8 -0.001728286 0.1735336 -0.8 -0.002297692 0.173634 -0.8 -0.002861386 0.1737626 -0.8 3.977699e-17 0.1965959 -0.8 -0.0005780103 0.1965815 -0.8 -0.001154584 0.1965383 -0.8 -0.001728286 0.1964664 -0.8 -0.002297692 0.196366 -0.8 -0.002861386 0.1962374 -0.8 0.0005780103 0.1965815 -0.8 0.001154584 0.1965383 -0.8 0.001728286 0.1964664 -0.7999013 0.07 0.1667503 -0.7999013 -0.07 0.1667503 -0.7996006 -0.07 0.1626964 -0.7996006 0.07 0.1626964 -0.7990985 -0.07 0.1586523 -0.7990985 0.07 0.1586523 -0.7983958 -0.07 0.1546219 -0.7983958 0.07 0.1546219 -0.7974933 -0.07000001 0.1506087 -0.7974933 0.07000001 0.1506087 -0.796392 -0.07000001 0.146616 -0.796392 0.07000001 0.146616 -0.7950932 -0.07000002 0.1426476 -0.7950932 0.07000002 0.1426476 -0.793598 -0.07000003 0.1387067 -0.793598 0.07000003 0.1387067 -0.7919078 -0.07000005 0.1347968 -0.7919078 0.07000005 0.1347968 -0.7900243 -0.07000008 0.1309215 -0.7900243 0.07000008 0.1309215 -0.7879489 -0.07000011 0.1270841 -0.7879489 0.07000011 0.1270841 -0.7856836 -0.07000017 0.1232882 -0.7856836 0.07000017 0.1232882 -0.7832303 -0.07000023 0.1195371 -0.7832303 0.07000023 0.1195371 -0.7805911 -0.07000031 0.1158345 -0.7805911 0.07000031 0.1158345 -0.7777685 -0.07000042 0.1121836 -0.7777685 0.07000042 0.1121836 -0.7747648 -0.07000055 0.108588 -0.7747648 0.07000055 0.108588 -0.7715827 -0.0700007 0.1050511 -0.7715827 0.0700007 0.1050511 -0.7682252 -0.07000088 0.1015763 -0.7682252 0.07000088 0.1015763 -0.7646953 -0.07000108 0.09816705 -0.7646953 0.07000108 0.09816705 -0.7609961 -0.0700013 0.09482664 -0.7609961 0.0700013 0.09482664 -0.7571312 -0.07000154 0.09155836 -0.7571312 0.07000154 0.09155836 -0.7531042 -0.07000181 0.08836548 -0.7531042 0.07000181 0.08836548 -0.7489188 -0.07000209 0.08525115 -0.7489188 0.07000209 0.08525115 -0.7445789 -0.07000239 0.0822185 -0.7445789 0.07000239 0.0822185 -0.7400888 -0.07000269 0.07927055 -0.7400888 0.07000269 0.07927055 -0.7354527 -0.070003 0.07641026 -0.7354527 0.070003 0.07641026 -0.7290518 -0.0700034 0.07273787 -0.7290518 0.0700034 0.07273787 -0.7215638 -0.07000383 0.06880697 -0.7215638 0.07000383 0.06880697 -0.7137876 -0.07000421 0.06509697 -0.7137876 0.07000421 0.06509697 -0.7057402 -0.07000452 0.06161626 -0.7057402 0.07000452 0.06161626 -0.6974395 -0.07000473 0.0583727 -0.6974395 0.07000473 0.0583727 -0.6889036 -0.07000482 0.05537364 -0.6889036 0.07000482 0.05537364 -0.6801515 -0.07000479 0.05262581 -0.6801515 0.07000479 0.05262581 -0.6712026 -0.07000462 0.0501354 -0.6712026 0.07000462 0.0501354 -0.6620768 -0.0700043 0.04790796 -0.6620768 0.0700043 0.04790796 -0.6527946 -0.07000385 0.04594844 -0.6527946 0.07000385 0.04594844 -0.6433765 -0.07000327 0.04426117 -0.6433765 0.07000327 0.04426117 -0.6338438 -0.0700026 0.04284982 -0.6338438 0.0700026 0.04284982 -0.6242177 -0.07000189 0.04171738 -0.6242177 0.07000189 0.04171738 -0.6145201 -0.07000119 0.0408662 -0.6145201 0.07000119 0.0408662 -0.6047726 -0.07000058 0.04029793 -0.6047726 0.07000058 0.04029793 -0.5955069 -0.07000016 0.04002132 -0.5955069 0.07000016 0.04002132 -0.5862351 -0.07 0.04 -0.5862351 0.07 0.04 -0.77 0.1 0.1708105 -0.77 -0.1 0.1708105 -0.77 -0.1 0.2040274 -0.770309 -0.07 0.2342949 -0.770309 0.07 0.2342949 -0.81 0 0.1734041 -0.81 -0.0005780103 0.1734185 -0.81 -0.001154584 0.1734617 -0.81 -0.001728286 0.1735336 -0.81 -0.002297692 0.173634 -0.81 -0.002861386 0.1737626 -0.81 -0.003417966 0.1739192 -0.81 -0.003966048 0.1741034 -0.81 -0.00450427 0.1743146 -0.81 -0.005031293 0.1745524 -0.81 -0.005545808 0.1748162 -0.81 -0.006046535 0.1751053 -0.81 -0.00653223 0.175419 -0.81 -0.007001685 0.1757565 -0.81 -0.007453732 0.176117 -0.81 -0.007887248 0.1764996 -0.81 -0.008301155 0.1769033 -0.81 -0.008694424 0.1773271 -0.81 -0.009066077 0.1777701 -0.81 -0.009415191 0.1782309 -0.81 -0.009740897 0.1787087 -0.81 -0.01004239 0.179202 -0.81 -0.01031891 0.1797098 -0.81 -0.01056977 0.1802307 -0.81 -0.01079436 0.1807635 -0.81 -0.01099212 0.1813068 -0.81 -0.01116254 0.1818593 -0.81 -0.01130521 0.1824197 -0.81 -0.01141978 0.1829864 -0.81 -0.01150595 0.1835581 -0.81 -0.01156352 0.1841334 -0.81 -0.01159234 0.1847109 -0.81 -0.01159234 0.1852891 -0.81 -0.01156352 0.1858666 -0.81 -0.01150595 0.1864419 -0.81 -0.01141978 0.1870136 -0.81 -0.01130521 0.1875803 -0.81 -0.01116254 0.1881407 -0.81 -0.01099212 0.1886932 -0.81 -0.01079436 0.1892365 -0.81 -0.01056977 0.1897693 -0.81 -0.01031891 0.1902902 -0.81 -0.01004239 0.190798 -0.81 -0.009740897 0.1912913 -0.81 -0.009415191 0.1917691 -0.81 -0.009066077 0.1922299 -0.81 -0.008694424 0.1926729 -0.81 -0.008301155 0.1930967 -0.81 -0.007887248 0.1935004 -0.81 -0.007453732 0.193883 -0.81 -0.007001685 0.1942435 -0.81 -0.00653223 0.194581 -0.81 -0.006046535 0.1948947 -0.81 -0.005545808 0.1951838 -0.81 -0.005031293 0.1954476 -0.81 -0.00450427 0.1956854 -0.81 -0.003966048 0.1958966 -0.81 -0.003417966 0.1960808 -0.81 -0.002861386 0.1962374 -0.81 -0.002297692 0.196366 -0.81 -0.001728286 0.1964664 -0.81 -0.001154584 0.1965383 -0.81 -0.0005780103 0.1965815 -0.81 3.977699e-17 0.1965959 -0.81 0.0005780103 0.1965815 -0.81 0.001154584 0.1965383 -0.81 0.001728286 0.1964664 -0.81 0.002297692 0.196366 -0.81 0.002861386 0.1962374 -0.81 0.003417966 0.1960808 -0.81 0.003966048 0.1958966 -0.81 0.00450427 0.1956854 -0.81 0.005031293 0.1954476 -0.81 0.005545808 0.1951838 -0.81 0.006046535 0.1948947 -0.81 0.00653223 0.194581 -0.81 0.007001685 0.1942435 -0.81 0.007453732 0.193883 -0.81 0.007887248 0.1935004 -0.81 0.008301155 0.1930967 -0.81 0.008694424 0.1926729 -0.81 0.009066077 0.1922299 -0.81 0.009415191 0.1917691 -0.81 0.009740897 0.1912913 -0.81 0.01004239 0.190798 -0.81 0.01031891 0.1902902 -0.81 0.01056977 0.1897693 -0.81 0.01079436 0.1892365 -0.81 0.01099212 0.1886932 -0.81 0.01116254 0.1881407 -0.81 0.01130521 0.1875803 -0.81 0.01141978 0.1870136 -0.81 0.01150595 0.1864419 -0.81 0.01156352 0.1858666 -0.81 0.01159234 0.1852891 -0.81 0.01159234 0.1847109 -0.81 0.01156352 0.1841334 -0.81 0.01150595 0.1835581 -0.81 0.01141978 0.1829864 -0.81 0.01130521 0.1824197 -0.81 0.01116254 0.1818593 -0.81 0.01099212 0.1813068 -0.81 0.01079436 0.1807635 -0.81 0.01056977 0.1802307 -0.81 0.01031891 0.1797098 -0.81 0.01004239 0.179202 -0.81 0.009740897 0.1787087 -0.81 0.009415191 0.1782309 -0.81 0.009066077 0.1777701 -0.81 0.008694424 0.1773271 -0.81 0.008301155 0.1769033 -0.81 0.007887248 0.1764996 -0.81 0.007453732 0.176117 -0.81 0.007001685 0.1757565 -0.81 0.00653223 0.175419 -0.81 0.006046535 0.1751053 -0.81 0.005545808 0.1748162 -0.81 0.005031293 0.1745524 -0.81 0.00450427 0.1743146 -0.81 0.003966048 0.1741034 -0.81 0.003417966 0.1739192 -0.81 0.002861386 0.1737626 -0.81 0.002297692 0.173634 -0.81 0.001728286 0.1735336 -0.81 0.001154584 0.1734617 -0.81 0.0005780103 0.1734185 -0.7699462 0.1 0.1684558 -0.7697847 0.1 0.166102 -0.7695146 0.1 0.1637453 -0.7691346 0.1 0.1613824 -0.7680371 0.1 0.156627 -0.7673144 0.1 0.1542302 -0.7664718 0.1 0.1518189 -0.7644144 0.1 0.146951 -0.7631933 0.1 0.1444953 -0.76184 0.1 0.1420266 -0.7603519 0.1 0.1395469 -0.7508183 0.1 0.1270818 -0.7484849 0.1 0.1245999 -0.7460084 0.1 0.1221307 -0.7433895 0.1 0.1196785 -0.7406291 0.1 0.1172473 -0.7377285 0.1 0.1148414 -0.7346891 0.1 0.1124647 -0.7270699 0.1 0.1070556 -0.7162321 0.1 0.1004458 -0.6913741 0.1 0.08873633 -0.6629888 0.1 0.07954018 -0.6554544 0.1 0.07768927 -0.6477769 0.1 0.07602892 -0.6132665 0.1 0.071133 -0.6010223 0.1 0.07033604 -0.5862424 0.1 0.07 -0.7691346 -0.1 0.1613824 -0.7686429 -0.1 0.1590104 -0.7680371 -0.1 0.156627 -0.7673144 -0.1 0.1542302 -0.7664718 -0.1 0.1518189 -0.7655062 -0.1 0.1493925 -0.7644144 -0.1 0.146951 -0.7631933 -0.1 0.1444953 -0.76184 -0.1 0.1420266 -0.7603519 -0.1 0.1395469 -0.7587264 -0.1 0.1370586 -0.7569617 -0.1 0.1345646 -0.7550562 -0.1 0.1320681 -0.7530087 -0.1 0.1295725 -0.7484849 -0.1 0.1245999 -0.7433895 -0.1 0.1196785 -0.7406291 -0.1 0.1172473 -0.7346891 -0.1 0.1124647 -0.7315132 -0.1 0.1101214 -0.7270699 -0.1 0.1070556 -0.7217934 -0.1 0.103697 -0.7043005 -0.1 0.09431146 -0.697955 -0.1 0.09144922 -0.6913741 -0.1 0.08873633 -0.6775635 -0.1 0.08379242 -0.6629888 -0.1 0.07954018 -0.6554544 -0.1 0.07768927 -0.6477769 -0.1 0.07602892 -0.6373467 -0.1 0.07411924 -0.6132665 -0.1 0.071133 -0.6010223 -0.1 0.07033604 -0.5936362 -0.1 0.0700831 -0.5862424 -0.1 0.07 -0.3477313 0.07 0.04 -0.3477313 -0.07 0.04 -0.7686429 0.1 0.1590104 -0.6871355 0.1 0.2160141 -0.7655062 0.1 0.1493925 -0.7587264 0.1 0.1370586 -0.7569617 0.1 0.1345646 -0.7550562 0.1 0.1320681 -0.7530087 0.1 0.1295725 -0.7315132 0.1 0.1101214 -0.7217934 0.1 0.103697 -0.7103972 0.1 0.0973137 -0.7043005 0.1 0.09431146 -0.697955 0.1 0.09144922 -0.684572 0.1 0.08618143 -0.6775635 0.1 0.08379242 -0.77 0.1 0.2040274 -0.670364 0.1 0.0815765 -0.6373467 0.1 0.07411924 -0.6253942 0.1 0.07239627 -0.5936362 0.1 0.0700831 -0.3019648 0.1 0.219075 -0.2655475 0.1 0.2169634 -0.2464144 0.1 0.07466152 -0.2301905 0.1 0.2136651 -0.2057051 0.1 0.07940941 -0.1577553 0.1 0.2023756 -0.1382365 0.1 0.1980291 -0.1199678 0.1 0.1933006 -0.1150461 0.1 0.09809959 -0.1048799 0.1 0.1888134 -0.09735767 0.1 0.1036583 -0.0943297 0.1 0.1852966 -0.08257287 0.1 0.1090726 -0.08447646 0.1 0.1816713 -0.07535654 0.1 0.1779606 -0.07067993 0.1 0.1141006 -0.06209098 0.1 0.1182304 -0.04970756 0.1 0.1252564 -0.03000029 0.1 0.1449683 -0.03001652 0.1 0.1447526 -0.03001118 0.1 0.1452016 -0.03003013 0.1 0.145341 -0.03003619 0.1 0.1446231 -0.03006493 0.1 0.1444783 -0.03011712 0.1 0.1457326 -0.03019839 0.1 0.146003 -0.03029319 0.1 0.1462738 -0.03044887 0.1 0.1466626 -0.03062997 0.1 0.142937 -0.04613373 0.1 0.1623745 -0.04535435 0.1 0.12817 -0.0309417 0.1 0.1476746 -0.03123208 0.1 0.1418122 -0.04192552 0.1 0.1307105 -0.03129899 0.1 0.1483002 -0.03178473 0.1 0.1490683 -0.03233556 0.1 0.1401387 -0.0418223 0.1 0.1592088 -0.03311388 0.1 0.1391158 -0.03924054 0.1 0.1329054 -0.03320762 0.1 0.1510013 -0.034152 0.1 0.1378756 -0.0342032 0.1 0.1521826 -0.0353699 0.1 0.1534513 -0.7697847 -0.1 0.166102 -0.7699462 -0.1 0.1684558 -0.7695146 -0.1 0.1637453 -0.6871355 -0.1 0.2160141 -0.7508183 -0.1 0.1270818 -0.7460084 -0.1 0.1221307 -0.7377285 -0.1 0.1148414 -0.7162321 -0.1 0.1004458 -0.7103972 -0.1 0.0973137 -0.684572 -0.1 0.08618143 -0.670364 -0.1 0.0815765 -0.6317394 -0.1 0.22 -0.6253942 -0.1 0.07239627 -0.3477313 -0.1 0.07 -0.3473599 -0.1 0.22 -0.3246081 -0.1 0.2197685 -0.3019648 -0.1 0.219075 -0.2655475 -0.1 0.2169634 -0.2464144 -0.1 0.07466152 -0.2301905 -0.1 0.2136651 -0.2057051 -0.1 0.07940941 -0.2000306 -0.1 0.2097777 -0.1783967 -0.1 0.2063023 -0.1675896 -0.1 0.0856739 -0.1577553 -0.1 0.2023756 -0.1391241 -0.1 0.09175829 -0.1382365 -0.1 0.1980291 -0.09735767 -0.1 0.1036583 -0.1048799 -0.1 0.1888134 -0.08257287 -0.1 0.1090726 -0.0943297 -0.1 0.1852966 -0.07535654 -0.1 0.1779606 -0.05789695 -0.1 0.1695568 -0.03000029 -0.1 0.1449683 -0.03000179 -0.1 0.1450791 -0.03001652 -0.1 0.1447526 -0.03001118 -0.1 0.1452016 -0.03003013 -0.1 0.145341 -0.03003619 -0.1 0.1446231 -0.03006828 -0.1 0.1455367 -0.03006493 -0.1 0.1444783 -0.03011243 -0.1 0.1442846 -0.03011712 -0.1 0.1457326 -0.03017595 -0.1 0.144067 -0.03019839 -0.1 0.146003 -0.03027432 -0.1 0.1437774 -0.03029319 -0.1 0.1462738 -0.03042565 -0.1 0.1433922 -0.03044887 -0.1 0.1466626 -0.03062997 -0.1 0.142937 -0.04613373 -0.1 0.1623745 -0.03063969 -0.1 0.1470833 -0.03089605 -0.1 0.1424103 -0.0309417 -0.1 0.1476746 -0.03123208 -0.1 0.1418122 -0.03129899 -0.1 0.1483002 -0.03169654 -0.1 0.1410656 -0.03178473 -0.1 0.1490683 -0.03233556 -0.1 0.1401387 -0.0418223 -0.1 0.1592088 -0.03239729 -0.1 0.149946 -0.03311388 -0.1 0.1391158 -0.03993776 -0.1 0.1576854 -0.03924054 -0.1 0.1329054 -0.03320762 -0.1 0.1510013 -0.034152 -0.1 0.1378756 -0.03823473 -0.1 0.1562121 -0.03714955 -0.1 0.1347854 -0.0342032 -0.1 0.1521826 -0.0353699 -0.1 0.1534513 -0.03552924 -0.1 0.1363831 -0.03671268 -0.1 0.1547977 -0.6914304 -0.07 0.2457051 -0.6914304 0.07 0.2457051 -0.3477313 0.1 0.07 -0.2930325 0.07 0.04129211 -0.2930325 -0.07 0.04129211 -0.2449173 0.07 0.04467007 -0.2449173 -0.07 0.04467007 -0.2033556 0.07 0.04944801 -0.2033556 -0.07 0.04944801 -0.1641533 0.07 0.05579184 -0.1641533 -0.07 0.05579184 -0.1314209 0.07 0.06275461 -0.1314209 -0.07 0.06275461 -0.1069906 0.07 0.06919962 -0.1069906 -0.07 0.06919962 -0.0867887 0.07 0.07556656 -0.0867887 -0.07 0.07556656 -0.07176748 0.07 0.08108524 -0.07176748 -0.07 0.08108524 -0.0589959 0.07 0.08645967 -0.0589959 -0.07 0.08645967 -0.04847941 0.07 0.09149606 -0.04847941 -0.07 0.09149606 -0.04066451 0.07 0.09570249 -0.04066451 -0.07 0.09570249 -0.03418423 0.07 0.0995775 -0.03418423 -0.07 0.0995775 -0.02880957 0.07 0.1031316 -0.02880957 -0.07 0.1031316 -0.02434944 0.07 0.10638 -0.02434944 -0.07 0.10638 -0.02025172 0.07 0.1096718 -0.02025172 -0.07 0.1096718 -0.01687745 0.07 0.1126683 -0.01687745 -0.07 0.1126683 -0.01409733 0.07 0.1153904 -0.01409733 -0.07 0.1153904 -0.01180492 0.07 0.117859 -0.01180492 -0.07 0.117859 -0.009912799 0.07 0.1200947 -0.009912799 -0.07 0.1200947 -0.008183661 0.07 0.1223423 -0.008183661 -0.07 0.1223423 -0.006767483 0.07 0.1243746 -0.006767483 -0.07 0.1243746 -0.005606838 0.07 0.1262105 -0.005606838 -0.07 0.1262105 -0.004554495 0.07 0.1280524 -0.004554495 -0.07 0.1280524 -0.003610787 0.07 0.1298997 -0.003610787 -0.07 0.1298997 -0.002776015 0.07 0.1317518 -0.002776015 -0.07 0.1317518 -0.002118077 0.07 0.1334223 -0.002118077 -0.07 0.1334223 -0.0016017 0.07 0.1349282 -0.0016017 -0.07 0.1349282 -0.001157213 0.07 0.1364363 -0.001157213 -0.07 0.1364363 -0.0007847092 0.07 0.1379462 -0.0007847092 -0.07 0.1379462 -0.0004842653 0.07 0.1394575 -0.0004842653 -0.07 0.1394575 -0.0002559441 0.07 0.14097 -0.0002559441 -0.07 0.14097 -9.979301e-05 0.07 0.1424833 -9.979301e-05 -0.07 0.1424833 -1.584452e-05 0.07 0.1439971 -1.584452e-05 -0.07 0.1439971 -4.116096e-06 0.07 0.1455111 -4.116096e-06 -0.07 0.1455111 -6.461017e-05 0.07 0.1470251 -6.461017e-05 -0.07 0.1470251 -0.0001973142 0.07 0.1485386 -0.0001973142 -0.07 0.1485386 -0.0004022005 0.07 0.1500513 -0.0004022005 -0.07 0.1500513 -0.0006792265 0.07 0.1515631 -0.0006792265 -0.07 0.1515631 -0.001028335 0.07 0.1530734 -0.001028335 -0.07 0.1530734 -0.001449452 0.07 0.1545821 -0.001449452 -0.07 0.1545821 -0.001942492 0.07 0.1560888 -0.001942492 -0.07 0.1560888 -0.002507351 0.07 0.1575932 -0.002507351 -0.07 0.1575932 -0.003143913 0.07 0.159095 -0.003143913 -0.07 0.159095 -0.003852044 0.07 0.1605938 -0.003852044 -0.07 0.1605938 -0.004631597 0.07 0.1620894 -0.004631597 -0.07 0.1620894 -0.00548241 0.07 0.1635814 -0.00548241 -0.07 0.1635814 -0.006404308 0.07 0.1650696 -0.006404308 -0.07 0.1650696 -0.007397097 0.07 0.1665536 -0.007397097 -0.07 0.1665536 -0.008460571 0.07 0.1680331 -0.008460571 -0.07 0.1680331 -0.00959451 0.07 0.1695079 -0.00959451 -0.07 0.1695079 -0.01079868 0.07 0.1709775 -0.01079868 -0.07 0.1709775 -0.01207282 0.07 0.1724417 -0.01207282 -0.07 0.1724417 -0.01341668 0.07 0.1739003 -0.01341668 -0.07 0.1739003 -0.01531645 0.07 0.1758356 -0.01531645 -0.07 0.1758356 -0.01760036 0.07 0.1779992 -0.01760036 -0.07 0.1779992 -0.02003854 0.07 0.1801473 -0.02003854 -0.07 0.1801473 -0.02262985 0.07 0.182279 -0.02262985 -0.07 0.182279 -0.02537306 0.07 0.1843932 -0.02537306 -0.07 0.1843932 -0.02826691 0.07 0.186489 -0.02826691 -0.07 0.186489 -0.03235735 0.07 0.1892531 -0.03235735 -0.07 0.1892531 -0.03727205 0.07 0.1923186 -0.03727205 -0.07 0.1923186 -0.04251313 0.07 0.1953343 -0.04251313 -0.07 0.1953343 -0.0480751 0.07 0.198297 -0.0480751 -0.07 0.198297 -0.05395207 0.07 0.2012036 -0.05395207 -0.07 0.2012036 -0.06226735 0.07 0.2049865 -0.06226735 -0.07 0.2049865 -0.07225886 0.07 0.2091078 -0.07225886 -0.07 0.2091078 -0.08290186 0.07 0.2130774 -0.08290186 -0.07 0.2130774 -0.09417116 0.07 0.2168857 -0.09417116 -0.07 0.2168857 -0.1101248 0.07 0.2216972 -0.1101248 -0.07 0.2216972 -0.1292629 0.07 0.2267234 -0.1292629 -0.07 0.2267234 -0.149563 0.07 0.2313142 -0.149563 -0.07 0.2313142 -0.1709169 0.07 0.2354453 -0.1709169 -0.07 0.2354453 -0.1932107 0.07 0.2390946 -0.1932107 -0.07 0.2390946 -0.2241918 0.07 0.2431776 -0.2241918 -0.07 0.2431776 -0.2604234 0.07 0.2466583 -0.2604234 -0.07 0.2466583 -0.2976942 0.07 0.2489212 -0.2976942 -0.07 0.2489212 -0.3224643 0.07 0.24973 -0.3224643 -0.07 0.24973 -0.3473599 0.07 0.25 -0.3473599 -0.07 0.25 -0.6317394 0.07 0.25 -0.6317394 0.1 0.22 -0.3473599 0.1 0.22 -0.2937631 0.1 0.07129172 -0.1675896 0.1 0.0856739 -0.1391241 0.1 0.09175829 -0.05520097 0.1 0.1219479 -0.03714955 0.1 0.1347854 -0.03552924 0.1 0.1363831 -0.03169654 0.1 0.1410656 -0.03089605 0.1 0.1424103 -0.03042565 0.1 0.1433922 -0.03027432 0.1 0.1437774 -0.03017595 0.1 0.144067 -0.03011243 0.1 0.1442846 -0.03000179 0.1 0.1450791 -0.03006828 0.1 0.1455367 -0.03063969 0.1 0.1470833 -0.03239729 0.1 0.149946 -0.03671268 0.1 0.1547977 -0.03823473 0.1 0.1562121 -0.03993776 0.1 0.1576854 -0.043888 0.1 0.1607743 -0.0494051 0.1 0.1645504 -0.05345795 0.1 0.1670401 -0.05789695 0.1 0.1695568 -0.0627126 0.1 0.1720855 -0.06789479 0.1 0.1746127 -0.1783967 0.1 0.2063023 -0.2000306 0.1 0.2097777 -0.3246081 0.1 0.2197685 -0.6317394 -0.07 0.25 -0.2937631 -0.1 0.07129172 -0.1150461 -0.1 0.09809959 -0.07067993 -0.1 0.1141006 -0.06209098 -0.1 0.1182304 -0.05520097 -0.1 0.1219479 -0.04970756 -0.1 0.1252564 -0.04535435 -0.1 0.12817 -0.04192552 -0.1 0.1307105 -0.043888 -0.1 0.1607743 -0.0494051 -0.1 0.1645504 -0.05345795 -0.1 0.1670401 -0.0627126 -0.1 0.1720855 -0.06789479 -0.1 0.1746127 -0.08447646 -0.1 0.1816713 -0.1199678 -0.1 0.1933006</float_array>
          <technique_common>
            <accessor count="750" source="#cubeverts-array0-array" stride="3">
              <param type="float" name="X"/>
              <param type="float" name="Y"/>
              <param type="float" name="Z"/>
            </accessor>
          </technique_common>
        </source>
        <source id="cubenormals-array0">
          <float_array count="4488" id="cubenormals-array0-array">-1 0 0 -1 -0 0 -1 0 0 -1 -0 0 -1 0 0 -1 -0 0 -1 0 0 -1 -0 0 -1 0 0 -1 -0 0 -1 0 0 -1 -0 0 -1 0 0 -1 -0 0 -1 0 0 -1 -0 0 -1 0 0 -1 -0 0 -1 0 0 -1 -0 0 -1 -0 0 -1 -0 0 -1 -0 0 -1 -0 0 -1 0 0 -1 -0 0 -1 0 -0 -1 0 -0 -1 0 -0 -1 0 -0 -1 0 -0 -1 0 -0 -1 0 -0 -1 0 -0 -1 0 -0 -1 0 -0 -1 0 -0 -1 0 -0 -1 0 -0 -1 0 -0 -1 0 -0 -1 0 -0 -1 0 -0 -1 0 -0 -1 0 -0 -1 0 -0 -1 0 -0 -1 0 -0 -1 0 -0 -1 0 -0 -1 0 -0 -1 0 -0 -1 0 0 -1 0 0 -1 0 0 -1 0 0 -1 0 0 -1 0 0 -1 0 0 -1 0 0 -1 0 0 -1 0 0 -1 0 0 -1 0 0 -1 0 0 -1 0 0 -1 0 0 -1 0 0 -1 0 0 -1 0 0 -1 0 0 -1 0 0 -1 0 0 -1 0 0 -1 0 0 -1 0 0 -1 0 0 -1 0 0 -1 0 0 -1 0 -0 -1 0 -0 -1 0 -0 -1 0 -0 -1 0 -0 -1 0 -0 -1 0 -0 -1 0 -0 -1 0 -0 -1 0 -0 -1 0 -0 -1 0 -0 -1 0 -0 -1 0 -0 -1 0 -0 -1 0 -0 -1 0 -0 -1 0 -0 -1 0 -0 -1 0 -0 -1 0 -0 -1 0 -0 -1 0 -0 -1 0 -0 -1 0 -0 -1 0 -0 -1 0 -0 -1 0 0 -1 0 -0 -1 0 0 -1 0 0 -1 0 0 -1 0 0 -1 0 0 -1 -0 0 -1 -0 0 -1 -0 0 -1 -0 0 -1 -0 0 -1 -0 0 -1 0 0 -1 0 0 -1 0 0 -1 0 0 -1 0 0 -1 0 0 -1 0 0 -1 0 0 -1 0 0 -1 0 0 -1 0 0 -0.9997047 -0 -0.0243003 -0.9997047 0 -0.0243003 -0.9972612 0 -0.07396128 -0.9923791 0 -0.1232217 -0.9972612 0 -0.07396128 -0.9851393 0 -0.171758 -0.9923791 0 -0.1232217 -0.9756337 0 -0.2194057 -0.9851393 0 -0.171758 -0.9640024 0 -0.2658936 -0.9756337 0 -0.2194057 -0.9503933 0 -0.3110508 -0.9640024 0 -0.2658936 -0.9349692 0 -0.3547286 -0.9503932 0 -0.3110508 -0.9179044 0 -0.3968015 -0.9349692 0 -0.3547286 -0.8993945 0 -0.437138 -0.9179044 0 -0.3968015 -0.8795984 0 -0.475717 -0.8993945 0 -0.437138 -0.8587127 0 -0.5124572 -0.8795983 0 -0.475717 -0.8368984 0 -0.5473583 -0.8587128 0 -0.5124573 -0.8143175 0 -0.5804197 -0.8368984 0 -0.5473583 -0.7911279 0 -0.6116507 -0.8143175 0 -0.5804197 -0.7674453 0 -0.6411144 -0.7911279 0 -0.6116507 -0.7434131 0 -0.6688325 -0.7674454 0 -0.6411144 -0.7191395 0 -0.6948658 -0.7434132 0 -0.6688325 -0.6947019 0 -0.7192977 -0.7191395 0 -0.6948658 -0.6947019 0 -0.7192978 -0.6702016 0 -0.7421792 -0.6457118 0 -0.7635811 -0.6702016 0 -0.7421791 -0.6457119 0 -0.7635812 -0.6212786 0 -0.7835897 -0.6212786 0 -0.7835897 -0.5969604 0 -0.8022707 -0.5969605 0 -0.8022707 -0.5727983 0 -0.8196963 -0.5727983 0 -0.8196963 -0.5488267 0 -0.8359361 -0.5488267 0 -0.8359361 -0.5250692 0 -0.8510595 -0.4976449 0 -0.867381 -0.5250692 0 -0.8510596 -0.4976449 0 -0.867381 -0.4648043 0 -0.8854133 -0.4306009 0 -0.9025425 -0.4648044 0 -0.8854134 -0.4306009 0 -0.9025425 -0.3969854 0 -0.917825 -0.3969853 0 -0.9178249 -0.3639538 0 -0.931417 -0.3639538 0 -0.931417 -0.331483 0 -0.9434612 -0.331483 0 -0.9434612 -0.2995462 0 -0.9540818 -0.2995462 0 -0.9540818 -0.2681044 0 -0.9633899 -0.2371221 0 -0.9714798 -0.2681044 0 -0.9633899 -0.2371221 0 -0.9714799 -0.20655 0 -0.9784361 -0.1763457 0 -0.9843283 -0.2065499 0 -0.9784361 -0.1763456 0 -0.9843283 -0.1464567 0 -0.989217 -0.1464567 0 -0.989217 -0.1168372 0 -0.9931511 -0.1168372 0 -0.9931511 -0.08743589 0 -0.9961702 -0.0874359 0 -0.9961702 -0.05820039 0 -0.9983049 -0.05820039 0 -0.9983049 -0.02983981 0 -0.9995547 -0.002299479 0 -0.9999974 -0.02983981 0 -0.9995547 -0.002299479 0 -0.9999974 -0.7071068 0.7071068 0 -0.7071068 0.7071068 0 -0.7071068 -0.7071068 0 -0.7071068 -0.7071068 0 -0.7560304 0 0.6545364 -0.7560304 0 0.6545364 -0 -0.02493912 -0.999689 0 -0.02493912 -0.999689 0 -0.07471193 -0.9972051 0 -0.1243524 -0.9922381 -0 -0.07471193 -0.9972051 0 -0.1243524 -0.9922381 0 -0.1736502 -0.9848074 0 -0.2225253 -0.9749269 -0 -0.1736502 -0.9848074 0 -0.2225253 -0.9749269 0 -0.270822 -0.9626294 -0 -0.270822 -0.9626294 0 -0.3185061 -0.9479208 0 -0.3653274 -0.9308791 -0 -0.3185061 -0.9479208 0 -0.3653274 -0.9308791 0 -0.4112958 -0.9115019 -0 -0.4112958 -0.9115019 0 -0.4562138 -0.8898702 -0 -0.4562138 -0.8898702 -0 -0.4999974 -0.8660268 0 -0.4999974 -0.8660268 0 -0.5425407 -0.8400294 0 -0.5425407 -0.8400294 -0 -0.5837544 -0.8119303 0 -0.5837544 -0.8119303 -0 -0.6234829 -0.7818369 0 -0.6234829 -0.7818369 0 -0.6616892 -0.7497782 0 -0.6982395 -0.7158642 -0 -0.6616892 -0.7497782 0 -0.6982395 -0.7158642 0 -0.7330402 -0.6801853 -0 -0.7330402 -0.6801853 0 -0.7660535 -0.6427768 0 -0.7971312 -0.6038061 -0 -0.7660535 -0.6427768 0 -0.7971312 -0.6038061 0 -0.8262379 -0.5633212 -0 -0.8262379 -0.5633212 0 -0.8532906 -0.5214357 -0 -0.8532906 -0.5214357 0 -0.8782227 -0.4782518 -0 -0.8782227 -0.4782518 0 -0.9009697 -0.433882 -0 -0.9009697 -0.433882 0 -0.9214728 -0.3884429 -0 -0.9214728 -0.3884429 0 -0.9396928 -0.3420199 -0 -0.9396928 -0.3420199 0 -0.9555733 -0.2947537 -0 -0.9555733 -0.2947537 0 -0.9690781 -0.2467542 -0 -0.9690781 -0.2467542 0 -0.9801723 -0.198147 0 -0.988831 -0.1490412 -0 -0.9801723 -0.198147 0 -0.988831 -0.1490412 0 -0.9950308 -0.09956839 -0 -0.9950308 -0.09956839 0 -0.9987569 -0.04984548 -0 -0.9987569 -0.04984548 0 -1 0 0 -1 0 0 -0.9987569 0.04984548 0 -0.9987569 0.04984548 0 -0.9950308 0.09956839 0 -0.9950308 0.09956839 0 -0.988831 0.1490412 0 -0.988831 0.1490412 0 -0.9801723 0.198147 0 -0.9801723 0.198147 0 -0.9690781 0.2467542 0 -0.9555733 0.2947537 0 -0.9690781 0.2467542 0 -0.9555733 0.2947537 0 -0.9396928 0.3420199 0 -0.9396928 0.3420199 0 -0.9214728 0.3884429 0 -0.9214728 0.3884429 0 -0.9009697 0.433882 0 -0.9009697 0.433882 0 -0.8782227 0.4782518 0 -0.8782227 0.4782518 0 -0.8532906 0.5214357 0 -0.8532906 0.5214357 0 -0.8262379 0.5633212 0 -0.8262379 0.5633212 0 -0.7971312 0.6038061 0 -0.7971312 0.6038061 0 -0.7660535 0.6427768 0 -0.7660535 0.6427768 0 -0.7330402 0.6801853 0 -0.7330402 0.6801853 0 -0.6982395 0.7158642 0 -0.6982395 0.7158642 0 -0.6616892 0.7497782 0 -0.6616892 0.7497782 0 -0.6234829 0.7818369 0 -0.5837544 0.8119303 0 -0.6234829 0.7818369 0 -0.5837544 0.8119303 0 -0.5425407 0.8400294 0 -0.4999974 0.8660268 0 -0.5425407 0.8400294 0 -0.4999974 0.8660268 0 -0.4562138 0.8898702 0 -0.4112958 0.9115019 0 -0.4562138 0.8898702 0 -0.4112958 0.9115019 0 -0.3653274 0.9308791 0 -0.3653274 0.9308791 0 -0.3185061 0.9479208 0 -0.270822 0.9626294 0 -0.3185061 0.9479208 0 -0.270822 0.9626294 0 -0.2225253 0.9749269 0 -0.2225253 0.9749269 0 -0.1736502 0.9848074 0 -0.1736502 0.9848074 0 -0.1243524 0.9922381 0 -0.1243524 0.9922381 0 -0.07471193 0.9972051 0 -0.07471193 0.9972051 0 -0.02493912 0.999689 0 -0.02493912 0.999689 -0 0.02493912 0.999689 0 0.02493912 0.999689 0 0.07471193 0.9972051 0 0.07471193 0.9972051 -0 0.1243524 0.9922381 0 0.1243524 0.9922381 -0 0.1736502 0.9848074 0 0.1736502 0.9848074 -0 0.2225253 0.9749269 0 0.2225253 0.9749269 0 0.270822 0.9626294 0 0.270822 0.9626294 -0 0.3185061 0.9479208 0 0.3185061 0.9479208 0 0.3653274 0.9308791 0 0.3653274 0.9308791 0 0.4112958 0.9115019 0 0.4112958 0.9115019 -0 0.4562138 0.8898702 0 0.4562138 0.8898702 0 0.4999974 0.8660268 0 0.4999974 0.8660268 0 0.5425407 0.8400294 0 0.5425407 0.8400294 0 0.5837544 0.8119303 0 0.5837544 0.8119303 -0 0.6234829 0.7818369 0 0.6234829 0.7818369 0 0.6616892 0.7497782 0 0.6616892 0.7497782 0 0.6982395 0.7158642 0 0.6982395 0.7158642 -0 0.7330402 0.6801853 0 0.7330402 0.6801853 0 0.7660535 0.6427768 0 0.7660535 0.6427768 0 0.7971312 0.6038061 0 0.7971312 0.6038061 0 0.8262379 0.5633212 0 0.8262379 0.5633212 -0 0.8532906 0.5214357 0 0.8532906 0.5214357 0 0.8782227 0.4782518 0 0.8782227 0.4782518 0 0.9009697 0.433882 0 0.9009697 0.433882 0 0.9214728 0.3884429 0 0.9214728 0.3884429 0 0.9396928 0.3420199 0 0.9396928 0.3420199 0 0.9555733 0.2947537 0 0.9555733 0.2947537 0 0.9690781 0.2467542 0 0.9690781 0.2467542 0 0.9801723 0.198147 0 0.9801723 0.198147 -0 0.988831 0.1490412 0 0.988831 0.1490412 0 0.9950308 0.09956839 0 0.9950308 0.09956839 0 0.9987569 0.04984548 0 0.9987569 0.04984548 0 1 0 0 1 0 0 0.9987569 -0.04984548 0 0.9987569 -0.04984548 0 0.9950308 -0.09956839 0 0.9950308 -0.09956839 0 0.988831 -0.1490412 0 0.988831 -0.1490412 0 0.9801723 -0.198147 0 0.9801723 -0.198147 0 0.9690781 -0.2467542 0 0.9690781 -0.2467542 0 0.9555733 -0.2947537 0 0.9555733 -0.2947537 0 0.9396928 -0.3420199 0 0.9396928 -0.3420199 0 0.9214728 -0.3884429 0 0.9214728 -0.3884429 0 0.9009697 -0.433882 0 0.8782227 -0.4782518 0 0.9009697 -0.433882 0 0.8782227 -0.4782518 0 0.8532906 -0.5214357 0 0.8532906 -0.5214357 0 0.8262379 -0.5633212 0 0.8262379 -0.5633212 0 0.7971312 -0.6038061 0 0.7971312 -0.6038061 0 0.7660535 -0.6427768 0 0.7660535 -0.6427768 0 0.7330402 -0.6801853 0 0.7330402 -0.6801853 0 0.6982395 -0.7158642 0 0.6982395 -0.7158642 0 0.6616892 -0.7497782 0 0.6616892 -0.7497782 0 0.6234829 -0.7818369 0 0.6234829 -0.7818369 0 0.5837544 -0.8119303 0 0.5837544 -0.8119303 0 0.5425407 -0.8400294 0 0.5425407 -0.8400294 0 0.4999974 -0.8660268 0 0.4999974 -0.8660268 0 0.4562138 -0.8898702 0 0.4562138 -0.8898702 0 0.4112958 -0.9115019 0 0.4112958 -0.9115019 0 0.3653274 -0.9308791 0 0.3185061 -0.9479208 0 0.3653274 -0.9308791 0 0.3185061 -0.9479208 0 0.270822 -0.9626294 0 0.270822 -0.9626294 0 0.2225253 -0.9749269 0 0.2225253 -0.9749269 0 0.1736502 -0.9848074 0 0.1736502 -0.9848074 0 0.1243524 -0.9922381 0 0.1243524 -0.9922381 0 0.07471193 -0.9972051 0 0.02493912 -0.999689 0 0.07471193 -0.9972051 0 0.02493912 -0.999689 -0.7070146 0.7070146 -0.01614536 -0.7070432 0.7069615 -0.01718643 -0.7053323 0.7069442 -0.05231055 -0.7054288 0.7071251 -0.04841908 -0.7023935 0.7072228 -0.0804939 -0.7018815 0.7069421 -0.08715122 -0.6979383 0.7073102 -0.1122247 -0.696744 0.7069592 -0.1214766 -0.6921069 0.7073926 -0.1434703 -0.6899837 0.7069979 -0.1551658 -0.6849604 0.7074716 -0.1741069 -0.6816974 0.7070603 -0.1880276 -0.6765725 0.7075508 -0.2040133 -0.6719897 0.7071491 -0.2199317 -0.667029 0.7076332 -0.2330826 -0.6609754 0.7072657 -0.2507725 -0.6487782 0.7074109 -0.280458 -0.6564211 0.7077203 -0.2612343 -0.6448577 0.7078124 -0.288375 -0.63554 0.7075846 -0.3088898 -0.6324332 0.707912 -0.314466 -0.6213734 0.7077876 -0.3360532 -0.6192549 0.7080177 -0.3394616 -0.6055337 0.7080016 -0.3634044 -0.6063492 0.7081032 -0.3618431 -0.591011 0.7082793 -0.3860655 -0.5908164 0.7082585 -0.3864011 -0.5747294 0.7084399 -0.4096327 -0.5760356 0.7085591 -0.4075869 -0.5582015 0.7086463 -0.4315455 -0.5607051 0.7088403 -0.4279663 -0.5413176 0.7088752 -0.4521847 -0.545089 0.7091219 -0.4472406 -0.5241824 0.7091256 -0.4715651 -0.5292594 0.7094017 -0.4654393 -0.5068752 0.7093953 -0.4897304 -0.5132964 0.709679 -0.482579 -0.4894533 0.7096823 -0.506741 -0.4972463 0.7099523 -0.4987121 -0.4719914 0.7099837 -0.5226348 -0.4811708 0.7102188 -0.5138716 -0.4545438 0.7102973 -0.5374641 -0.4651114 0.7104766 -0.5281045 -0.4371451 0.7106211 -0.5512911 -0.4491105 0.7107241 -0.5414528 -0.4331884 0.710959 -0.5539721 -0.4197242 0.7111397 -0.5640141 -0.4026525 0.7112889 -0.5761415 -0.4175356 0.7109312 -0.5658983 -0.3989831 0.7116486 -0.5782464 -0.3857008 0.7114748 -0.5873998 -0.376965 0.7121547 -0.5922272 -0.3688619 0.7117462 -0.5977945 -0.3541845 0.71239 -0.6058497 -0.3494889 0.7119623 -0.6090708 -0.3317688 0.7126928 -0.6180602 -0.3263282 0.712169 -0.6215506 -0.3097346 0.7130541 -0.6289821 -0.3022012 0.7124263 -0.6333427 -0.2881579 0.7133374 -0.6388386 -0.2785136 0.7126557 -0.6438572 -0.2670212 0.713535 -0.6477402 -0.2552626 0.7128503 -0.6532117 -0.2463152 0.7136402 -0.6557794 -0.23243 0.7130024 -0.6615163 -0.2260143 0.7136454 -0.6630443 -0.2099964 0.7131055 -0.6688662 -0.206096 0.7135437 -0.6696117 -0.1879306 0.7131528 -0.6753482 -0.1865249 0.7133281 -0.6755528 -0.1662044 0.7131386 -0.6810356 -0.1672765 0.7129915 -0.680927 -0.1481934 0.713071 -0.6852506 -0.1448749 0.7126064 -0.6864426 -0.1236223 0.7129014 -0.6902818 -0.1263773 0.712456 -0.6902429 -0.1027856 0.7120329 -0.6945821 -0.1001302 0.7123781 -0.6946159 -0.08210653 0.7110054 -0.6983765 -0.07277948 0.7117026 -0.6987006 -0.06150622 0.7101719 -0.7013365 -0.0409113 0.7104962 -0.7025109 -0.04576048 0.7096719 -0.7030447 -0.02101958 0.7087169 -0.7051798 -0.02415703 0.7083803 -0.7054175 -0.001611891 0.7078848 -0.706326 -0.007946977 0.7070835 -0.7070854 -0.7070146 -0.7070146 -0.01614536 -0.7070432 -0.7069615 -0.01718643 -0.7054288 -0.7071251 -0.04841908 -0.7053323 -0.7069442 -0.05231055 -0.7023935 -0.7072228 -0.0804939 -0.7018815 -0.7069421 -0.08715122 -0.6979383 -0.7073103 -0.1122247 -0.696744 -0.7069592 -0.1214766 -0.6921069 -0.7073926 -0.1434703 -0.6899838 -0.7069979 -0.1551659 -0.6849605 -0.7074715 -0.1741069 -0.6816974 -0.7070603 -0.1880275 -0.6765724 -0.7075509 -0.2040133 -0.6719897 -0.7071491 -0.2199317 -0.667029 -0.7076332 -0.2330827 -0.6609754 -0.7072657 -0.2507722 -0.6487782 -0.7074109 -0.280458 -0.6564211 -0.7077202 -0.2612345 -0.6448576 -0.7078126 -0.2883748 -0.6355401 -0.7075846 -0.3088897 -0.6324333 -0.707912 -0.3144657 -0.6213734 -0.7077876 -0.3360531 -0.619255 -0.7080178 -0.3394614 -0.6055335 -0.7080017 -0.3634043 -0.6063491 -0.7081033 -0.3618433 -0.5910109 -0.7082792 -0.3860657 -0.5908164 -0.7082585 -0.3864012 -0.5747292 -0.70844 -0.4096327 -0.5760357 -0.708559 -0.4075867 -0.5582014 -0.7086462 -0.4315458 -0.5607051 -0.7088405 -0.4279662 -0.5413178 -0.7088752 -0.4521846 -0.545089 -0.7091219 -0.4472406 -0.5241826 -0.7091256 -0.471565 -0.5292594 -0.7094017 -0.4654392 -0.5068752 -0.7093953 -0.4897304 -0.5132965 -0.709679 -0.4825789 -0.4894533 -0.7096822 -0.5067411 -0.4972463 -0.7099522 -0.4987123 -0.4719916 -0.7099836 -0.522635 -0.4811707 -0.710219 -0.5138714 -0.4545439 -0.7102973 -0.537464 -0.4651114 -0.7104767 -0.5281044 -0.4371451 -0.7106209 -0.5512912 -0.4491104 -0.7107242 -0.5414526 -0.4331885 -0.7109591 -0.5539719 -0.4197243 -0.7111399 -0.564014 -0.4026525 -0.7112889 -0.5761414 -0.4175357 -0.7109311 -0.5658984 -0.3989832 -0.7116485 -0.5782463 -0.3857007 -0.7114748 -0.5873999 -0.376965 -0.7121546 -0.5922272 -0.3688618 -0.7117461 -0.5977947 -0.3541845 -0.71239 -0.6058497 -0.3494889 -0.7119622 -0.6090708 -0.3317688 -0.7126928 -0.6180602 -0.3263282 -0.7121689 -0.6215506 -0.3097346 -0.7130541 -0.628982 -0.3022013 -0.7124263 -0.6333427 -0.288158 -0.7133374 -0.6388386 -0.2785135 -0.7126558 -0.6438571 -0.2670211 -0.7135351 -0.6477402 -0.2552626 -0.7128502 -0.6532117 -0.2463152 -0.7136402 -0.6557793 -0.23243 -0.7130024 -0.6615163 -0.2260145 -0.7136453 -0.6630443 -0.2099966 -0.7131055 -0.6688662 -0.206096 -0.7135437 -0.6696117 -0.1879305 -0.7131529 -0.6753481 -0.186525 -0.713328 -0.6755528 -0.1662045 -0.7131385 -0.6810356 -0.1672765 -0.7129915 -0.680927 -0.1481935 -0.713071 -0.6852506 -0.1448749 -0.7126064 -0.6864426 -0.1236224 -0.7129014 -0.6902818 -0.1263774 -0.712456 -0.6902429 -0.1027855 -0.7120329 -0.6945821 -0.1001303 -0.7123781 -0.6946159 -0.08210662 -0.7110054 -0.6983765 -0.07277949 -0.7117026 -0.6987005 -0.06150634 -0.7101719 -0.7013365 -0.04091134 -0.7104962 -0.7025109 -0.04576052 -0.7096719 -0.7030447 -0.02101972 -0.7087169 -0.7051798 -0.02415701 -0.7083803 -0.7054175 -0.001611954 -0.7078848 -0.706326 -0.007946977 -0.7070835 -0.7070854 0 0 -1 0 0 -1 -0.6286214 0.5555604 0.5442315 0 1 0 0 1 0 0 1 0 0 1 0 0 1 0 0 1 0 0 1 0 0 1 0 0 1 0 0 1 0 0 1 0 0 1 0 0 1 0 0 1 0 0 1 0 0 1 0 0 1 0 0 1 0 0 1 0 0 1 0 0 1 0 0 1 0 0 1 0 0 1 0 0 1 0 0 1 0 0 1 0 0 1 0 0 1 0 0 1 0 0 1 0 0 1 0 0 1 0 0 1 0 0 1 0 0 1 0 0 1 0 0 1 0 0 1 0 0 1 0 0 1 0 0 1 0 0 1 0 0 1 0 0 1 0 0 1 0 0 1 0 0 1 0 0 1 0 0 1 0 0 1 0 0 1 0 0 1 0 0 1 0 0 1 0 0 1 0 0 1 0 0 1 0 0 1 0 0 1 0 0 1 0 0 1 0 0 1 0 0 1 0 0 1 0 0 1 0 0 1 0 0 1 0 0 1 0 0 1 0 0 1 0 0 1 0 0 1 0 0 1 0 0 1 0 0 1 0 0 1 0 0 1 0 0 1 0 0 1 0 0 1 0 0 1 0 0 1 0 0 1 0 0 1 0 0 1 0 0 1 0 0 1 0 0 1 0 0 1 0 0 1 0 0 1 0 0 1 0 0 1 0 0 1 0 0 1 0 0 1 0 0 1 0 0 1 0 0 1 0 0 1 0 0 1 0 0 1 0 0 1 0 0 1 0 0 1 0 0 1 0 0 1 0 0 1 0 0 1 0 0 1 0 0 1 0 0 1 0 0 1 0 0 1 0 0 1 0 0 1 0 0 1 0 0 1 0 0 1 0 -0.6286214 -0.5555603 0.5442315 0 -1 0 0 -1 0 0 -1 0 0 -1 0 0 -1 0 0 -1 0 0 -1 0 0 -1 0 0 -1 0 0 -1 0 0 -1 0 0 -1 0 0 -1 0 0 -1 0 0 -1 0 0 -1 0 0 -1 0 0 -1 0 0 -1 0 0 -1 0 0 -1 0 0 -1 0 0 -1 0 0 -1 0 0 -1 0 0 -1 0 0 -1 0 0 -1 0 0 -1 0 0 -1 0 0 -1 0 0 -1 0 0 -1 0 0 -1 0 0 -1 0 0 -1 0 0 -1 0 0 -1 0 0 -1 0 0 -1 0 0 -1 0 0 -1 0 0 -1 0 0 -1 0 0 -1 0 0 -1 0 0 -1 0 0 -1 0 0 -1 0 -0 -1 0 0 -1 0 0 -1 0 -0 -1 0 0 -1 0 -0 -1 0 0 -1 0 0 -1 0 -0 -1 0 0 -1 0 -0 -1 0 0 -1 0 -0 -1 0 0 -1 0 -0 -1 0 0 -1 0 -0 -1 0 0 -1 0 0 -1 0 -0 -1 0 0 -1 0 -0 -1 0 0 -1 0 0 -1 0 -0 -1 0 0 -1 0 -0 -1 0 0 -1 0 -0 -1 0 0 -1 0 -0 -1 0 -0 -1 0 -0 -1 0 -0 -1 0 -0 -1 0 -0 -1 0 -0 -1 0 -0 -1 0 -0 -1 0 -0 -1 0 -0 -1 0 -0 -1 0 -0 -1 0 -0 -1 0 -0 -1 0 0 -1 0 -0 -1 0 -0 -1 0 -0 -1 0 -0 -1 0 0 -1 0 -0 -1 0 -0 -1 0 -0 -1 0 -0 -1 0 -0 -1 0 0 -1 0 -0 -1 0 -0 -1 0 0 -1 0 -0 -1 0 -0 -1 0 -0 -1 0 0 -1 0 -0 -1 0 -0 -1 0 -0 -1 -0 -0 -1 0 0 -1 0 -0 -1 0 -0 -1 0 -0.1431642 0 0.9896989 -0.1431642 0 0.9896989 -1 0 0 -1 -0 0 -1 -0 0 -1 0 0 -1 0 0 -1 0 0 -1 0 0 -1 0 0 -1 -0 0 -1 -0 0 -1 -0 0 -1 0 0 -1 -0 0 -1 -0 0 -1 -0 0 -1 -0 0 -1 -0 0 -1 -0 0 -1 0 0 -1 -0 0 -1 0 0 -1 0 0 -1 0 0 -1 0 0 -1 0 0 -1 0 0 -1 0 0 -1 0 0 -1 -0 0 -1 0 0 -1 0 0 -1 0 0 -1 0 0 -1 0 0 -1 0 0 -1 0 0 -1 0 0 -1 0 0 -1 0 0 -1 0 0 -1 0 0 -1 0 0 -1 0 0 -1 0 0 -1 0 0 -1 0 0 -1 0 0 -1 0 0 -1 0 0 -1 0 0 -1 0 0 -1 0 0 -1 0 0 -1 0 0 -1 0 0 -1 0 0 -1 0 0 -1 0 0 -1 0 0 -1 0 0 -1 0 0 -1 0 0 -1 0 0 -1 0 0 -1 0 0 -1 0 0 -1 0 0 -1 0 0 -1 0 0 -1 -0 0 -1 0 0 -1 0 0 -1 0 0 -1 0 0 -1 0 0 -1 0 0 -1 0 0 -1 0 0 -1 0 0 -1 0 0 -1 0 0 -1 0 0 -1 0 0 -1 0 0 -1 0 0 -1 0 0 -1 0 0 -1 -0 0 -1 0 0 -1 -0 0 -1 -0 0 -1 0 0 -1 0 0 -1 0 0 -1 0 0 -1 0 -0 -1 0 -0 -1 0 0 -1 0 0 -1 0 0 -1 0 0 -1 0 0 -1 0 0 -1 0 -0 -1 0 0 -1 0 0 -1 0 -0 -1 0 -0 -1 0 0 -1 0 0 -1 0 -0 -1 0 0 -1 0 -0 -1 0 0 -1 0 0 -1 0 0 -1 0 -0 -1 0 -0 -1 0 -0 -1 0 -0 -1 0 0 -1 0 0 -1 0 0 -1 0 -0 0 0.7071068 -0.7071068 0 0.7071068 -0.7071068 -0 -0.7071068 -0.7071068 0 -0.7071068 -0.7071068 0.02361564 0 -0.9997211 0.02361564 0 -0.9997211 0.07003327 0 -0.9975447 0.07003327 0 -0.9975447 0.1142083 0 -0.9934568 0.1142083 0 -0.9934568 0.1597445 0 -0.9871585 0.1597445 0 -0.9871585 0.2080629 0 -0.9781154 0.2080629 0 -0.9781154 0.255085 0 -0.9669186 0.255085 0 -0.9669186 0.30059 0 -0.9537534 0.30059 0 -0.9537534 0.3448548 0 -0.9386561 0.3448548 0 -0.9386561 0.3878687 0 -0.9217147 0.3878687 0 -0.9217147 0.4319278 0 -0.9019082 0.4319278 0 -0.9019082 0.4739602 0 -0.8805463 0.4739602 0 -0.8805463 0.5132137 0 -0.8582608 0.5132137 0 -0.8582608 0.5515807 0 -0.8341216 0.5515807 0 -0.8341216 0.5887276 0 -0.8083315 0.5887276 0 -0.8083315 0.6262687 0 -0.7796074 0.6262687 0 -0.7796074 0.6640192 0 -0.7477155 0.6640192 0 -0.7477155 0.699612 0 -0.714523 0.699612 0 -0.714523 0.7327732 0 -0.680473 0.7327732 0 -0.680473 0.7633097 0 -0.6460328 0.7633097 0 -0.6460328 0.7925928 0 -0.6097512 0.7925928 0 -0.6097512 0.8204453 0 -0.571725 0.8204453 0 -0.571725 0.8452621 0 -0.5343521 0.8452621 0 -0.5343521 0.8682801 0 -0.4960742 0.8682801 0 -0.4960742 0.8905236 0 -0.454937 0.8905236 0 -0.454937 0.9116752 0 -0.4109116 0.9116752 0 -0.4109116 0.9304325 0 -0.3664632 0.9304325 0 -0.3664632 0.9459372 0 -0.3243501 0.9459372 0 -0.3243501 0.9592041 0 -0.2827144 0.9592041 0 -0.2827144 0.9708884 0 -0.2395325 0.9708884 0 -0.2395325 0.9808068 0 -0.1949819 0.9808068 0 -0.1949819 0.9887969 0 -0.1492668 0.9887969 0 -0.1492668 0.9947185 0 -0.1026405 0.9947185 0 -0.1026405 0.998466 0 -0.0553695 0.998466 0 -0.0553695 0.9999701 0 -0.007746222 0.9999701 0 -0.007746222 0.9992026 0 0.03992641 0.9992026 0 0.03992641 0.9961782 0 0.087344 0.9961782 0 0.087344 0.9909526 0 0.1342124 0.9909526 0 0.1342124 0.9836209 0 0.1802491 0.9836209 0 0.1802491 0.9743115 0 0.2252046 0.9743115 0 0.2252046 0.9631814 0 0.2688523 0.9631814 0 0.2688523 0.9504077 0 0.3110068 0.9504077 0 0.3110068 0.9361836 0 0.3515115 0.9361836 0 0.3515115 0.9207037 0 0.3902623 0.9207037 0 0.3902623 0.9041665 0 0.4271802 0.9041665 0 0.4271802 0.8867702 0 0.4622106 0.8867702 0 0.4622106 0.8686888 0 0.4953584 0.8686888 0 0.4953584 0.8500998 0 0.5266216 0.8500998 0 0.5266216 0.8311574 0 0.5560372 0.8311574 0 0.5560372 0.811998 0 0.5836604 0.811998 0 0.5836604 0.7927461 0 0.609552 0.7927461 0 0.609552 0.7735084 0 0.6337861 0.7735084 0 0.6337861 0.7543762 0 0.6564423 0.7543762 0 0.6564423 0.735428 0 0.6776028 0.735428 0 0.6776028 0.7136275 0 0.7005253 0.7136275 0 0.7005253 0.6877228 0 0.7259734 0.6877228 0 0.7259734 0.661065 0 0.7503286 0.661065 0 0.7503286 0.6352957 0 0.772269 0.6352957 0 0.772269 0.6104497 0 0.792055 0.6104497 0 0.792055 0.586561 0 0.8099051 0.586561 0 0.8099051 0.5598937 0 0.8285644 0.5598937 0 0.8285644 0.5292276 0 0.8484799 0.5292276 0 0.8484799 0.4987255 0 0.86676 0.4987255 0 0.86676 0.4701345 0 0.8825948 0.4701345 0 0.8825948 0.4433186 0 0.8963641 0.4433186 0 0.8963641 0.4140999 0 0.9102314 0.4140999 0 0.9102314 0.381317 0 0.9244443 0.381317 0 0.9244443 0.3494571 0 0.9369524 0.3494571 0 0.9369524 0.320152 0 0.9473662 0.320152 0 0.9473662 0.2887474 0 0.9574053 0.2887474 0 0.9574053 0.2540114 0 0.9672012 0.2540114 0 0.9672012 0.2205786 0 0.9753692 0.2205786 0 0.9753692 0.1899364 0 0.9817964 0.1899364 0 0.9817964 0.1615402 0 0.9868662 0.1615402 0 0.9868662 0.1306593 0 0.9914273 0.1306593 0 0.9914273 0.09562854 0 0.9954171 0.09562854 0 0.9954171 0.06060329 0 0.9981619 0.06060329 0 0.9981619 0.03263528 0 0.9994673 0.03263528 0 0.9994673 0.01084542 0 0.9999412 0.01084542 0 0.9999412 -0.1012324 0.7071068 0.6998228 -0.1012323 0.7071067 0.6998228 -0.05081264 0.7061933 0.7061934 -0.05081258 0.7061933 0.7061933 0 0.7071068 0.7071068 0 0.7071068 0.7071068 0.0167011 0.7070082 -0.7070082 0.01691722 0.7072069 -0.7068042 0.04953989 0.7068369 -0.7056397 0.05017936 0.7073667 -0.7050634 0.08080293 0.7067082 -0.7028759 0.08187042 0.7074818 -0.7019734 0.1130469 0.7065399 -0.6985855 0.1145948 0.707622 -0.6972368 0.1472623 0.706435 -0.6922885 0.1478686 0.7067901 -0.6917965 0.1800593 0.7072145 -0.6836859 0.180376 0.7070922 -0.6837288 0.2126573 0.7067473 -0.6747482 0.2120418 0.706938 -0.6747422 0.2438623 0.7070686 -0.6637658 0.2743221 0.7069582 -0.6518875 0.243102 0.7072597 -0.6638412 0.30554 0.7068267 -0.6379978 0.2753099 0.7072125 -0.651195 0.3351842 0.7070147 -0.6227213 0.3064557 0.7070156 -0.637349 0.3357628 0.7071114 -0.6222997 0.362983 0.7069389 -0.6070261 0.3647729 0.7071812 -0.6056694 0.3901453 0.7068913 -0.5899928 0.3932309 0.7072283 -0.5875352 0.4164341 0.7068672 -0.5717703 0.42087 0.7072559 -0.5680296 0.4430192 0.7068186 -0.5514901 0.4474839 0.7071805 -0.5474066 0.4696806 0.7068835 -0.5288817 0.472763 0.7071144 -0.5258178 0.494818 0.7069387 -0.505364 0.4965184 0.7070574 -0.5035268 0.5182377 0.7069851 -0.4812501 0.5196813 0.7070788 -0.4795527 0.5398398 0.7069783 -0.4568969 0.5422096 0.7071065 -0.4538822 0.5605676 0.7069556 -0.4312514 0.5627688 0.7070703 -0.4281856 0.5802393 0.7069889 -0.4043379 0.5821729 0.7070833 -0.4013826 0.5977854 0.7069945 -0.3779039 0.6004209 0.7071035 -0.3734961 0.6140743 0.7069827 -0.3508391 0.6164922 0.7070827 -0.3463689 0.6298032 0.7069852 -0.3217449 0.6311885 0.7070494 -0.3188767 0.6447604 0.7069874 -0.2906077 0.6580043 0.707011 -0.2591635 0.6451789 0.7070094 -0.2896237 0.6689599 0.7070207 -0.2293783 0.6582198 0.7070222 -0.2585849 0.6783481 0.7070147 -0.1999351 0.6695976 0.7070513 -0.2274148 0.6866111 0.7070149 -0.169396 0.6788498 0.7070412 -0.1981307 0.6936285 0.7070113 -0.1378923 0.6868405 0.7070294 -0.1684031 0.6936605 0.7070137 -0.1377195 0.6991678 0.7070193 -0.1062451 0.6992805 0.7070099 -0.1055635 0.7034702 0.7070084 -0.0725875 0.7061136 0.7070152 -0.03915689 0.7071909 0.7070016 -0.005477503 0.705083 0.7071381 -0.05304207 0.7070332 0.7071158 0.009550885 0.7066489 0.7070006 0.02823547 0.7045056 0.7070053 0.06177072 0.7050568 0.707087 0.05406285 0.700802 0.7070132 0.09491528 0.6956216 0.7070087 0.1274722 0.7007572 0.7070079 0.09528411 0.6890423 0.7070039 0.1592671 0.6940445 0.7070969 0.1353365 0.6811703 0.707005 0.190134 0.6861129 0.707114 0.1709939 0.6721365 0.7070051 0.2199459 0.677157 0.7071262 0.2035455 0.6620753 0.707007 0.2485907 0.6673899 0.7071235 0.2335959 0.6511261 0.7070084 0.2759958 0.6563977 0.707136 0.2628702 0.6394286 0.7070115 0.3021023 0.6439427 0.7071309 0.2920682 0.6271072 0.7070324 0.3268666 0.614299 0.7070568 0.3502961 0.6297088 0.7071241 0.3216246 0.6011705 0.7070372 0.3724144 0.61406 0.7070662 0.3506957 0.587791 0.7070181 0.3932266 0.5975841 0.7071475 0.3779362 0.5742334 0.7070276 0.4127564 0.5798154 0.7071751 0.4046202 0.5605568 0.7071059 0.4310188 0.5470064 0.7070376 0.4481985 0.5608194 0.7071176 0.430658 0.5406122 0.7072079 0.4556265 0.5334817 0.7070314 0.4642239 0.5200151 0.7071221 0.479127 0.5046827 0.7070062 0.4954166 0.5204614 0.7071427 0.4786117 0.5006253 0.7071747 0.4992777 0.4863938 0.706961 0.5134463 0.4675366 0.7069662 0.5306678 0.481306 0.7071795 0.5179204 0.4493081 0.7069709 0.5461816 0.4625706 0.7071833 0.5347151 0.4317333 0.7069756 0.5601713 0.444476 0.7071863 0.5498441 0.4148355 0.7069799 0.5727922 0.4270384 0.7071886 0.5634913 0.3960102 0.7069183 0.5860396 0.4102835 0.7071905 0.575803 0.3743333 0.7068932 0.6001471 0.3915514 0.7072217 0.5886636 0.3527538 0.7069033 0.6130682 0.370047 0.707239 0.6023937 0.3325268 0.706912 0.6242606 0.3486871 0.7072423 0.6150006 0.3286653 0.7072442 0.625927 0.3135564 0.7069196 0.6339929 0.2929227 0.7068416 0.643872 0.3098859 0.7072453 0.6354327 0.2893863 0.7072937 0.6449736 0.2697439 0.7068126 0.6539527 0.2664098 0.7073187 0.6547717 0.2472012 0.7068269 0.6627876 0.2440874 0.7073202 0.663415 0.2264674 0.7068387 0.670143 0.2235471 0.7073203 0.6706151 0.2042819 0.7067374 0.6773413 0.2014902 0.7073925 0.6774936 0.1797167 0.7066993 0.6843085 0.1771018 0.707429 0.6842362 0.1560588 0.7067158 0.6900713 0.1536243 0.7074295 0.6898862 0.1343772 0.7067275 0.6946071 0.1320841 0.70743 0.6943317 0.114286 0.7067361 0.6981854 0.1121048 0.7074307 0.6978354 0.09245686 0.7065955 0.7015516 0.09033757 0.7075444 0.7008708 0.06767497 0.7065269 0.7044429 0.06563178 0.7076064 0.7035522 0.04288816 0.7065265 0.7063858 0.04090292 0.7076164 0.705412 0.02308832 0.7067483 0.7070883 0.02163928 0.7072611 0.7066212 0.007671045 0.7069064 0.7072655 0.007195784 0.7070884 0.7070884 -0.1012324 -0.7071068 0.6998228 -0.1012324 -0.7071067 0.6998228 -0.05081264 -0.7061933 0.7061934 -0.05081258 -0.7061933 0.7061933 0 -0.7071068 0.7071068 0 -0.7071068 0.7071068 0.01670111 -0.7070082 -0.7070082 0.01691722 -0.7072069 -0.7068042 0.04953989 -0.7068369 -0.7056397 0.05017935 -0.7073668 -0.7050634 0.08080294 -0.7067081 -0.7028759 0.08187041 -0.7074818 -0.7019734 0.1130469 -0.7065399 -0.6985855 0.1145947 -0.707622 -0.6972368 0.1472623 -0.706435 -0.6922885 0.1478686 -0.7067901 -0.6917966 0.1800593 -0.7072145 -0.6836859 0.180376 -0.7070922 -0.6837288 0.2126573 -0.7067473 -0.6747482 0.2120418 -0.706938 -0.6747422 0.2438623 -0.7070686 -0.6637658 0.2743222 -0.7069582 -0.6518875 0.243102 -0.7072597 -0.6638412 0.30554 -0.7068267 -0.6379979 0.2753099 -0.7072124 -0.651195 0.3351841 -0.7070147 -0.6227213 0.3064557 -0.7070156 -0.637349 0.3357629 -0.7071113 -0.6222996 0.362983 -0.7069389 -0.6070261 0.3647731 -0.7071812 -0.6056694 0.3901453 -0.7068912 -0.5899928 0.3932307 -0.7072283 -0.5875353 0.4164342 -0.7068672 -0.5717703 0.42087 -0.7072558 -0.5680296 0.4430192 -0.7068186 -0.5514901 0.4474837 -0.7071807 -0.5474064 0.4696807 -0.7068835 -0.5288817 0.472763 -0.7071143 -0.5258179 0.494818 -0.7069387 -0.5053642 0.4965182 -0.7070572 -0.5035272 0.5182379 -0.7069852 -0.4812497 0.5196816 -0.7070787 -0.4795527 0.5398394 -0.7069784 -0.4568971 0.5422096 -0.7071065 -0.4538823 0.5605677 -0.7069554 -0.4312515 0.5627686 -0.7070707 -0.4281851 0.5802394 -0.7069886 -0.4043382 0.5821724 -0.7070836 -0.4013829 0.5977855 -0.7069944 -0.377904 0.6004211 -0.7071037 -0.3734955 0.6140743 -0.7069829 -0.3508389 0.6164921 -0.7070825 -0.3463693 0.6298033 -0.7069854 -0.3217443 0.631188 -0.7070491 -0.3188783 0.6447604 -0.7069876 -0.2906073 0.6580042 -0.7070111 -0.2591637 0.6451793 -0.7070087 -0.2896245 0.6689599 -0.7070208 -0.229378 0.6582201 -0.7070223 -0.2585844 0.6783479 -0.7070147 -0.1999353 0.6695979 -0.7070506 -0.2274161 0.6866109 -0.707015 -0.1693971 0.6788499 -0.7070417 -0.198128 0.6936288 -0.7070114 -0.1378916 0.6868408 -0.7070303 -0.1683982 0.6936602 -0.7070124 -0.137728 0.6991667 -0.7070194 -0.1062525 0.6992807 -0.70701 -0.105562 0.7034702 -0.7070083 -0.07258787 0.7061135 -0.7070151 -0.03915722 0.7071908 -0.7070015 -0.005478221 0.7050833 -0.7071381 -0.05304043 0.7070332 -0.7071159 0.009551696 0.7066489 -0.7070007 0.02823647 0.7045056 -0.7070053 0.0617704 0.7050568 -0.7070873 0.05405992 0.700802 -0.7070131 0.09491502 0.6956215 -0.7070088 0.127473 0.7007574 -0.7070075 0.09528542 0.6890425 -0.7070038 0.1592669 0.6940452 -0.7070975 0.1353303 0.6811701 -0.7070051 0.1901346 0.6861121 -0.7071143 0.1709955 0.6721363 -0.707005 0.2199466 0.6771582 -0.7071264 0.2035411 0.6620753 -0.7070069 0.2485913 0.6673909 -0.7071236 0.2335931 0.6511263 -0.7070085 0.2759955 0.6563979 -0.7071365 0.2628683 0.6394285 -0.7070113 0.3021027 0.643943 -0.7071306 0.2920678 0.6271073 -0.7070324 0.3268667 0.6142989 -0.707057 0.3502959 0.6297086 -0.7071242 0.3216246 0.6011706 -0.7070372 0.3724144 0.61406 -0.7070666 0.3506952 0.5877908 -0.7070181 0.393227 0.5975838 -0.7071478 0.3779359 0.5742335 -0.7070277 0.4127564 0.5798153 -0.7071752 0.4046202 0.5605569 -0.7071059 0.4310189 0.5470063 -0.7070378 0.4481981 0.5608193 -0.7071177 0.4306581 0.5406122 -0.7072079 0.4556265 0.5334814 -0.7070314 0.4642243 0.5200148 -0.7071222 0.4791271 0.5046827 -0.7070061 0.4954168 0.5204619 -0.7071425 0.4786115 0.500626 -0.7071746 0.4992772 0.4863937 -0.7069609 0.5134466 0.4675364 -0.7069663 0.5306678 0.4813058 -0.7071798 0.5179202 0.449308 -0.7069712 0.5461813 0.4625707 -0.7071831 0.5347152 0.4317332 -0.7069756 0.5601712 0.4444764 -0.7071859 0.5498444 0.4148356 -0.70698 0.5727921 0.4270386 -0.7071885 0.5634913 0.3960102 -0.7069183 0.5860397 0.4102833 -0.7071905 0.575803 0.3743334 -0.7068932 0.6001471 0.3915515 -0.7072217 0.5886636 0.3527536 -0.7069033 0.6130682 0.3700468 -0.7072392 0.6023937 0.3325268 -0.706912 0.6242606 0.348687 -0.7072423 0.6150005 0.3286653 -0.7072442 0.6259271 0.3135566 -0.7069196 0.6339929 0.2929226 -0.7068417 0.643872 0.3098861 -0.7072453 0.6354327 0.2893863 -0.7072938 0.6449737 0.269744 -0.7068126 0.6539527 0.2664096 -0.7073187 0.6547718 0.2472012 -0.7068269 0.6627876 0.2440874 -0.7073202 0.663415 0.2264675 -0.7068386 0.670143 0.223547 -0.7073203 0.6706151 0.2042819 -0.7067374 0.6773413 0.2014901 -0.7073925 0.6774936 0.1797167 -0.7066993 0.6843085 0.1771018 -0.7074291 0.6842362 0.1560588 -0.7067158 0.6900713 0.1536243 -0.7074296 0.6898863 0.1343773 -0.7067275 0.6946071 0.132084 -0.70743 0.6943318 0.114286 -0.7067361 0.6981854 0.1121048 -0.7074307 0.6978354 0.09245686 -0.7065955 0.7015516 0.09033755 -0.7075445 0.7008709 0.06767499 -0.706527 0.7044429 0.0656318 -0.7076065 0.7035522 0.04288814 -0.7065265 0.7063858 0.04090292 -0.7076164 0.705412 0.02308832 -0.7067483 0.7070883 0.02163928 -0.7072611 0.7066212 0.007671045 -0.7069064 0.7072655 0.007195784 -0.7070884 0.7070884 -0.07176733 0 0.9974214 -0.07176733 0 0.9974214 0 0 1 0 0 1</float_array>
          <technique_common>
            <accessor count="1496" source="#cubenormals-array0-array" stride="3">
              <param type="float" name="X"/>
              <param type="float" name="Y"/>
              <param type="float" name="Z"/>
            </accessor>
          </technique_common>
        </source>
        <vertices id="cubeverts-array0-vertices">
          <input semantic="POSITION" source="#cubeverts-array0"/>
        </vertices>
        <triangles count="1496" material="ref_Body">
          <input offset="0" semantic="VERTEX" source="#cubeverts-array0-vertices"/>
          <input offset="1" semantic="NORMAL" source="#cubenormals-array0"/>
          <p>0 0 1 0 2 0 2 1 3 1 0 1 0 2 4 2 1 2 3 3 5 3 0 3 0 4 6 4 4 4 5 5 7 5 0 5 0 6 8 6 6 6 7 7 9 7 0 7 0 8 10 8 8 8 9 9 11 9 0 9 0 10 12 10 10 10 11 11 13 11 0 11 0 12 14 12 12 12 13 13 15 13 0 13 0 14 16 14 14 14 15 15 17 15 0 15 0 16 18 16 16 16 17 17 19 17 0 17 0 18 20 18 18 18 19 19 21 19 0 19 21 20 22 20 0 20 22 21 23 21 0 21 23 22 24 22 0 22 24 23 25 23 0 23 0 24 26 24 27 24 25 25 26 25 0 25 26 26 28 26 27 26 28 27 29 27 27 27 29 28 30 28 27 28 30 29 31 29 27 29 31 30 32 30 27 30 32 31 33 31 27 31 33 32 34 32 27 32 34 33 35 33 27 33 35 34 36 34 27 34 36 35 37 35 27 35 37 36 38 36 27 36 38 37 39 37 27 37 39 38 40 38 27 38 40 39 41 39 27 39 41 40 42 40 27 40 42 41 43 41 27 41 43 42 44 42 27 42 44 43 45 43 27 43 45 44 46 44 27 44 46 45 47 45 27 45 47 46 48 46 27 46 48 47 49 47 27 47 49 48 50 48 27 48 50 49 51 49 27 49 51 50 52 50 27 50 52 51 53 51 27 51 54 52 55 52 56 52 56 53 55 53 57 53 57 54 55 54 58 54 58 55 55 55 59 55 59 56 55 56 60 56 60 57 55 57 61 57 61 58 55 58 62 58 62 59 55 59 63 59 63 60 55 60 64 60 64 61 55 61 65 61 65 62 55 62 66 62 66 63 55 63 67 63 67 64 55 64 68 64 68 65 55 65 69 65 69 66 55 66 70 66 70 67 55 67 71 67 71 68 55 68 72 68 72 69 55 69 73 69 73 70 55 70 74 70 74 71 55 71 75 71 75 72 55 72 76 72 76 73 55 73 77 73 77 74 55 74 78 74 78 75 55 75 79 75 79 76 55 76 80 76 80 77 55 77 81 77 81 78 55 78 82 78 83 79 84 79 85 79 85 80 84 80 86 80 86 81 84 81 87 81 87 82 84 82 88 82 88 83 84 83 89 83 89 84 84 84 90 84 90 85 84 85 91 85 91 86 84 86 92 86 92 87 84 87 93 87 93 88 84 88 94 88 94 89 84 89 95 89 95 90 84 90 96 90 96 91 84 91 97 91 97 92 84 92 98 92 98 93 84 93 99 93 99 94 84 94 100 94 100 95 84 95 101 95 101 96 84 96 102 96 102 97 84 97 103 97 103 98 84 98 104 98 104 99 84 99 105 99 105 100 84 100 106 100 106 101 84 101 107 101 107 102 84 102 108 102 108 103 84 103 109 103 109 104 84 104 110 104 55 105 84 105 82 105 82 106 84 106 111 106 111 107 84 107 83 107 84 108 27 108 112 108 84 109 112 109 113 109 84 110 113 110 114 110 84 111 114 111 115 111 84 112 115 112 110 112 112 113 27 113 116 113 116 114 27 114 117 114 117 115 27 115 118 115 118 116 27 116 119 116 119 117 27 117 120 117 120 118 27 118 53 118 0 119 55 119 121 119 0 120 121 120 122 120 0 121 122 121 123 121 0 122 123 122 124 122 0 123 124 123 125 123 0 124 125 124 126 124 0 125 126 125 20 125 121 126 55 126 127 126 127 127 55 127 128 127 128 128 55 128 129 128 129 129 55 129 54 129 84 130 130 130 27 130 27 131 130 131 131 131 131 132 130 132 132 132 132 133 133 133 134 133 130 134 133 134 132 134 134 135 135 135 136 135 133 136 135 136 134 136 136 137 137 137 138 137 135 138 137 138 136 138 138 139 139 139 140 139 137 140 139 140 138 140 140 141 141 141 142 141 139 142 141 142 140 142 142 143 143 143 144 143 141 144 143 144 142 144 144 145 145 145 146 145 143 146 145 146 144 146 146 147 147 147 148 147 145 148 147 148 146 148 148 149 149 149 150 149 147 150 149 150 148 150 150 151 151 151 152 151 149 152 151 152 150 152 152 153 153 153 154 153 151 154 153 154 152 154 154 155 155 155 156 155 153 156 155 156 154 156 156 157 157 157 158 157 155 158 157 158 156 158 158 159 159 159 160 159 157 160 159 160 158 160 160 161 161 161 162 161 159 162 161 162 160 162 162 163 163 163 164 163 161 164 163 164 162 164 164 165 165 165 166 165 163 166 165 166 164 166 165 167 167 167 166 167 166 168 167 168 168 168 168 169 169 169 170 169 167 170 169 170 168 170 169 171 171 171 170 171 170 172 171 172 172 172 171 173 173 173 172 173 172 174 173 174 174 174 173 175 175 175 174 175 174 176 175 176 176 176 175 177 177 177 176 177 176 178 177 178 178 178 177 179 179 179 178 179 178 180 179 180 180 180 180 181 181 181 182 181 179 182 181 182 180 182 181 183 183 183 182 183 182 184 183 184 184 184 184 185 185 185 186 185 183 186 185 186 184 186 185 187 187 187 186 187 186 188 187 188 188 188 187 189 189 189 188 189 188 190 189 190 190 190 189 191 191 191 190 191 190 192 191 192 192 192 191 193 193 193 192 193 192 194 193 194 194 194 193 195 195 195 194 195 194 196 195 196 196 196 196 197 197 197 198 197 195 198 197 198 196 198 197 199 199 199 198 199 198 200 199 200 200 200 200 201 201 201 202 201 199 202 201 202 200 202 201 203 203 203 202 203 202 204 203 204 204 204 203 205 205 205 204 205 204 206 205 206 206 206 205 207 207 207 206 207 206 208 207 208 208 208 207 209 209 209 208 209 208 210 209 210 210 210 209 211 211 211 210 211 210 212 211 212 212 212 212 213 213 213 214 213 211 214 213 214 212 214 213 215 215 215 214 215 423 216 216 216 55 216 55 217 216 217 84 217 217 218 218 218 0 218 217 219 0 219 27 219 219 220 55 220 0 220 219 221 220 221 55 221 112 222 116 222 221 222 221 223 116 223 222 223 222 224 117 224 223 224 223 225 117 225 224 225 116 226 117 226 222 226 117 227 118 227 224 227 224 228 119 228 225 228 225 229 119 229 226 229 118 230 119 230 224 230 119 231 120 231 226 231 226 232 53 232 227 232 120 233 53 233 226 233 227 234 52 234 228 234 228 235 52 235 229 235 53 236 52 236 227 236 52 237 51 237 229 237 229 238 50 238 230 238 51 239 50 239 229 239 230 240 49 240 231 240 50 241 49 241 230 241 49 242 48 242 231 242 231 243 48 243 232 243 232 244 48 244 233 244 48 245 47 245 233 245 47 246 46 246 233 246 233 247 46 247 234 247 46 248 45 248 234 248 234 249 45 249 235 249 235 250 44 250 236 250 236 251 44 251 237 251 45 252 44 252 235 252 44 253 43 253 237 253 237 254 42 254 238 254 43 255 42 255 237 255 238 256 41 256 239 256 239 257 41 257 240 257 42 258 41 258 238 258 41 259 40 259 240 259 240 260 39 260 241 260 40 261 39 261 240 261 241 262 38 262 242 262 39 263 38 263 241 263 242 264 37 264 243 264 38 265 37 265 242 265 243 266 36 266 244 266 37 267 36 267 243 267 244 268 35 268 245 268 36 269 35 269 244 269 245 270 34 270 246 270 35 271 34 271 245 271 246 272 33 272 247 272 34 273 33 273 246 273 247 274 32 274 248 274 33 275 32 275 247 275 248 276 31 276 249 276 249 277 31 277 250 277 32 278 31 278 248 278 31 279 30 279 250 279 250 280 29 280 251 280 30 281 29 281 250 281 251 282 28 282 252 282 29 283 28 283 251 283 252 284 26 284 253 284 28 285 26 285 252 285 253 286 25 286 254 286 26 287 25 287 253 287 254 288 24 288 255 288 25 289 24 289 254 289 255 290 23 290 256 290 24 291 23 291 255 291 256 292 22 292 257 292 23 293 22 293 256 293 257 294 21 294 258 294 258 295 21 295 259 295 22 296 21 296 257 296 21 297 19 297 259 297 259 298 19 298 260 298 19 299 17 299 260 299 17 300 15 300 260 300 260 301 15 301 261 301 15 302 13 302 261 302 261 303 13 303 262 303 13 304 11 304 262 304 262 305 11 305 263 305 11 306 9 306 263 306 263 307 9 307 264 307 9 308 7 308 264 308 264 309 7 309 265 309 7 310 5 310 265 310 265 311 5 311 266 311 5 312 3 312 266 312 266 313 3 313 267 313 267 314 3 314 268 314 3 315 2 315 268 315 268 316 1 316 269 316 2 317 1 317 268 317 269 318 4 318 270 318 1 319 4 319 269 319 270 320 6 320 271 320 271 321 6 321 272 321 4 322 6 322 270 322 6 323 8 323 272 323 272 324 10 324 273 324 273 325 10 325 274 325 8 326 10 326 272 326 10 327 12 327 274 327 274 328 14 328 275 328 275 329 14 329 276 329 12 330 14 330 274 330 14 331 16 331 276 331 276 332 18 332 277 332 16 333 18 333 276 333 277 334 20 334 278 334 278 335 20 335 279 335 18 336 20 336 277 336 20 337 126 337 279 337 279 338 125 338 280 338 126 339 125 339 279 339 280 340 124 340 281 340 125 341 124 341 280 341 281 342 123 342 282 342 124 343 123 343 281 343 123 344 122 344 282 344 282 345 122 345 283 345 283 346 122 346 284 346 122 347 121 347 284 347 284 348 121 348 285 348 121 349 127 349 285 349 127 350 128 350 285 350 285 351 128 351 286 351 286 352 128 352 287 352 128 353 129 353 287 353 287 354 129 354 288 354 129 355 54 355 288 355 288 356 54 356 289 356 54 357 56 357 289 357 56 358 57 358 289 358 289 359 57 359 290 359 290 360 57 360 291 360 57 361 58 361 291 361 58 362 59 362 291 362 291 363 59 363 292 363 59 364 60 364 292 364 292 365 60 365 293 365 293 366 60 366 294 366 60 367 61 367 294 367 61 368 62 368 294 368 294 369 62 369 295 369 62 370 63 370 295 370 295 371 63 371 296 371 63 372 64 372 296 372 296 373 64 373 297 373 297 374 64 374 298 374 64 375 65 375 298 375 65 376 66 376 298 376 298 377 66 377 299 377 66 378 67 378 299 378 299 379 67 379 300 379 300 380 67 380 301 380 67 381 68 381 301 381 68 382 69 382 301 382 301 383 69 383 302 383 69 384 70 384 302 384 302 385 70 385 303 385 303 386 71 386 304 386 70 387 71 387 303 387 304 388 71 388 305 388 71 389 72 389 305 389 305 390 73 390 306 390 72 391 73 391 305 391 306 392 74 392 307 392 73 393 74 393 306 393 307 394 75 394 308 394 74 395 75 395 307 395 75 396 76 396 308 396 308 397 76 397 309 397 76 398 77 398 309 398 309 399 77 399 310 399 77 400 78 400 310 400 310 401 78 401 311 401 78 402 79 402 311 402 311 403 79 403 312 403 312 404 79 404 313 404 79 405 80 405 313 405 80 406 81 406 313 406 313 407 81 407 314 407 81 408 82 408 314 408 314 409 82 409 315 409 82 410 111 410 315 410 315 411 111 411 316 411 111 412 83 412 316 412 316 413 83 413 317 413 83 414 85 414 317 414 317 415 85 415 318 415 85 416 86 416 318 416 318 417 86 417 319 417 86 418 87 418 319 418 319 419 87 419 320 419 320 420 88 420 321 420 87 421 88 421 320 421 321 422 89 422 322 422 88 423 89 423 321 423 322 424 90 424 323 424 89 425 90 425 322 425 323 426 91 426 324 426 90 427 91 427 323 427 324 428 92 428 325 428 325 429 92 429 326 429 91 430 92 430 324 430 92 431 93 431 326 431 326 432 94 432 327 432 93 433 94 433 326 433 327 434 95 434 328 434 94 435 95 435 327 435 328 436 96 436 329 436 95 437 96 437 328 437 329 438 97 438 330 438 96 439 97 439 329 439 330 440 98 440 331 440 97 441 98 441 330 441 331 442 99 442 332 442 98 443 99 443 331 443 99 444 100 444 332 444 332 445 100 445 333 445 100 446 101 446 333 446 333 447 101 447 334 447 101 448 102 448 334 448 334 449 102 449 335 449 102 450 103 450 335 450 335 451 103 451 336 451 103 452 104 452 336 452 336 453 104 453 337 453 337 454 105 454 338 454 104 455 105 455 337 455 338 456 106 456 339 456 105 457 106 457 338 457 339 458 107 458 340 458 340 459 107 459 341 459 106 460 107 460 339 460 107 461 108 461 341 461 341 462 109 462 342 462 108 463 109 463 341 463 342 464 110 464 343 464 109 465 110 465 342 465 343 466 115 466 344 466 110 467 115 467 343 467 344 468 114 468 345 468 115 469 114 469 344 469 345 470 113 470 346 470 346 471 113 471 221 471 114 472 113 472 345 472 113 473 112 473 221 473 347 474 84 474 216 474 347 475 130 475 84 475 348 476 133 476 130 476 348 477 130 477 347 477 349 478 133 478 348 478 349 479 135 479 133 479 350 480 135 480 349 480 350 481 137 481 135 481 409 482 137 482 350 482 409 483 139 483 137 483 351 484 139 484 409 484 351 485 141 485 139 485 352 486 141 486 351 486 352 487 143 487 141 487 353 488 143 488 352 488 353 489 145 489 143 489 411 490 147 490 145 490 411 491 145 491 353 491 354 492 147 492 411 492 354 493 149 493 147 493 355 494 149 494 354 494 355 495 151 495 149 495 356 496 151 496 355 496 357 497 151 497 356 497 357 498 153 498 151 498 412 499 153 499 357 499 412 500 155 500 153 500 413 501 157 501 155 501 413 502 155 502 412 502 414 503 159 503 157 503 414 504 157 504 413 504 415 505 161 505 159 505 415 506 159 506 414 506 358 507 163 507 161 507 358 508 161 508 415 508 359 509 165 509 163 509 359 510 163 510 358 510 360 511 167 511 165 511 360 512 165 512 359 512 361 513 169 513 167 513 361 514 167 514 360 514 362 515 171 515 169 515 362 516 169 516 361 516 363 517 173 517 171 517 363 518 171 518 362 518 364 519 173 519 363 519 416 520 175 520 173 520 416 521 177 521 175 521 416 522 173 522 364 522 365 523 177 523 416 523 365 524 179 524 177 524 417 525 179 525 365 525 417 526 181 526 179 526 366 527 181 527 417 527 366 528 183 528 181 528 418 529 183 529 366 529 418 530 185 530 183 530 419 531 185 531 418 531 419 532 187 532 185 532 420 533 187 533 419 533 420 534 189 534 187 534 367 535 189 535 420 535 367 536 191 536 189 536 421 537 191 537 367 537 421 538 193 538 191 538 422 539 193 539 421 539 422 540 195 540 193 540 424 541 195 541 422 541 424 542 197 542 195 542 368 543 197 543 424 543 368 544 199 544 197 544 369 545 199 545 368 545 370 546 199 546 369 546 370 547 201 547 199 547 370 548 203 548 201 548 425 549 203 549 370 549 425 550 205 550 203 550 426 551 205 551 425 551 426 552 207 552 205 552 371 553 207 553 426 553 371 554 209 554 207 554 371 555 211 555 209 555 372 556 211 556 371 556 372 557 213 557 211 557 427 558 213 558 372 558 427 559 215 559 213 559 373 560 215 560 427 560 27 561 473 561 217 561 131 562 473 562 27 562 131 563 472 563 473 563 132 564 472 564 131 564 132 565 474 565 472 565 134 566 474 566 132 566 134 567 374 567 474 567 136 568 374 568 134 568 136 569 375 569 374 569 138 570 375 570 136 570 138 571 376 571 375 571 140 572 376 572 138 572 140 573 377 573 376 573 142 574 377 574 140 574 142 575 378 575 377 575 144 576 378 576 142 576 146 577 379 577 144 577 144 578 379 578 378 578 146 579 380 579 379 579 148 580 380 580 146 580 148 581 381 581 380 581 150 582 381 582 148 582 150 583 382 583 381 583 150 584 383 584 382 584 152 585 383 585 150 585 152 586 384 586 383 586 154 587 384 587 152 587 156 588 385 588 154 588 154 589 385 589 384 589 158 590 386 590 156 590 156 591 386 591 385 591 160 592 387 592 158 592 158 593 387 593 386 593 162 594 476 594 160 594 160 595 476 595 387 595 164 596 388 596 162 596 162 597 388 597 476 597 166 598 477 598 164 598 164 599 477 599 388 599 168 600 389 600 166 600 166 601 389 601 477 601 170 602 390 602 168 602 168 603 390 603 389 603 172 604 478 604 170 604 170 605 478 605 390 605 172 606 391 606 478 606 174 607 392 607 172 607 176 608 392 608 174 608 172 609 392 609 391 609 176 610 393 610 392 610 178 611 393 611 176 611 178 612 394 612 393 612 180 613 394 613 178 613 180 614 479 614 394 614 182 615 479 615 180 615 182 616 480 616 479 616 184 617 480 617 182 617 184 618 395 618 480 618 186 619 395 619 184 619 186 620 396 620 395 620 188 621 396 621 186 621 188 622 397 622 396 622 190 623 397 623 188 623 190 624 481 624 397 624 192 625 481 625 190 625 192 626 398 626 481 626 194 627 398 627 192 627 194 628 482 628 398 628 196 629 482 629 194 629 196 630 399 630 482 630 198 631 399 631 196 631 198 632 400 632 399 632 198 633 401 633 400 633 200 634 401 634 198 634 202 635 401 635 200 635 202 636 402 636 401 636 204 637 402 637 202 637 204 638 484 638 402 638 206 639 484 639 204 639 206 640 403 640 484 640 208 641 403 641 206 641 210 642 403 642 208 642 210 643 404 643 403 643 212 644 404 644 210 644 212 645 405 645 404 645 214 646 405 646 212 646 214 647 406 647 405 647 215 648 407 648 408 648 215 649 408 649 214 649 55 650 220 650 423 650 216 651 348 651 347 651 216 652 349 652 348 652 216 653 350 653 349 653 216 654 409 654 350 654 216 655 351 655 409 655 410 656 352 656 351 656 410 657 353 657 352 657 410 658 411 658 353 658 410 659 354 659 411 659 410 660 355 660 354 660 410 661 356 661 355 661 410 662 357 662 356 662 410 663 412 663 357 663 410 664 413 664 412 664 410 665 414 665 413 665 410 666 415 666 414 666 410 667 358 667 415 667 410 668 359 668 358 668 410 669 360 669 359 669 410 670 361 670 360 670 410 671 362 671 361 671 410 672 363 672 362 672 410 673 364 673 363 673 410 674 416 674 364 674 410 675 365 675 416 675 410 676 417 676 365 676 410 677 366 677 417 677 410 678 418 678 366 678 410 679 419 679 418 679 410 680 420 680 419 680 410 681 367 681 420 681 410 682 421 682 367 682 410 683 422 683 421 683 410 684 216 684 423 684 410 685 351 685 216 685 704 686 424 686 422 686 704 687 368 687 424 687 704 688 369 688 368 688 704 689 370 689 369 689 704 690 425 690 370 690 704 691 426 691 425 691 704 692 422 692 410 692 704 693 371 693 426 693 704 694 372 694 371 694 704 695 427 695 372 695 704 696 373 696 427 696 705 697 546 697 373 697 705 698 373 698 704 698 733 699 546 699 705 699 733 700 706 700 546 700 428 701 706 701 733 701 429 702 706 702 428 702 429 703 430 703 706 703 431 704 430 704 429 704 431 705 432 705 430 705 732 706 432 706 431 706 731 707 432 707 732 707 731 708 707 708 432 708 433 709 707 709 731 709 433 710 708 710 707 710 434 711 708 711 433 711 435 712 436 712 708 712 435 713 708 713 434 713 437 714 438 714 436 714 437 715 436 715 435 715 439 716 440 716 438 716 439 717 438 717 437 717 441 718 440 718 439 718 442 719 443 719 440 719 442 720 440 720 441 720 730 721 444 721 443 721 730 722 443 722 442 722 729 723 444 723 730 723 728 724 709 724 444 724 728 725 444 725 729 725 727 726 445 726 709 726 727 727 709 727 728 727 718 728 446 728 447 728 726 729 445 729 727 729 448 730 718 730 447 730 449 731 448 731 447 731 449 732 447 732 450 732 719 733 449 733 450 733 719 734 451 734 717 734 719 735 450 735 451 735 452 736 719 736 717 736 452 737 717 737 716 737 453 738 452 738 716 738 453 739 716 739 715 739 454 740 453 740 715 740 454 741 715 741 714 741 455 742 454 742 714 742 455 743 714 743 456 743 457 744 458 744 445 744 457 745 445 745 726 745 720 746 455 746 456 746 720 747 456 747 713 747 459 748 720 748 713 748 459 749 713 749 460 749 725 750 458 750 457 750 725 751 461 751 458 751 462 752 459 752 460 752 462 753 460 753 712 753 463 754 462 754 712 754 463 755 712 755 464 755 465 756 461 756 725 756 721 757 463 757 464 757 721 758 464 758 466 758 724 759 461 759 465 759 724 760 467 760 461 760 468 761 721 761 466 761 468 762 466 762 469 762 723 763 467 763 724 763 723 764 710 764 467 764 470 765 468 765 469 765 471 766 470 766 469 766 471 767 469 767 711 767 722 768 710 768 723 768 722 769 471 769 711 769 722 770 711 770 710 770 219 771 0 771 218 771 472 772 217 772 473 772 474 773 217 773 472 773 374 774 217 774 474 774 375 775 217 775 374 775 376 776 217 776 375 776 377 777 475 777 376 777 378 778 475 778 377 778 379 779 475 779 378 779 380 780 475 780 379 780 381 781 475 781 380 781 382 782 475 782 381 782 383 783 475 783 382 783 384 784 475 784 383 784 385 785 475 785 384 785 386 786 475 786 385 786 387 787 475 787 386 787 476 788 475 788 387 788 388 789 475 789 476 789 477 790 475 790 388 790 389 791 475 791 477 791 390 792 475 792 389 792 478 793 475 793 390 793 391 794 475 794 478 794 392 795 475 795 391 795 393 796 475 796 392 796 394 797 475 797 393 797 479 798 475 798 394 798 480 799 475 799 479 799 395 800 475 800 480 800 396 801 475 801 395 801 397 802 475 802 396 802 481 803 475 803 397 803 398 804 475 804 481 804 217 805 475 805 218 805 376 806 475 806 217 806 482 807 483 807 398 807 399 808 483 808 482 808 400 809 483 809 399 809 401 810 483 810 400 810 402 811 483 811 401 811 484 812 483 812 402 812 398 813 483 813 475 813 403 814 483 814 484 814 404 815 483 815 403 815 405 816 483 816 404 816 406 817 483 817 405 817 485 818 486 818 406 818 406 819 486 819 483 819 485 820 487 820 486 820 735 821 487 821 485 821 735 822 488 822 487 822 735 823 489 823 488 823 490 824 489 824 735 824 490 825 491 825 489 825 492 826 491 826 490 826 492 827 493 827 491 827 492 828 494 828 493 828 495 829 494 829 492 829 495 830 496 830 494 830 497 831 496 831 495 831 497 832 498 832 496 832 736 833 749 833 497 833 497 834 749 834 498 834 499 835 500 835 736 835 736 836 500 836 749 836 501 837 502 837 499 837 499 838 502 838 500 838 501 839 748 839 502 839 737 840 503 840 501 840 501 841 503 841 748 841 738 842 747 842 737 842 737 843 747 843 503 843 738 844 746 844 747 844 739 845 504 845 738 845 738 846 504 846 746 846 740 847 745 847 739 847 739 848 745 848 504 848 505 849 506 849 507 849 740 850 744 850 745 850 506 851 508 851 507 851 508 852 509 852 507 852 507 853 509 853 510 853 509 854 511 854 510 854 512 855 511 855 513 855 510 856 511 856 512 856 511 857 514 857 513 857 513 858 514 858 515 858 514 859 516 859 515 859 515 860 516 860 517 860 516 861 518 861 517 861 517 862 518 862 519 862 518 863 520 863 519 863 519 864 520 864 521 864 741 865 522 865 740 865 740 866 522 866 744 866 520 867 523 867 521 867 521 868 523 868 524 868 523 869 525 869 524 869 524 870 525 870 526 870 741 871 743 871 522 871 742 872 743 872 741 872 525 873 527 873 526 873 526 874 527 874 528 874 527 875 529 875 528 875 528 876 529 876 530 876 742 877 531 877 743 877 529 878 532 878 530 878 530 879 532 879 533 879 742 880 534 880 531 880 535 881 534 881 742 881 532 882 536 882 533 882 533 883 536 883 537 883 535 884 538 884 534 884 539 885 538 885 535 885 536 886 540 886 537 886 540 887 541 887 537 887 537 888 541 888 542 888 539 889 543 889 538 889 541 890 543 890 542 890 542 891 543 891 539 891 220 892 219 892 544 892 545 893 220 893 544 893 332 894 330 894 331 894 334 895 336 895 333 895 335 896 336 896 334 896 328 897 326 897 327 897 329 898 326 898 328 898 330 899 325 899 329 899 332 900 325 900 330 900 329 901 325 901 326 901 333 902 338 902 332 902 337 903 338 903 336 903 336 904 338 904 333 904 325 905 323 905 324 905 340 906 341 906 339 906 339 907 342 907 338 907 325 908 342 908 323 908 332 909 342 909 325 909 338 910 342 910 332 910 341 911 342 911 339 911 321 912 319 912 320 912 344 913 345 913 343 913 322 914 317 914 321 914 321 915 317 915 319 915 319 916 317 916 318 916 323 917 316 917 322 917 342 918 316 918 323 918 322 919 316 919 317 919 346 920 222 920 345 920 221 921 222 921 346 921 345 922 222 922 343 922 315 923 313 923 314 923 316 924 313 924 315 924 224 925 227 925 223 925 225 926 227 926 224 926 226 927 227 927 225 927 310 928 308 928 309 928 311 929 308 929 310 929 223 930 229 930 222 930 228 931 229 931 227 931 227 932 229 932 223 932 343 933 229 933 342 933 222 934 229 934 343 934 342 935 229 935 316 935 308 936 306 936 307 936 311 937 305 937 308 937 308 938 305 938 306 938 312 939 305 939 311 939 313 940 305 940 312 940 316 941 305 941 313 941 230 942 232 942 229 942 231 943 232 943 230 943 229 944 232 944 316 944 232 945 304 945 316 945 316 946 304 946 305 946 233 947 235 947 232 947 234 948 235 948 233 948 303 949 301 949 302 949 235 950 236 950 232 950 303 951 299 951 301 951 301 952 299 952 300 952 237 953 238 953 236 953 303 954 298 954 299 954 238 955 239 955 236 955 298 956 296 956 297 956 298 957 295 957 296 957 240 958 242 958 239 958 241 959 242 959 240 959 232 960 242 960 304 960 236 961 242 961 232 961 239 962 242 962 236 962 304 963 242 963 303 963 298 964 294 964 295 964 242 965 243 965 303 965 294 966 292 966 293 966 244 967 245 967 243 967 298 968 291 968 294 968 294 969 291 969 292 969 245 970 246 970 243 970 246 971 247 971 243 971 291 972 289 972 290 972 298 973 289 973 291 973 298 974 288 974 289 974 298 975 287 975 288 975 249 976 250 976 248 976 252 977 253 977 251 977 253 978 254 978 251 978 283 979 281 979 282 979 284 980 281 980 283 980 285 981 281 981 284 981 285 982 280 982 281 982 286 983 280 983 285 983 287 984 280 984 286 984 250 985 257 985 248 985 254 986 257 986 251 986 248 987 257 987 247 987 251 988 257 988 250 988 255 989 257 989 254 989 256 990 257 990 255 990 257 991 279 991 247 991 287 992 279 992 280 992 303 993 279 993 298 993 243 994 279 994 303 994 247 995 279 995 243 995 298 996 279 996 287 996 259 997 260 997 258 997 278 998 276 998 277 998 279 999 276 999 278 999 261 1000 262 1000 260 1000 260 1001 262 1001 258 1001 279 1002 274 1002 276 1002 276 1003 274 1003 275 1003 262 1004 263 1004 258 1004 257 1005 273 1005 279 1005 258 1006 273 1006 257 1006 279 1007 273 1007 274 1007 273 1008 271 1008 272 1008 273 1009 270 1009 271 1009 264 1010 267 1010 263 1010 265 1011 267 1011 264 1011 266 1012 267 1012 265 1012 263 1013 267 1013 258 1013 258 1014 268 1014 273 1014 270 1015 268 1015 269 1015 273 1016 268 1016 270 1016 267 1017 268 1017 258 1017 373 1018 407 1018 215 1018 373 1019 546 1019 407 1019 485 1020 406 1020 214 1020 485 1021 214 1021 408 1021 407 1022 547 1022 408 1022 408 1023 547 1023 548 1023 548 1024 549 1024 550 1024 547 1025 549 1025 548 1025 550 1026 551 1026 552 1026 549 1027 551 1027 550 1027 552 1028 553 1028 554 1028 551 1029 553 1029 552 1029 554 1030 555 1030 556 1030 553 1031 555 1031 554 1031 556 1032 557 1032 558 1032 555 1033 557 1033 556 1033 557 1034 559 1034 558 1034 558 1035 559 1035 560 1035 560 1036 561 1036 562 1036 559 1037 561 1037 560 1037 562 1038 563 1038 564 1038 561 1039 563 1039 562 1039 564 1040 565 1040 566 1040 563 1041 565 1041 564 1041 566 1042 567 1042 568 1042 565 1043 567 1043 566 1043 568 1044 569 1044 570 1044 567 1045 569 1045 568 1045 570 1046 571 1046 572 1046 569 1047 571 1047 570 1047 572 1048 573 1048 574 1048 571 1049 573 1049 572 1049 574 1050 575 1050 576 1050 573 1051 575 1051 574 1051 576 1052 577 1052 578 1052 575 1053 577 1053 576 1053 578 1054 579 1054 580 1054 577 1055 579 1055 578 1055 580 1056 581 1056 582 1056 579 1057 581 1057 580 1057 581 1058 583 1058 582 1058 582 1059 583 1059 584 1059 583 1060 585 1060 584 1060 584 1061 585 1061 586 1061 585 1062 587 1062 586 1062 586 1063 587 1063 588 1063 587 1064 589 1064 588 1064 588 1065 589 1065 590 1065 589 1066 591 1066 590 1066 590 1067 591 1067 592 1067 591 1068 593 1068 592 1068 592 1069 593 1069 594 1069 594 1070 595 1070 596 1070 593 1071 595 1071 594 1071 596 1072 597 1072 598 1072 595 1073 597 1073 596 1073 598 1074 599 1074 600 1074 597 1075 599 1075 598 1075 599 1076 601 1076 600 1076 600 1077 601 1077 602 1077 602 1078 603 1078 604 1078 601 1079 603 1079 602 1079 604 1080 605 1080 606 1080 603 1081 605 1081 604 1081 606 1082 607 1082 608 1082 605 1083 607 1083 606 1083 608 1084 609 1084 610 1084 607 1085 609 1085 608 1085 610 1086 611 1086 612 1086 609 1087 611 1087 610 1087 612 1088 613 1088 614 1088 611 1089 613 1089 612 1089 614 1090 615 1090 616 1090 613 1091 615 1091 614 1091 616 1092 617 1092 618 1092 615 1093 617 1093 616 1093 617 1094 619 1094 618 1094 618 1095 619 1095 620 1095 620 1096 621 1096 622 1096 619 1097 621 1097 620 1097 622 1098 623 1098 624 1098 621 1099 623 1099 622 1099 624 1100 625 1100 626 1100 623 1101 625 1101 624 1101 626 1102 627 1102 628 1102 625 1103 627 1103 626 1103 628 1104 629 1104 630 1104 627 1105 629 1105 628 1105 630 1106 631 1106 632 1106 629 1107 631 1107 630 1107 632 1108 633 1108 634 1108 631 1109 633 1109 632 1109 634 1110 635 1110 636 1110 633 1111 635 1111 634 1111 635 1112 637 1112 636 1112 636 1113 637 1113 638 1113 638 1114 639 1114 640 1114 637 1115 639 1115 638 1115 639 1116 641 1116 640 1116 640 1117 641 1117 642 1117 641 1118 643 1118 642 1118 642 1119 643 1119 644 1119 643 1120 645 1120 644 1120 644 1121 645 1121 646 1121 645 1122 647 1122 646 1122 646 1123 647 1123 648 1123 648 1124 649 1124 650 1124 647 1125 649 1125 648 1125 650 1126 651 1126 652 1126 649 1127 651 1127 650 1127 651 1128 653 1128 652 1128 652 1129 653 1129 654 1129 653 1130 655 1130 654 1130 654 1131 655 1131 656 1131 655 1132 657 1132 656 1132 656 1133 657 1133 658 1133 657 1134 659 1134 658 1134 658 1135 659 1135 660 1135 660 1136 661 1136 662 1136 659 1137 661 1137 660 1137 661 1138 663 1138 662 1138 662 1139 663 1139 664 1139 663 1140 665 1140 664 1140 664 1141 665 1141 666 1141 665 1142 667 1142 666 1142 666 1143 667 1143 668 1143 667 1144 669 1144 668 1144 668 1145 669 1145 670 1145 670 1146 671 1146 672 1146 669 1147 671 1147 670 1147 671 1148 673 1148 672 1148 672 1149 673 1149 674 1149 673 1150 675 1150 674 1150 674 1151 675 1151 676 1151 675 1152 677 1152 676 1152 676 1153 677 1153 678 1153 677 1154 679 1154 678 1154 678 1155 679 1155 680 1155 679 1156 681 1156 680 1156 680 1157 681 1157 682 1157 681 1158 683 1158 682 1158 682 1159 683 1159 684 1159 683 1160 685 1160 684 1160 684 1161 685 1161 686 1161 685 1162 687 1162 686 1162 686 1163 687 1163 688 1163 687 1164 689 1164 688 1164 688 1165 689 1165 690 1165 689 1166 691 1166 690 1166 690 1167 691 1167 692 1167 691 1168 693 1168 692 1168 692 1169 693 1169 694 1169 693 1170 695 1170 694 1170 694 1171 695 1171 696 1171 695 1172 697 1172 696 1172 696 1173 697 1173 698 1173 697 1174 699 1174 698 1174 698 1175 699 1175 700 1175 699 1176 701 1176 700 1176 700 1177 701 1177 702 1177 410 1178 423 1178 220 1178 410 1179 220 1179 545 1179 545 1180 703 1180 410 1180 410 1181 703 1181 704 1181 705 1182 703 1182 701 1182 705 1183 704 1183 703 1183 546 1184 547 1184 407 1184 706 1185 547 1185 546 1185 706 1186 549 1186 547 1186 430 1187 549 1187 706 1187 430 1188 551 1188 549 1188 432 1189 551 1189 430 1189 432 1190 553 1190 551 1190 707 1191 553 1191 432 1191 707 1192 555 1192 553 1192 708 1193 555 1193 707 1193 436 1194 555 1194 708 1194 436 1195 557 1195 555 1195 438 1196 559 1196 557 1196 438 1197 557 1197 436 1197 440 1198 561 1198 559 1198 440 1199 563 1199 561 1199 440 1200 559 1200 438 1200 443 1201 565 1201 563 1201 443 1202 563 1202 440 1202 444 1203 567 1203 565 1203 444 1204 565 1204 443 1204 709 1205 567 1205 444 1205 709 1206 569 1206 567 1206 445 1207 569 1207 709 1207 445 1208 571 1208 569 1208 458 1209 571 1209 445 1209 458 1210 573 1210 571 1210 461 1211 573 1211 458 1211 461 1212 575 1212 573 1212 467 1213 575 1213 461 1213 467 1214 577 1214 575 1214 710 1215 577 1215 467 1215 710 1216 579 1216 577 1216 711 1217 579 1217 710 1217 711 1218 581 1218 579 1218 469 1219 581 1219 711 1219 469 1220 583 1220 581 1220 466 1221 583 1221 469 1221 466 1222 585 1222 583 1222 464 1223 585 1223 466 1223 464 1224 587 1224 585 1224 712 1225 587 1225 464 1225 712 1226 589 1226 587 1226 460 1227 589 1227 712 1227 460 1228 591 1228 589 1228 713 1229 591 1229 460 1229 713 1230 593 1230 591 1230 456 1231 593 1231 713 1231 456 1232 595 1232 593 1232 714 1233 597 1233 595 1233 714 1234 595 1234 456 1234 715 1235 599 1235 597 1235 715 1236 597 1236 714 1236 716 1237 601 1237 599 1237 716 1238 599 1238 715 1238 717 1239 603 1239 601 1239 717 1240 601 1240 716 1240 451 1241 605 1241 603 1241 451 1242 603 1242 717 1242 450 1243 605 1243 451 1243 447 1244 605 1244 450 1244 447 1245 607 1245 605 1245 447 1246 609 1246 607 1246 446 1247 611 1247 609 1247 446 1248 613 1248 611 1248 446 1249 609 1249 447 1249 718 1250 613 1250 446 1250 718 1251 615 1251 613 1251 448 1252 617 1252 615 1252 448 1253 615 1253 718 1253 449 1254 619 1254 617 1254 449 1255 621 1255 619 1255 449 1256 617 1256 448 1256 719 1257 623 1257 621 1257 719 1258 621 1258 449 1258 452 1259 625 1259 623 1259 452 1260 623 1260 719 1260 453 1261 627 1261 625 1261 453 1262 625 1262 452 1262 454 1263 629 1263 627 1263 454 1264 627 1264 453 1264 455 1265 631 1265 629 1265 455 1266 629 1266 454 1266 720 1267 633 1267 631 1267 720 1268 631 1268 455 1268 459 1269 635 1269 633 1269 459 1270 637 1270 635 1270 459 1271 633 1271 720 1271 462 1272 639 1272 637 1272 462 1273 637 1273 459 1273 463 1274 641 1274 639 1274 463 1275 639 1275 462 1275 721 1276 643 1276 641 1276 721 1277 641 1277 463 1277 468 1278 645 1278 643 1278 468 1279 647 1279 645 1279 468 1280 643 1280 721 1280 470 1281 647 1281 468 1281 470 1282 649 1282 647 1282 471 1283 651 1283 649 1283 471 1284 653 1284 651 1284 471 1285 649 1285 470 1285 722 1286 653 1286 471 1286 722 1287 655 1287 653 1287 723 1288 657 1288 655 1288 723 1289 655 1289 722 1289 724 1290 659 1290 657 1290 724 1291 657 1291 723 1291 465 1292 661 1292 659 1292 465 1293 659 1293 724 1293 725 1294 663 1294 661 1294 725 1295 661 1295 465 1295 457 1296 665 1296 663 1296 457 1297 663 1297 725 1297 726 1298 667 1298 665 1298 726 1299 665 1299 457 1299 727 1300 669 1300 667 1300 727 1301 667 1301 726 1301 728 1302 671 1302 669 1302 728 1303 669 1303 727 1303 729 1304 671 1304 728 1304 729 1305 673 1305 671 1305 730 1306 675 1306 673 1306 730 1307 673 1307 729 1307 442 1308 675 1308 730 1308 442 1309 677 1309 675 1309 441 1310 677 1310 442 1310 441 1311 679 1311 677 1311 439 1312 679 1312 441 1312 439 1313 681 1313 679 1313 437 1314 681 1314 439 1314 437 1315 683 1315 681 1315 435 1316 683 1316 437 1316 435 1317 685 1317 683 1317 434 1318 685 1318 435 1318 434 1319 687 1319 685 1319 433 1320 687 1320 434 1320 433 1321 689 1321 687 1321 731 1322 689 1322 433 1322 731 1323 691 1323 689 1323 732 1324 691 1324 731 1324 732 1325 693 1325 691 1325 431 1326 693 1326 732 1326 431 1327 695 1327 693 1327 429 1328 695 1328 431 1328 429 1329 697 1329 695 1329 428 1330 697 1330 429 1330 428 1331 699 1331 697 1331 733 1332 699 1332 428 1332 733 1333 701 1333 699 1333 705 1334 701 1334 733 1334 218 1335 475 1335 219 1335 219 1336 475 1336 544 1336 734 1337 544 1337 475 1337 734 1338 475 1338 483 1338 734 1339 486 1339 702 1339 483 1340 486 1340 734 1340 548 1341 485 1341 408 1341 548 1342 735 1342 485 1342 550 1343 735 1343 548 1343 550 1344 490 1344 735 1344 552 1345 490 1345 550 1345 552 1346 492 1346 490 1346 554 1347 492 1347 552 1347 554 1348 495 1348 492 1348 556 1349 495 1349 554 1349 556 1350 497 1350 495 1350 556 1351 736 1351 497 1351 558 1352 736 1352 556 1352 560 1353 499 1353 558 1353 558 1354 499 1354 736 1354 562 1355 501 1355 560 1355 564 1356 501 1356 562 1356 560 1357 501 1357 499 1357 566 1358 737 1358 564 1358 564 1359 737 1359 501 1359 568 1360 738 1360 566 1360 566 1361 738 1361 737 1361 568 1362 739 1362 738 1362 570 1363 739 1363 568 1363 570 1364 740 1364 739 1364 572 1365 740 1365 570 1365 572 1366 741 1366 740 1366 574 1367 741 1367 572 1367 574 1368 742 1368 741 1368 576 1369 742 1369 574 1369 576 1370 535 1370 742 1370 578 1371 535 1371 576 1371 578 1372 539 1372 535 1372 580 1373 539 1373 578 1373 580 1374 542 1374 539 1374 582 1375 542 1375 580 1375 582 1376 537 1376 542 1376 584 1377 537 1377 582 1377 584 1378 533 1378 537 1378 586 1379 533 1379 584 1379 586 1380 530 1380 533 1380 588 1381 530 1381 586 1381 588 1382 528 1382 530 1382 590 1383 528 1383 588 1383 590 1384 526 1384 528 1384 592 1385 526 1385 590 1385 592 1386 524 1386 526 1386 594 1387 524 1387 592 1387 594 1388 521 1388 524 1388 596 1389 521 1389 594 1389 598 1390 519 1390 596 1390 596 1391 519 1391 521 1391 600 1392 517 1392 598 1392 598 1393 517 1393 519 1393 602 1394 515 1394 600 1394 600 1395 515 1395 517 1395 604 1396 513 1396 602 1396 602 1397 513 1397 515 1397 606 1398 512 1398 604 1398 604 1399 512 1399 513 1399 606 1400 510 1400 512 1400 606 1401 507 1401 510 1401 608 1402 507 1402 606 1402 610 1403 507 1403 608 1403 612 1404 505 1404 610 1404 614 1405 505 1405 612 1405 610 1406 505 1406 507 1406 614 1407 506 1407 505 1407 616 1408 506 1408 614 1408 618 1409 508 1409 616 1409 616 1410 508 1410 506 1410 620 1411 509 1411 618 1411 622 1412 509 1412 620 1412 618 1413 509 1413 508 1413 624 1414 511 1414 622 1414 622 1415 511 1415 509 1415 626 1416 514 1416 624 1416 624 1417 514 1417 511 1417 628 1418 516 1418 626 1418 626 1419 516 1419 514 1419 630 1420 518 1420 628 1420 628 1421 518 1421 516 1421 632 1422 520 1422 630 1422 630 1423 520 1423 518 1423 634 1424 523 1424 632 1424 632 1425 523 1425 520 1425 636 1426 525 1426 634 1426 638 1427 525 1427 636 1427 634 1428 525 1428 523 1428 640 1429 527 1429 638 1429 638 1430 527 1430 525 1430 642 1431 529 1431 640 1431 640 1432 529 1432 527 1432 644 1433 532 1433 642 1433 642 1434 532 1434 529 1434 646 1435 536 1435 644 1435 648 1436 536 1436 646 1436 644 1437 536 1437 532 1437 648 1438 540 1438 536 1438 650 1439 540 1439 648 1439 652 1440 541 1440 650 1440 654 1441 541 1441 652 1441 650 1442 541 1442 540 1442 654 1443 543 1443 541 1443 656 1444 543 1444 654 1444 658 1445 538 1445 656 1445 656 1446 538 1446 543 1446 660 1447 534 1447 658 1447 658 1448 534 1448 538 1448 662 1449 531 1449 660 1449 660 1450 531 1450 534 1450 664 1451 743 1451 662 1451 662 1452 743 1452 531 1452 666 1453 522 1453 664 1453 664 1454 522 1454 743 1454 668 1455 744 1455 666 1455 666 1456 744 1456 522 1456 670 1457 745 1457 668 1457 668 1458 745 1458 744 1458 672 1459 504 1459 670 1459 670 1460 504 1460 745 1460 672 1461 746 1461 504 1461 674 1462 746 1462 672 1462 676 1463 747 1463 674 1463 674 1464 747 1464 746 1464 676 1465 503 1465 747 1465 678 1466 503 1466 676 1466 678 1467 748 1467 503 1467 680 1468 748 1468 678 1468 680 1469 502 1469 748 1469 682 1470 502 1470 680 1470 682 1471 500 1471 502 1471 684 1472 500 1472 682 1472 684 1473 749 1473 500 1473 686 1474 749 1474 684 1474 686 1475 498 1475 749 1475 688 1476 498 1476 686 1476 688 1477 496 1477 498 1477 690 1478 496 1478 688 1478 690 1479 494 1479 496 1479 692 1480 494 1480 690 1480 692 1481 493 1481 494 1481 694 1482 493 1482 692 1482 694 1483 491 1483 493 1483 696 1484 491 1484 694 1484 696 1485 489 1485 491 1485 698 1486 489 1486 696 1486 698 1487 488 1487 489 1487 700 1488 488 1488 698 1488 700 1489 487 1489 488 1489 702 1490 487 1490 700 1490 702 1491 486 1491 487 1491 545 1492 734 1492 703 1492 545 1493 544 1493 734 1493 701 1494 734 1494 702 1494 701 1495 703 1495 734 1495</p>
        </triangles>
      </mesh>
    </geometry>
    <geometry id="geometry1" name="Body001">
      <mesh>
        <source id="cubeverts-array1">
          <float_array count="9576" id="cubeverts-array1-array">-0.5167043 -0.1265041 0.2664041 -0.5162994 -0.08433732 0.2661707 -0.5179966 -0.08433732 0.2669294 -0.5186526 -0.1265041 0.267246 -0.5197609 -0.08433732 0.2676607 -0.5206862 -0.1265041 0.2680529 -0.5219046 -0.08433732 0.2684787 -0.5228055 -0.1265041 0.2688239 -0.524632 -0.08433732 0.2694198 -0.5257656 -0.1265041 0.2697952 -0.5276691 -0.08433732 0.2703526 -0.5292802 -0.1265041 0.2708084 -0.5308611 -0.08433732 0.271218 -0.5329915 -0.1265041 0.271735 -0.5342089 -0.08433732 0.2720146 -0.5369012 -0.1265041 0.2725727 -0.5383129 -0.08433732 0.2728546 -0.5424253 -0.1265041 0.2735472 -0.5435859 -0.08433732 0.2737415 -0.5490688 -0.1265041 0.2744424 -0.5495182 -0.08433732 0.2745166 -0.5558132 -0.08433732 0.2751175 -0.5561713 -0.1265041 0.2751169 -0.5636205 -0.08433732 0.2755908 -0.5634084 -1.907412 0.2769998 -0.5702953 -2 0.2791167 -0.5557982 -1.814818 0.2736996 -0.5740189 -1.938275 0.2823743 -0.5710933 -1.907412 0.2815175 -0.5726132 -1.907412 0.2819841 -0.5752075 -1.938275 0.2827018 -0.5744733 -1.907412 0.2824617 -0.5767529 -1.938275 0.2830681 -0.5788211 -1.938275 0.2834714 -0.5772109 -1.907412 0.2830179 -0.5815784 -1.938275 0.283886 -0.5806578 -1.907412 0.2835295 -0.5853732 -1.938275 0.2842801 -0.586728 -2 0.2850108 -0.5895516 -2 0.2852264 -0.5930378 -2 0.28538 -0.5858912 -1.907412 0.2840144 -0.5905891 -1.938275 0.2845753 -0.5982211 -2 0.2854326 -0.598009 -1.938275 0.2846483 -0.7126467 -1.893563 0.2692762 -0.7118223 -1.840342 0.2685779 -0.7547366 -1.840342 0.2601656 -0.5047879 -0.1054209 0.2589884 -0.503819 -0.1265041 0.2582038 -0.503285 -0.1265041 0.2577038 -0.502767 -0.1265041 0.2571983 -0.502265 -0.1265041 0.2566873 -0.501779 -0.1265041 0.2561709 -0.503449 -0.04216928 0.2574307 -0.5082971 -0.08433732 0.2616321 -0.504369 -0.1265041 0.2586981 -0.5003318 -0.1897519 0.2547489 -0.5 -3.771428e-17 0.25285 -0.4983977 -0.2529969 0.2522513 -0.6205818 -0.04216928 0.272929 -0.6100972 -0.04216928 0.274054 -0.6183761 4.224642e-17 0.273261 -0.641363 -0.028113 0.2701077 -0.6380233 4.16716e-17 0.2706722 -0.6315667 -0.04216928 0.2715193 -0.5088406 -0.1897519 0.2622075 -0.5084445 -0.1686696 0.2619185 -0.5094714 -0.1686696 0.2625884 -0.5100182 -0.1897519 0.2629535 -0.5105352 -0.1686696 0.2632444 -0.6573701 -0.028113 0.2674306 -0.6620498 4.077597e-17 0.2666386 -0.5112428 -0.1897519 0.2636816 -0.5129675 -0.1686696 0.2646166 -0.5146528 -0.1686696 0.2654767 -0.5116361 -0.1686696 0.2638861 -0.643057 -0.04216928 0.2698168 -0.6769187 -0.028113 0.2636689 -0.6881533 3.960302e-17 0.2613562 -0.6587639 -0.04216928 0.2671517 -0.5564711 -0.1628899 0.275121 -0.5603541 -0.1628899 0.2753752 -0.565238 -0.1628899 0.2755992 -0.5706124 -0.1628899 0.2757331 -0.5677906 -0.1810824 0.2756682 -0.5705037 -0.1810824 0.2757225 -0.5742031 -0.1810824 0.2757528 -0.5784772 -0.1810824 0.2757282 -0.7150811 -0.07855724 0.2548893 -0.5828708 -0.1810824 0.2756407 -0.6754992 -0.403709 0.2638029 -0.6538078 -0.3476944 0.2678598 -0.6958393 -0.3448049 0.2593364 -0.7133565 -0.5850815 0.255715 -0.6644771 -0.5968652 0.2663909 -0.6758367 -0.53719 0.2639986 -0.5576481 -0.879763 0.2760274 -0.5447927 -0.8959828 0.2743801 -0.5496559 -0.8704772 0.2751033 -0.5404449 -0.9250144 0.2735444 -0.5340334 -0.9145535 0.2719166 -0.607425 -0.926191 0.2757365 -0.6013647 -0.8999021 0.2760811 -0.6159195 -0.9006859 0.2748182 -0.5382943 -1.017217 0.2730317 -0.5526536 -1.000352 0.2757847 -0.5532313 -1.022839 0.275916 -0.5386234 -1.028461 0.2731144 -0.5535266 -1.034082 0.2759832 -0.5387897 -1.034082 0.2731562 -0.5277135 -1.050947 0.2692054 -0.527158 -1.034082 0.2690475 -0.5710074 -1.011596 0.2772737 -0.5711333 -1.017217 0.2773008 -0.5922684 -1.000352 0.2770695 -0.6169822 -0.9771998 0.2750965 -0.6455463 -0.9540471 0.271233 -0.6457202 -0.9694822 0.2712959 -0.617096 -0.9849173 0.2751263 -0.6460796 -1.000352 0.2714258 -0.7148225 -0.930894 0.2572471 -0.6664743 -0.9030375 0.2673653 -0.7148668 -0.9386117 0.2572934 -0.714957 -0.9540471 0.2573877 -0.6784662 -0.9771998 0.2655225 -0.5835072 -1.059196 0.2776072 -0.7556564 -0.930894 0.246838 -0.5602 -1.141836 0.2770846 -0.5421909 -1.141179 0.2740113 -0.5454899 -1.105481 0.2747667 -0.6275447 -1.071753 0.27445 -0.5794921 -1.088617 0.2777726 -0.5479435 -1.180542 0.2753611 -0.7704373 -0.9987717 0.2434293 -0.8006603 -0.9077405 0.2336891 -0.8021492 -1.361258 0.239752 -0.6609385 -1.077767 0.2694888 -0.6907778 -1.045075 0.2634929 -0.7423635 -1.089797 0.2518476 -0.6686053 -1.116474 0.268405 -0.6838249 -1.137922 0.265661 -0.7165163 -1.180817 0.2590173 -0.6584558 -1.161983 0.2705405 -0.6355091 -1.179503 0.2741596 -0.6111188 -1.143149 0.276637 -0.6487385 -1.19768 0.272387 -0.6927634 -1.252208 0.2648779 -0.7572881 -1.27104 0.250172 -0.681726 -1.287902 0.2674117 -0.7190302 -1.459225 0.2616445 -0.6734922 -1.471297 0.2707892 -0.6835809 -1.428351 0.2684867 -0.59462 -1.728055 0.2823595 -0.579145 -1.708367 0.2818071 -0.5926327 -1.681753 0.2819314 -0.5600257 -1.861116 0.2758893 -0.6872927 -1.667902 0.2706379 -0.6762398 -1.630997 0.2721297 -0.7207706 -1.618927 0.2634634 -0.5855981 -1.798132 0.2829405 -0.5717074 -1.781281 0.2814318 -0.5737474 -1.756977 0.281613 -0.576356 -1.823326 0.2823777 -0.5693205 -1.876548 0.2810255 -0.5677667 -1.876548 0.2804653 -0.5658294 -1.861116 0.2797875 -0.68809 -1.714204 0.2710999 -0.6582065 -1.694516 0.2758094 -0.5777485 -1.851355 0.28275 -0.5674969 -1.922844 0.2797474 -0.5661617 -1.907412 0.2792604 -0.5665014 -1.907412 0.2794691 -0.567386 -1.922844 0.2796796 -0.5676092 -1.922844 0.2798148 -0.5677227 -1.922844 0.2798818 -0.5678375 -1.922844 0.2799484 -0.566853 -1.907412 0.279674 -0.5679537 -1.922844 0.2800146 -0.5680711 -1.922844 0.2800803 -0.5681899 -1.922844 0.2801456 -0.5673403 -1.907412 0.2799412 -0.56831 -1.922844 0.2802105 -0.5684722 -1.922844 0.2802963 -0.5686576 -1.922844 0.280392 -0.5688459 -1.922844 0.2804867 -0.5679146 -1.907412 0.2802335 -0.5690374 -1.922844 0.2805804 -0.5685168 -1.907412 0.2805168 -0.5691475 -1.907412 0.280791 -0.5700335 -1.907412 0.2811423 -0.5730589 -1.938275 0.2820753 -0.5934623 -1.88222 0.2839996 -0.5980031 -1.869623 0.2838287 -0.6018785 -1.869623 0.283728 -0.6095397 -1.885056 0.283551 -0.663012 -1.836088 0.2768395 -0.6250165 -1.831834 0.2816529 -0.6561108 -1.794043 0.2773287 -0.7781666 -1.760506 0.253546 -0.8055578 -2 0.2536321 -0.8036619 -1.680665 0.2459116 -0.6636825 -1.862699 0.277087 -0.6362006 -1.887891 0.2811352 -0.6121089 -1.969138 0.2844683 -0.6048229 -2 0.2852746 -0.6149783 -2 0.2846875 -0.6207717 -1.969138 0.2837954 -0.6283866 -2 0.2834819 -0.6498127 -2 0.2809124 -0.6445703 -1.943947 0.2808363 -0.6777687 -1.946782 0.2760575 -0.6419579 -1.915919 0.2807976 -0.7143774 -2 0.2707422 -0.7558022 -1.946782 0.2621025 -0.5015516 -0.0210848 0.2551841 -0.50076 3.795607e-17 0.253939 -0.5015823 3.819341e-17 0.2550078 -0.5024672 3.842617e-17 0.2560561 -0.5034151 3.865425e-17 0.2570833 -0.5088773 -0.0210848 0.2618129 -0.5066397 3.930927e-17 0.2600332 -0.5078426 3.951752e-17 0.2609711 -0.5091101 3.972053e-17 0.2618854 -0.5095366 -0.0210848 0.2622621 -0.5104425 3.991821e-17 0.2627756 -0.5102121 -0.0210848 0.2627052 -0.5109039 -0.0210848 0.2631422 -0.5118401 4.011043e-17 0.2636413 -0.5118518 -0.0210848 0.2637152 -0.5133033 4.029709e-17 0.264482 -0.5129531 -0.0210848 0.2643464 -0.5148323 4.047808e-17 0.2652971 -0.508726 -0.06325346 0.2618624 -0.5091834 -0.08433732 0.2622332 -0.5093936 -0.06325346 0.2623111 -0.5100775 -0.06325346 0.2627537 -0.5102543 -0.08433732 0.2629208 -0.5107777 -0.06325346 0.2631901 -0.511608 -0.08433732 0.2637354 -0.5114944 -0.06325346 0.2636202 -0.5123513 -0.06325346 0.264114 -0.5146692 -0.08433732 0.2653851 -0.5131055 -0.08433732 0.2645732 -0.5086389 -0.09487914 0.261897 -0.5081827 -0.1159625 0.2616383 -0.5061159 -0.1265041 0.2601466 -0.5055175 -0.1265041 0.2596695 -0.506939 -0.1265041 0.2607735 -0.5049352 -0.1265041 0.2591867 -0.5078996 -0.1265041 0.2614661 -0.5086806 -0.1159625 0.2619778 -0.5088968 -0.1265041 0.2621451 -0.5099309 -0.1265041 0.2628103 -0.5121102 -0.1265041 0.2640984 -0.511002 -0.1265041 0.2634615 -0.514841 -0.1265041 0.2655279 -0.5132556 -0.1265041 0.2647208 -0.5888384 -0.0210848 0.275595 -0.5699808 4.282904e-17 0.2758849 -0.5798967 4.28314e-17 0.2758955 -0.5918559 4.27407e-17 0.275487 -0.6046782 4.254711e-17 0.2746152 -0.5048098 -0.147587 0.2591415 -0.5050991 -0.147587 0.2593839 -0.5039652 -0.1792108 0.2584829 -0.5012425 -0.1897519 0.255806 -0.5010089 -0.1897519 0.2555437 -0.5007792 -0.1897519 0.2552801 -0.5005535 -0.1897519 0.2550152 -0.5014801 -0.1897519 0.256067 -0.5017217 -0.1897519 0.2563266 -0.50205 -0.1897519 0.2566706 -0.5024279 -0.1897519 0.2570547 -0.5032106 -0.1897519 0.2578137 -0.5028147 -0.1897519 0.2574358 -0.5036155 -0.1897519 0.2581885 -0.5040294 -0.1897519 0.2585601 -0.5041044 -0.1792108 0.2586063 -0.5042447 -0.1792108 0.2587293 -0.5044524 -0.1897519 0.2589284 -0.5043859 -0.1792108 0.258852 -0.5045281 -0.1792108 0.2589742 -0.5046714 -0.1792108 0.2590962 -0.5048157 -0.1792108 0.2592177 -0.5050305 -0.1897519 0.2594146 -0.5050096 -0.1792108 0.2593793 -0.5057003 -0.1897519 0.2599546 -0.5063906 -0.1897519 0.2604871 -0.5071015 -0.1897519 0.2610121 -0.507833 -0.1897519 0.2615296 -0.5852767 -0.06325346 0.2756718 -0.585357 -0.08433732 0.2756439 -0.5737792 -0.08433732 0.2758234 -0.5002329 -0.2213748 0.2546979 -0.5003987 -0.2213748 0.2548979 -0.5005667 -0.2213748 0.2550973 -0.5007369 -0.2213748 0.2552958 -0.5009094 -0.2213748 0.2554937 -0.5010841 -0.2213748 0.2556907 -0.5335602 -0.152688 0.2718636 -0.5013205 -0.2213748 0.2559523 -0.5015913 -0.2213748 0.256245 -0.5018671 -0.2213748 0.2565359 -0.5021479 -0.2213748 0.2568252 -0.5024338 -0.2213748 0.2571127 -0.5028229 -0.2213748 0.2574933 -0.5032714 -0.2213748 0.2579178 -0.5037313 -0.2213748 0.2583383 -0.5338568 -0.1657798 0.2719292 -0.7146351 -0.01405657 0.2551521 -0.7163755 3.813857e-17 0.2547608 -0.7563147 3.577472e-17 0.244115 -0.591501 -0.1058368 0.2753586 -0.5217021 -0.1974032 0.2684582 -0.5249299 -0.1868621 0.2695476 -0.5347949 -0.2050544 0.2721314 -0.5341615 -0.1788714 0.2719958 -0.6123895 -0.09550304 0.273752 -0.5946641 -0.1165864 0.2751718 -0.643319 -0.1066687 0.2696755 -0.5862573 -0.1320211 0.2755655 -0.5220917 -0.2170402 0.2686014 -0.5118337 -0.2290259 0.2640396 -0.5358045 -0.2443279 0.2723411 -0.6037289 -0.1347796 0.2745082 -0.5500067 -0.1930685 0.2745226 -0.7556304 -0.03927916 0.2441832 -0.8 -3.28626e-17 0.231 -0.5965132 -0.150214 0.2750274 -0.677272 -0.09261303 0.2634744 -0.6782527 -0.1178342 0.2632346 -0.6959043 -0.1178342 0.2593882 -0.6109941 -0.1438761 0.2738415 -0.6315766 -0.1351955 0.2713904 -0.5505943 -0.2127055 0.274581 -0.6259008 -0.1494587 0.2721365 -0.5110319 -0.2949616 0.2635822 -0.5049711 -0.2908243 0.2594105 -0.5093701 -0.2781167 0.262582 -0.5691735 -0.2203566 0.2756865 -0.5897933 -0.2083708 0.2753723 -0.5913467 -0.2083708 0.2752959 -0.6149617 -0.2356587 0.2733846 -0.5934389 -0.2083708 0.2751825 -0.5698873 -0.2399933 0.2756964 -0.5629256 -0.2535659 0.2754821 -0.5500825 -0.2807106 0.2745233 -0.6563263 -0.176266 0.2674122 -0.7625698 -0.1149443 0.2420044 -0.7999438 -0.4539427 0.230771 -0.5792101 -0.2581848 0.2756988 -0.522798 -0.3327878 0.2688425 -0.5273337 -0.3032361 0.2702762 -0.5323726 -0.336925 0.2715886 -0.6351835 -0.2155403 0.2708231 -0.5186592 -0.362339 0.2672698 -0.5812603 -0.2899484 0.2756632 -0.5539252 -0.3237033 0.2749037 -0.6663497 -0.232769 0.2655249 -0.6459354 -0.205481 0.269169 -0.5666393 -0.3170925 0.2756285 -0.5259854 -0.3763263 0.2698671 -0.5559162 -0.3451992 0.2750741 -0.546438 -0.3579062 0.2741079 -0.5436456 -0.4043004 0.2737369 -0.5628355 -0.3788871 0.2755135 -0.5230598 -0.3960265 0.2689109 -0.5581777 -0.3564286 0.2752411 -0.5855131 -0.3534734 0.2755674 -0.6758816 -0.2701153 0.263628 -0.7278455 -0.2298792 0.251459 -0.6525733 -0.2902328 0.2680451 -0.52348 -0.4592623 0.2690208 -0.5330283 -0.4633991 0.2717474 -0.5283381 -0.4929475 0.2705287 -0.5278499 -0.4297132 0.270406 -0.5106156 -0.4994482 0.2629603 -0.5060475 -0.4805374 0.2597603 -0.512095 -0.4846741 0.263898 -0.5939682 -0.3871611 0.2751978 -0.6170874 -0.3505839 0.2731805 -0.6351956 -0.3682925 0.2708609 -0.626368 -0.3785914 0.2720834 -0.6118984 -0.3912981 0.2737652 -0.5983499 -0.4040047 0.2749343 -0.5857111 -0.4167111 0.2756114 -0.5460771 -0.4787643 0.2741198 -0.5586598 -0.461823 0.2753456 -0.6314438 -0.3954351 0.2714199 -0.6419093 -0.4291218 0.2699184 -0.5565016 -0.4716726 0.2752015 -0.5860093 -0.479946 0.2756777 -0.5984647 -0.4356227 0.2749615 -0.5631178 -0.4421237 0.2755743 -0.5533527 -0.4864468 0.2749491 -0.5942041 -0.4503973 0.2752523 -0.762532 -0.3419154 0.2419166 -0.5443748 -0.5120289 0.2739027 -0.5335397 -0.522723 0.2718713 -0.5567111 -0.5013347 0.2752471 -0.563716 -0.53111 0.2757032 -0.612109 -0.4545341 0.2738204 -0.5290601 -0.5631918 0.2707102 -0.5162482 -0.5441111 0.2659454 -0.5241748 -0.5334171 0.2692025 -0.6316285 -0.4586709 0.2714788 -0.6756324 -0.4669445 0.2638802 -0.7203849 -0.4008195 0.2534867 -0.6266548 -0.4734453 0.2721699 -0.7449064 -0.3993749 0.2469926 -0.5945109 -0.5097218 0.2753232 -0.6123062 -0.4990276 0.273872 -0.6317392 -0.4883333 0.2715141 -0.6422144 -0.5181089 0.2700286 -0.7332419 -0.428826 0.2502034 -0.7130471 -0.4415323 0.2553915 -0.5989099 -0.5246095 0.2750669 -0.5282855 -0.6235082 0.2704529 -0.5250341 -0.6036594 0.2694272 -0.5450637 -0.5822722 0.2740593 -0.5214618 -0.6441258 0.2680335 -0.5352703 -0.6632051 0.2722906 -0.7332828 -0.4604436 0.2502627 -0.6188718 -0.5486952 0.2732645 -0.7131242 -0.4860262 0.2554722 -0.548594 -0.6322791 0.2745916 -0.5643542 -0.6013524 0.2758406 -0.5260891 -0.6738981 0.269703 -0.5183425 -0.6845911 0.2665409 -0.531072 -0.7036699 0.271216 -0.5601162 -0.6283302 0.2756612 -0.5870302 -0.6204324 0.2759048 -0.7333365 -0.495567 0.2503405 -0.5580762 -0.6418189 0.2755443 -0.6083047 -0.5991088 0.2744691 -0.592145 -0.5764429 0.2755811 -0.6080653 -0.563988 0.2744087 -0.6009285 -0.6062167 0.2750963 -0.7265507 -0.5254058 0.2522015 -0.5744259 -0.650653 0.2761799 -0.6134267 -0.6683211 0.2741654 -0.7545652 -0.5195136 0.2446084 -0.5145093 -0.7452868 0.2641429 -0.5100603 -0.7357477 0.2610645 -0.5156747 -0.7250552 0.2649614 -0.6224506 -0.6086489 0.2729912 -0.5685596 -0.6657631 0.2761173 -0.5438607 -0.7057596 0.2739956 -0.5589307 -0.7078493 0.2757303 -0.547417 -0.7515558 0.2745943 -0.5652399 -0.679792 0.2760314 -0.5233019 -0.7473765 0.2685349 -0.5200054 -0.7692292 0.2670137 -0.6375934 -0.6325936 0.2710267 -0.5837296 -0.6880853 0.2761772 -0.5077987 -0.8281022 0.2574382 -0.5125532 -0.8402679 0.2618747 -0.5109749 -0.8693006 0.26004 -0.5049835 -0.7869025 0.2547122 -0.5084109 -0.8135854 0.2584309 -0.7693297 -0.5732977 0.2405731 -0.7407209 -0.6926426 0.2491803 -0.6017322 -0.6974597 0.2752884 -0.6685513 -0.6526102 0.2657996 -0.596179 -0.7120287 0.2757084 -0.64335 -0.7162082 0.2704391 -0.5707845 -0.7470577 0.2763712 -0.7006752 -0.6447548 0.2589524 -0.5213541 -0.8286905 0.2673972 -0.5332494 -0.817113 0.2717634 -0.529423 -0.8426196 0.2705748 -0.5843981 -0.7448087 0.2763239 -0.519942 -0.8414437 0.26663 -0.6706143 -0.6804819 0.2655034 -0.6021201 -0.7352752 0.2753811 -0.6612173 -0.6923908 0.2673227 -0.5186741 -0.8559601 0.2658524 -0.5711454 -0.7722673 0.2764488 -0.5600765 -0.7834788 0.2759797 -0.5770905 -0.7666615 0.2764912 -0.6145057 -0.781767 0.274448 -0.58489 -0.7826229 0.2764318 -0.5585113 -0.8159717 0.2759399 -0.5897233 -0.8473228 0.2765036 -0.5454869 -0.800296 0.2743707 -0.6885193 -0.7044255 0.2619175 -0.5577635 -0.832218 0.2759174 -0.5347181 -0.8820543 0.2721327 -0.5328109 -0.8948071 0.2715752 -0.5229971 -0.8936313 0.2678644 -0.5119951 -0.9685598 0.2589341 -0.5138828 -1.067812 0.2580375 -0.5679471 -0.8589001 0.2766145 -0.5755637 -0.8983344 0.2769275 -0.5549521 -0.8449712 0.2756837 -0.5252549 -0.9331238 0.2687088 -0.5183844 -0.9516939 0.2648382 -0.516345 -0.881466 0.2642048 -0.6388992 -0.8027634 0.2714691 -0.6543975 -0.7699848 0.2688495 -0.5278552 -0.9383542 0.2697756 -0.6600686 -0.7968724 0.2679774 -0.6769019 -0.7640937 0.2646159 -0.7142034 -0.8119776 0.2566001 -0.5328491 -0.9422786 0.2715259 -0.5443661 -0.9501274 0.2743691 -0.6619807 -0.8058348 0.2676754 -0.6658373 -0.8237594 0.2670546 -0.5294861 -0.9509106 0.2703595 -0.5328588 -0.9760233 0.2714732 -0.624438 -0.8355411 0.2735603 -0.5249737 -0.9638586 0.2684264 -0.5563007 -0.9116744 0.2759828 -0.5241381 -0.9735354 0.2679664 -0.5585674 -0.9242311 0.2762299 -0.6410402 -0.8495382 0.2713674 -0.6776666 -0.877532 0.2650591 -0.6295454 -0.8624274 0.2730415 -0.5144397 -1.038783 0.2598056 -0.5153691 -1.009754 0.2615352 -0.5729519 -0.9248845 0.2769875 -0.6248854 -0.8751804 0.2736885 -0.5716909 -0.9381592 0.2770076 -0.516132 -1.05938 0.2611198 -0.5190792 -1.050947 0.2639956 -0.5407651 -0.9978644 0.2736488 -0.5307706 -0.9953766 0.2707046 -0.5227471 -1.042515 0.2666449 -0.520642 -1.021918 0.2655394 -0.6448564 -0.889109 0.2709837 -0.5193821 -1.05938 0.2640941 -0.5230372 -1.050947 0.266733 -0.5854324 -0.9511729 0.2770673 -0.5658849 -0.97524 0.2769114 -0.5756334 -0.9636637 0.2771818 -0.6350302 -0.9146143 0.2725636 -0.5809916 -0.9758932 0.2772442 -0.727661 -0.8657505 0.2536424 -0.5263638 -1.074747 0.2683801 -0.755399 -0.8598599 0.2463121 -0.5369413 -1.066315 0.2726068 -0.7345447 -0.8926363 0.252093 -0.5359687 -1.078214 0.2722864 -0.5257627 -1.086647 0.267958 -0.5479546 -1.081682 0.2752188 -0.7278467 -0.905389 0.2538835 -0.5306901 -1.104824 0.2702323 -0.5249521 -1.104496 0.2673146 -0.5271335 -1.124178 0.2683653 -0.5214873 -1.115678 0.2647783 -0.5640232 -1.070439 0.2771464 -0.5608134 -1.097049 0.2769835 -0.7216595 -0.9879858 0.2560513 -0.5391891 -1.172042 0.2731285 -0.6571644 -1.058414 0.2700024 -0.5366297 -1.202904 0.2721665 -0.5317293 -1.163542 0.2703473 -0.7284611 -1.021924 0.2546808 -0.5830768 -1.142493 0.2780446 -0.5663491 -1.178974 0.2777539 -0.5436663 -1.221691 0.2743697 -0.5772803 -1.17819 0.2782096 -0.5418282 -1.242266 0.2738186 -0.5603513 -1.259265 0.2775347 -0.5613267 -1.208723 0.2774485 -0.5767881 -1.236904 0.2785187 -0.569515 -1.197543 0.2780345 -0.5968168 -1.214543 0.2780809 -0.6378996 -1.129812 0.2734787 -0.544663 -1.312485 0.2745599 -0.5374872 -1.303986 0.2719846 -0.5473187 -1.281626 0.2753004 -0.6053898 -1.253904 0.2778356 -0.6425648 -1.221477 0.2734938 -0.6395695 -1.233375 0.2740113 -0.6219996 -1.262403 0.2764104 -0.6097955 -1.273584 0.2776444 -0.6351915 -1.251223 0.274744 -0.5650129 -1.342604 0.2783864 -0.5501666 -1.351844 0.2760164 -0.5530953 -1.320985 0.2766093 -0.6529 -1.251551 0.2721687 -0.5739326 -1.337984 0.2789962 -0.5788982 -1.307124 0.2789732 -0.5716364 -1.353413 0.2789629 -0.6004237 -1.354982 0.278883 -0.5657794 -1.363411 0.2785591 -0.5556197 -1.383407 0.277221 -0.6106191 -1.308693 0.2778394 -0.5985584 -1.284764 0.2784682 -0.6070892 -1.324123 0.2782281 -0.574998 -1.369194 0.2792281 -0.5819397 -1.400757 0.2796283 -0.5532046 -1.422075 0.2767802 -0.5417879 -1.397619 0.2732074 -0.5480428 -1.390513 0.2754436 -0.6234905 -1.332622 0.2768008 -0.6505361 -1.310263 0.2730367 -0.6371959 -1.356551 0.2753483 -0.6826236 -1.35812 0.2679319 -0.6521863 -1.403895 0.2736332 -0.6245407 -1.379439 0.2770758 -0.6129528 -1.402326 0.278392 -0.6024131 -1.425213 0.2793253 -0.7371154 -1.324581 0.2558214 -0.6138795 -1.437441 0.2786114 -0.5547364 -1.530969 0.2771939 -0.5498713 -1.499409 0.2757746 -0.5618283 -1.523864 0.2787252 -0.5489323 -1.538074 0.2752389 -0.5598488 -1.562528 0.2784505 -0.7373818 -1.359689 0.256208 -0.7182721 -1.382577 0.2608523 -0.6318096 -1.448727 0.2768535 -0.5801697 -1.509653 0.280354 -0.5718846 -1.497425 0.2798174 -0.5843921 -1.470986 0.2801565 -0.6045262 -1.495441 0.2797952 -0.548397 -1.59607 0.2744353 -0.5445482 -1.583844 0.272273 -0.5484614 -1.576739 0.2747007 -0.6226466 -1.471142 0.2780847 -0.6162968 -1.479242 0.278769 -0.737657 -1.394805 0.2566071 -0.5940891 -1.515206 0.2804184 -0.6281268 -1.526314 0.2780149 -0.5893226 -1.525089 0.2805808 -0.6354891 -1.48337 0.2767252 -0.5834963 -1.547859 0.2807281 -0.5736761 -1.593399 0.2805638 -0.7581464 -1.410243 0.2519257 -0.6492999 -1.498806 0.2749928 -0.5525671 -1.646992 0.2759203 -0.548563 -1.649301 0.2735779 -0.5507658 -1.635994 0.2751547 -0.5967086 -1.559857 0.2807262 -0.7725749 -1.447153 0.2489419 -0.7454186 -1.533042 0.2568084 -0.6070793 -1.575292 0.2803629 -0.6551923 -1.557185 0.2747198 -0.630262 -1.606163 0.278574 -0.6776256 -1.510218 0.2704811 -0.5981519 -1.599781 0.2810378 -0.5619487 -1.666682 0.2790799 -0.5639641 -1.642375 0.2794851 -0.5687712 -1.664373 0.2804073 -0.7073826 -1.50217 0.2646493 -0.6797032 -1.529678 0.2703281 -0.6711854 -1.538847 0.271929 -0.5902541 -1.624269 0.2814191 -0.5800687 -1.630305 0.2812535 -0.6097923 -1.655139 0.2809662 -0.5780085 -1.653962 0.2813145 -0.5833563 -1.648757 0.2815358 -0.5664628 -1.688679 0.2801133 -0.6963624 -1.545114 0.2673881 -0.5863782 -1.659756 0.2817056 -0.5645769 -1.712984 0.2797671 -0.5631 -1.737289 0.2793792 -0.6859787 -1.588056 0.2698764 -0.6394379 -1.643068 0.277856 -0.5672903 -1.759285 0.2804766 -0.5620175 -1.761594 0.2789596 -0.5610985 -1.79805 0.278293 -0.5577253 -1.788206 0.2765556 -0.5613137 -1.785898 0.2785185 -0.6441413 -1.66152 0.2774426 -0.6322026 -1.674828 0.2790822 -0.6213117 -1.688135 0.2803712 -0.5583098 -1.837967 0.2752811 -0.5601077 -1.861116 0.2759764 -0.5583729 -1.837967 0.2753486 -0.558458 -1.837967 0.2754384 -0.560191 -1.861116 0.2760631 -0.5585554 -1.837967 0.2755388 -0.5602755 -1.861116 0.2761494 -0.5586542 -1.837967 0.2756387 -0.56039 -1.861116 0.2762639 -0.5587546 -1.837967 0.2757382 -0.5605214 -1.861116 0.2763918 -0.5588909 -1.837967 0.2758699 -0.5606556 -1.861116 0.2765189 -0.5590477 -1.837967 0.276017 -0.5607925 -1.861116 0.276645 -0.5609323 -1.861116 0.2767702 -0.5592623 -1.837967 0.2762114 -0.5610748 -1.861116 0.2768945 -0.5595114 -1.837967 0.2764275 -0.5612692 -1.861116 0.2770588 -0.5598563 -1.837967 0.2767114 -0.5617253 -1.861116 0.2774223 -0.5614941 -1.861116 0.2772416 -0.5654241 -1.806475 0.2799559 -0.5602621 -1.837967 0.277025 -0.5622905 -1.861116 0.2778357 -0.5619631 -1.861116 0.2776009 -0.5626729 -1.861116 0.2780951 -0.5632065 -1.861116 0.2784333 -0.5631804 -1.819072 0.279026 -0.5905599 -1.75236 0.2826159 -0.6131393 -1.747743 0.2817105 -0.6220703 -1.711286 0.2805508 -0.6335657 -1.72113 0.2794391 -0.5977778 -1.772938 0.2827626 -0.5646555 -1.868832 0.2791216 -0.5638398 -1.861116 0.2788031 -0.5701523 -1.842221 0.2812946 -0.5640526 -1.833087 0.2792758 -0.5648528 -1.868832 0.2792263 -0.5647396 -1.861116 0.2792782 -0.5650786 -1.868832 0.2793427 -0.6459605 -1.730974 0.2779911 -0.6958628 -1.756251 0.2702711 -0.7598827 -1.649796 0.2554732 -0.5709553 -1.856235 0.2815138 -0.7401562 -1.674284 0.260232 -0.5665887 -1.89198 0.2797826 -0.5663946 -1.89198 0.2796824 -0.5652229 -1.915128 0.2783619 -0.5637181 -1.907412 0.2773247 -0.56388 -1.907412 0.2774848 -0.5640464 -1.907412 0.2776435 -0.5642177 -1.907412 0.2778006 -0.5643936 -1.907412 0.2779561 -0.5645744 -1.907412 0.2781101 -0.56476 -1.907412 0.2782625 -0.563561 -1.907412 0.277163 -0.5653151 -1.915128 0.2784371 -0.5672764 -1.922844 0.2796114 -0.5654085 -1.915128 0.2785118 -0.5649506 -1.907412 0.2784133 -0.5655032 -1.915128 0.2785862 -0.5652122 -1.907412 0.2786118 -0.5655173 -1.907412 0.2788317 -0.5658337 -1.907412 0.2790479 -0.6493173 -1.751997 0.2777809 -0.6331549 -1.770893 0.2800593 -0.6032258 -1.814983 0.2830448 -0.7403879 -1.697435 0.260568 -0.5668326 -1.938275 0.2788312 -0.5695816 -1.93056 0.2807449 -0.5696455 -1.93056 0.2807755 -0.5721519 -1.938275 0.2817597 -0.7191776 -1.737355 0.2655599 -0.753983 -1.760506 0.2587959 -0.6102111 -1.850729 0.2830936 -0.5710588 -1.953707 0.2811619 -0.57061 -1.969138 0.2806414 -0.5704103 -1.969138 0.2805139 -0.5708147 -1.969138 0.2807674 -0.571239 -1.969138 0.2810146 -0.5710244 -1.969138 0.2808918 -0.5714587 -1.969138 0.2811357 -0.5716835 -1.969138 0.2812553 -0.5719135 -1.969138 0.2813732 -0.5721487 -1.969138 0.2814895 -0.5711812 -1.953707 0.2812211 -0.5701688 -1.984569 0.2798281 -0.5705386 -2 0.2794018 -0.5707981 -2 0.2796815 -0.5710742 -2 0.2799557 -0.5713673 -2 0.2802243 -0.5733978 -1.953707 0.2821353 -0.5703263 -1.984569 0.2799641 -0.5716777 -2 0.2804873 -0.5704883 -1.984569 0.2800986 -0.5740308 -1.953707 0.2823513 -0.5748491 -1.953707 0.282607 -0.5963362 -1.896234 0.2841592 -0.6822469 -1.817193 0.2735039 -0.5753712 -1.984569 0.2827 -0.5754828 -2 0.2826518 -0.5748327 -2 0.282376 -0.5762596 -2 0.2829481 -0.5770857 -2 0.2832292 -0.5757929 -1.984569 0.2828455 -0.5763749 -1.984569 0.2830333 -0.5779623 -2 0.283495 -0.5770573 -1.984569 0.2832363 -0.578891 -2 0.2837451 -0.5798728 -2 0.2839792 -0.5812668 -2 0.2842659 -0.5829548 -2 0.284553 -0.5847737 -2 0.2848017 -0.6169772 -1.927097 0.2835604 -0.67363 -1.904741 0.276119 -0.5048506 -0.0210848 0.2586262 -0.5050428 -0.04216928 0.2589208 -0.5044956 -0.04216928 0.2584297 -0.5044262 3.887753e-17 0.2580888 -0.505501 3.909591e-17 0.2590723 -0.5039643 -0.04216928 0.257933 -0.5087141 -0.03162708 0.2617412 -0.5190515 -0.01054244 0.2672813 -0.5164276 4.065329e-17 0.2660862 -0.5180892 4.082261e-17 0.2668487 -0.5204089 4.103903e-17 0.2678234 -0.520374 -0.01054244 0.2678235 -0.5217346 -0.01054244 0.26835 -0.5231614 4.126942e-17 0.268861 -0.5260664 4.148562e-17 0.2698347 -0.5291249 4.168726e-17 0.2707427 -0.532338 4.187396e-17 0.2715836 -0.5084204 -0.05271141 0.2616146 -0.5193666 -0.07379543 0.2674916 -0.5210147 -0.05271141 0.2681205 -0.52072 -0.07379543 0.2680269 -0.5664451 -0.03162708 0.2757526 -0.5563481 4.268578e-17 0.2752397 -0.5629797 4.277788e-17 0.2756544 -0.5088892 -0.1370456 0.2621611 -0.5087473 -0.1581284 0.2621042 -0.5244157 -0.1606788 0.2693772 -0.5245411 -0.1672247 0.2694193 -0.5165193 -0.1686696 0.2663546 -0.5175674 -0.188307 0.2668267 -0.5002468 -0.237186 0.2547343 -0.5004131 -0.237186 0.2549342 -0.5006028 -0.237186 0.2551583 -0.5007954 -0.237186 0.2553814 -0.5074666 -0.2252003 0.2613056 -0.5076017 -0.2350187 0.2614054 -0.5121593 -0.2486624 0.2642241 -0.500265 -0.286687 0.2547526 -0.5013016 -0.2719108 0.255955 -0.5227119 -0.2464951 0.2688212 -0.5166778 -0.2668539 0.2664547 -0.5254789 -0.2555909 0.2697253 -0.5063862 -0.307669 0.2605098 -0.6166172 -0.1786742 0.2732268 -0.5314256 -0.2737823 0.2713611 -0.5184764 -0.2990988 0.26722 -0.5146497 -0.3286507 0.2654908 -0.5078984 -0.3245135 0.2615813 -0.5025153 -0.3203763 0.2571614 -0.6121153 -0.1932818 0.2736959 -0.6260063 -0.1876099 0.2720955 -0.5095075 -0.3413578 0.2626238 -0.7057831 -0.1456055 0.2570445 -0.7129932 -0.1736973 0.2552647 -0.5130166 -0.3750458 0.2646175 -0.5081671 -0.3877525 0.2616647 -0.5007969 -0.4131656 0.2549422 -0.4998314 -0.5059489 0.252787 -0.690282 -0.2030729 0.2605678 -0.5161201 -0.3820394 0.2661484 -0.6017204 -0.2794554 0.2746147 -0.6844669 -0.2176802 0.2618323 -0.5149163 -0.3918895 0.2655667 -0.612829 -0.2742089 0.2736073 -0.6437292 -0.2528871 0.2695123 -0.5137564 -0.4017396 0.2649714 -0.5203124 -0.4157264 0.2678943 -0.6140511 -0.2900906 0.2734826 -0.5105393 -0.4312893 0.2631075 -0.5900861 -0.3338383 0.2753677 -0.5086125 -0.4509887 0.2618031 -0.5153512 -0.4551255 0.2656903 -0.5013435 -0.4764007 0.2551371 -0.5032346 -0.4468519 0.2574062 -0.5309891 -0.4100134 0.2712516 -0.5103066 -0.4678315 0.2628665 -0.5025605 -0.4932432 0.2563934 -0.5043784 -0.5026985 0.2581653 -0.5629618 -0.4105058 0.2755408 -0.5438185 -0.4359185 0.2737762 -0.5020264 -0.5357241 0.2553805 -0.5028128 -0.5154895 0.2564813 -0.5065353 -0.5250301 0.2599189 -0.5195153 -0.4888109 0.2675031 -0.7168812 -0.3060158 0.2542695 -0.5185873 -0.4961979 0.267104 -0.5196586 -0.5036418 0.2675421 -0.5124017 -0.514336 0.2639891 -0.51101 -0.5345706 0.2630801 -0.5218705 -0.5185295 0.268391 -0.5097272 -0.554805 0.2621493 -0.5030479 -0.6059663 0.2557446 -0.5045786 -0.5654988 0.2578635 -0.5446982 -0.547151 0.2739762 -0.5325217 -0.5830412 0.2716274 -0.5219438 -0.5838102 0.2683327 -0.5171915 -0.6143528 0.2662136 -0.5158477 -0.6044283 0.2655747 -0.5185752 -0.6242772 0.2668365 -0.5107518 -0.6250461 0.2624676 -0.5157253 -0.634586 0.2654047 -0.5844228 -0.5475491 0.2758392 -0.6698221 -0.4871797 0.2650828 -0.5664717 -0.5793576 0.2758852 -0.6757272 -0.5020677 0.2639351 -0.5119946 -0.6952839 0.2628535 -0.507008 -0.7059766 0.2586902 -0.5109725 -0.7155159 0.2619668 -0.5057837 -0.7464401 0.2567199 -0.6347227 -0.5804267 0.271297 -0.5226661 -0.7143625 0.2683616 -0.5071311 -0.7613253 0.2579852 -0.5342487 -0.7494661 0.2720482 -0.532099 -0.7603926 0.2714742 -0.5117258 -0.8077966 0.2616058 -0.509573 -0.7944552 0.2599127 -0.5157829 -0.8020078 0.2645297 -0.51461 -0.8147613 0.2636659 -0.5112578 -0.8141734 0.2611381 -0.5108359 -0.8214318 0.260673 -0.5346041 -0.7683734 0.2721359 -0.5240849 -0.7851907 0.2687482 -0.7335689 -0.6090267 0.2506776 -0.5236594 -0.8095604 0.2685007 -0.5339 -0.7927433 0.2719493 -0.5165754 -0.8344792 0.2647704 -0.5159905 -0.8408558 0.2643482 -0.5144523 -0.8626304 0.2630723 -0.5260292 -0.8690073 0.269278 -0.5410688 -0.8437953 0.2736218 -0.6268215 -0.7526301 0.2729204 -0.7073737 -0.7283687 0.2577658 -0.514827 -0.9601268 0.2620002 -0.5227394 -0.945024 0.2674429 -0.5234749 -0.9513023 0.2677751 -0.5164354 -0.9855626 0.2629399 -0.5183529 -1.00616 0.2641314 -0.5219052 -1.002565 0.266534 -0.5171826 -1.030351 0.2627835 -0.5181205 -1.040649 0.2633941 -0.5475728 -0.9756316 0.274976 -0.5293282 -1.009891 0.2701011 -0.5162889 -1.063596 0.2611745 -0.5188804 -1.077229 0.2633481 -0.5170427 -1.107177 0.2607335 -0.5173579 -1.091745 0.2615468 -0.5205223 -1.146541 0.2632888 -0.5492266 -1.068377 0.2754186 -0.5234651 -1.13536 0.2659356 -0.537524 -1.105153 0.2727271 -0.5255209 -1.155041 0.2670548 -0.5284108 -1.225266 0.2679524 -0.5340211 -1.132679 0.2714557 -0.6845754 -1.011138 0.2645268 -0.5230751 -1.247627 0.2628839 -0.5265309 -1.348706 0.2627636 -0.5321462 -1.214085 0.2701765 -0.606313 -1.109214 0.2768198 -0.5351651 -1.223479 0.2714866 -0.5345044 -1.233766 0.2711364 -0.5338909 -1.244053 0.2707799 -0.5264379 -1.317847 0.2640827 -0.5267109 -1.286987 0.2653946 -0.6037017 -1.178847 0.2774458 -0.5493407 -1.261052 0.2757516 -0.5401874 -1.262839 0.2732351 -0.5282565 -1.337526 0.2653423 -0.5337039 -1.315166 0.2699727 -0.5359593 -1.334845 0.2709869 -0.530637 -1.326346 0.2677519 -0.5315189 -1.295487 0.2689178 -0.5296213 -1.380269 0.2652175 -0.529441 -1.360934 0.2657548 -0.5615717 -1.294375 0.2778121 -0.5778248 -1.272015 0.278742 -0.5424526 -1.343345 0.2737531 -0.5353513 -1.350275 0.270473 -0.5419684 -1.351059 0.2735424 -0.5374301 -1.366056 0.2714239 -0.5431495 -1.35895 0.273943 -0.537053 -1.385391 0.2709899 -0.5329431 -1.373163 0.2685014 -0.5367882 -1.404725 0.2705544 -0.5334212 -1.450499 0.2665721 -0.5329755 -1.411831 0.2675263 -0.5429315 -1.629612 0.2688919 -0.6499536 -1.275153 0.2728262 -0.5437739 -1.457328 0.273631 -0.5480081 -1.439702 0.2753367 -0.5512917 -1.460743 0.2762932 -0.5659449 -1.411416 0.2788063 -0.5452562 -1.467849 0.2741936 -0.5404551 -1.474954 0.2716934 -0.5567938 -1.443117 0.2775792 -0.5673484 -1.446531 0.2791253 -0.5467667 -1.478369 0.2747385 -0.55469 -1.481783 0.277177 -0.544856 -1.487182 0.2738698 -0.690594 -1.317422 0.2659627 -0.5831476 -1.435872 0.2798885 -0.5677789 -1.476385 0.2793235 -0.5596368 -1.498417 0.2782572 -0.5443403 -1.54518 0.2729001 -0.5408826 -1.552285 0.270217 -0.5443904 -1.564512 0.2725834 -0.5417144 -1.590949 0.2695285 -0.5434176 -1.606728 0.2706223 -0.5454907 -1.639456 0.2713443 -0.5462293 -1.632803 0.2722429 -0.5455823 -1.65161 0.2709073 -0.5618758 -1.602452 0.2789601 -0.5535352 -1.569633 0.2767729 -0.556643 -1.639184 0.2775833 -0.5529986 -1.611505 0.2763951 -0.5521715 -1.659146 0.2755817 -0.5563406 -1.66899 0.2773454 -0.5576744 -1.644684 0.2779008 -0.5518665 -1.671299 0.2752377 -0.5484454 -1.673607 0.2727904 -0.5486509 -1.697913 0.2720012 -0.7383152 -1.474662 0.2575617 -0.5591339 -1.715293 0.2781396 -0.558673 -1.727445 0.2778849 -0.5548066 -1.717601 0.2761509 -0.7140406 -1.56055 0.2640393 -0.5578417 -1.763902 0.2770936 -0.5546749 -1.76621 0.2749102 -0.5550897 -1.790514 0.2742965 -0.5577412 -1.776054 0.2768249 -0.5564904 -1.801512 0.2751751 -0.5575797 -1.826393 0.2751069 -0.5577273 -1.826393 0.27526 -0.5578976 -1.826393 0.2754309 -0.5659445 -1.783589 0.2801542 -0.5615208 -1.82852 0.2780667 -0.5619785 -1.835527 0.2782028 -0.5628658 -1.864974 0.2781289 -0.563149 -1.876548 0.278017 -0.56322 -1.876548 0.2780681 -0.5633007 -1.876548 0.2781253 -0.563382 -1.876548 0.2781824 -0.5634641 -1.876548 0.2782392 -0.5635468 -1.876548 0.2782957 -0.5636304 -1.876548 0.278352 -0.5637429 -1.876548 0.2784267 -0.5649253 -1.899696 0.2786298 -0.5650302 -1.899696 0.2787033 -0.5651364 -1.899696 0.2787764 -0.5652438 -1.899696 0.2788491 -0.5653526 -1.899696 0.2789213 -0.5886698 -1.833169 0.2833917 -0.6168724 -1.792938 0.2819306 -0.5680448 -1.934417 0.2798302 -0.5688233 -1.945991 0.2800535 -0.5726152 -1.984569 0.2814985 -0.5743695 -2 0.2821616 -0.5739267 -2 0.2819409 -0.5721353 -1.992285 0.2810571 -0.5720059 -2 0.2807445 -0.5723523 -2 0.2809958 -0.5727172 -2 0.2812412 -0.5731009 -2 0.2814806 -0.573504 -2 0.2817138 -0.7154169 -1.788849 0.2670918 -0.514329 -0.04216928 0.2651347 -0.5141796 -0.05271141 0.2650792 -0.5402497 -0.028113 0.2732271 -0.5357068 4.204537e-17 0.2723555 -0.5392324 4.220109e-17 0.2730568 -0.5441789 4.238371e-17 0.2738792 -0.5500825 4.255397e-17 0.274646 -0.5407776 -0.04216928 0.273312 -0.5313492 -0.06852445 0.2713404 -0.5416934 -0.05622544 0.2734586 -0.5159118 -0.1488623 0.2660616 -0.515842 -0.1594036 0.2660377 -0.5038986 -0.2361023 0.2584993 -0.5040777 -0.2508297 0.2586631 -0.5009418 -0.2519133 0.2555564 -0.5005031 -0.2592769 0.2550511 -0.5030302 -0.2655569 0.2577119 -0.507814 -0.249746 0.261557 -0.5071867 -0.2571097 0.2611177 -0.5049547 -0.2750138 0.2594052 -0.5030611 -0.2971781 0.2577222 -0.5118996 -0.3033839 0.2640711 -0.5057447 -0.3308671 0.2599887 -0.5156154 -0.3370728 0.2659481 -0.5040981 -0.4004591 0.2584325 -0.5063515 -0.4074526 0.2602897 -0.5051025 -0.4222275 0.2592285 -0.506583 -0.4390706 0.2603638 -0.5065066 -0.4573418 0.2602335 -0.5183688 -0.4305012 0.2670938 -0.5053092 -0.4721161 0.2591826 -0.5163566 -0.4635469 0.2661566 -0.5018964 -0.5043237 0.2555449 -0.5080714 -0.5085173 0.2611961 -0.506006 -0.5351474 0.2594117 -0.5055035 -0.5452646 0.2588999 -0.5160447 -0.5265501 0.2658875 -0.5170593 -0.5339938 0.2663542 -0.50802 -0.5700767 0.2608238 -0.5069779 -0.5903105 0.2598427 -0.5120555 -0.5746545 0.2635646 -0.5197322 -0.5689232 0.2674679 -0.5065298 -0.6155062 0.2592411 -0.5169523 -0.7048232 0.2657612 -0.5162995 -0.7149393 0.2653637 -0.5096452 -0.7458635 0.260608 -0.5104445 -0.7533061 0.2611894 -0.5088968 -0.7660948 0.2596852 -0.5067318 -0.7764987 0.2572585 -0.5110101 -0.7780659 0.2613732 -0.5076339 -0.7824842 0.2581603 -0.5070785 -0.7906788 0.2573814 -0.5138686 -0.767662 0.2635672 -0.5151285 -0.7736476 0.264331 -0.5168801 -0.7816283 0.2653195 -0.5208043 -0.8752367 0.2668806 -0.5143885 -0.9698036 0.2614232 -0.5172048 -0.9710475 0.2637639 -0.5207965 -0.9674531 0.2661998 -0.5199564 -0.979549 0.2655663 -0.5246498 -1.015905 0.2679387 -0.5161507 -1.072521 0.2607755 -0.5160911 -1.076983 0.2605755 -0.5186686 -1.086154 0.2629722 -0.5223053 -1.075988 0.2659769 -0.5220813 -1.081938 0.2657455 -0.521921 -1.0864 0.2655712 -0.5208154 -1.09812 0.2645599 -0.5282535 -1.134019 0.2688758 -0.5293929 -1.14386 0.2693764 -0.5253964 -1.236446 0.2655148 -0.6317805 -1.093491 0.2740557 -0.5276688 -1.24584 0.2671135 -0.5272283 -1.26127 0.2664744 -0.5292501 -1.28095 0.2676197 -0.5323302 -1.274913 0.2696769 -0.5286382 -1.306667 0.2665928 -0.5390848 -1.278269 0.2727783 -0.5284 -1.322096 0.2659694 -0.5296287 -1.316506 0.2671772 -0.5282099 -1.349098 0.2648704 -0.5302328 -1.34949 0.2668621 -0.5387023 -1.313826 0.2724424 -0.5328091 -1.342168 0.2690107 -0.5326098 -1.349882 0.2687319 -0.5311407 -1.376716 0.266902 -0.5329115 -1.38283 0.2682564 -0.5329066 -1.392497 0.2680121 -0.542084 -1.387952 0.2733936 -0.5359948 -1.418799 0.2697787 -0.5359685 -1.438133 0.2693367 -0.5394967 -1.425767 0.2718374 -0.545621 -1.423921 0.2745718 -0.5378493 -1.453914 0.2703723 -0.5366495 -1.462727 0.2692568 -0.5486392 -1.557407 0.2749692 -0.5430015 -1.587396 0.270938 -0.548536 -1.567073 0.2748347 -0.5456059 -1.601399 0.2726168 -0.5449815 -1.612841 0.2718232 -0.5437944 -1.621227 0.2703936 -0.5465101 -1.604456 0.273173 -0.5444319 -1.631207 0.2706195 -0.5485175 -1.612173 0.2742688 -0.5477231 -1.624417 0.2735605 -0.5544051 -1.599261 0.2769671 -0.5483364 -1.634398 0.2737565 -0.5469497 -1.650455 0.2722815 -0.5499657 -1.696758 0.2733077 -0.5536006 -1.682297 0.2760157 -0.5514744 -1.707757 0.2741864 -0.5515201 -1.695604 0.2745389 -0.5550533 -1.705448 0.2764569 -0.5562941 -1.78936 0.2754612 -0.5566873 -1.810626 0.2749629 -0.557855 -1.806434 0.2761535 -0.5588411 -1.816945 0.2765858 -0.557167 -1.815881 0.2751955 -0.5593195 -1.802242 0.2772656 -0.5603311 -1.812753 0.2776664 -0.5595485 -1.827456 0.2768041 -0.5608392 -1.818008 0.2778647 -0.5631754 -1.89198 0.2775099 -0.5655964 -1.876548 0.2794971 -0.5640786 -1.903554 0.2778361 -0.5703151 -1.942133 0.2809513 -0.5305599 -0.05446843 0.2711385 -0.5615757 -0.05973945 0.2755162 -0.5116007 -0.2619818 0.2639146 -0.5033459 -0.4103091 0.2576945 -0.5143867 -0.5618641 0.2649454 -0.5055673 -0.6055818 0.2584445 -0.5085361 -0.6051973 0.260989 -0.5110753 -0.5973694 0.2628386 -0.5125635 -0.6097751 0.2637177 -0.5234788 -0.7042466 0.2687062 -0.5129101 -0.7880417 0.2627246 -0.5249802 -0.9874628 0.2682932 -0.5352844 -1.14252 0.2718896 -0.5251738 -1.246733 0.2650651 -0.5302415 -1.252661 0.2687251 -0.5349769 -1.286878 0.2709506 -0.5303749 -1.339847 0.2672341 -0.5409207 -1.414323 0.2726841 -0.5354542 -1.452206 0.2685364 -0.5395985 -1.447731 0.271599 -0.5435401 -1.596174 0.2711212 -0.5537898 -1.559967 0.2768795 -0.5456031 -1.622822 0.2720323 -0.550833 -1.677952 0.2744764 -0.559321 -1.685488 0.2783208 -0.5600043 -1.697064 0.2785089 -0.5593999 -1.709216 0.2782646 -0.5646434 -1.89198 0.2786421 -0.5160948 -0.5905898 0.2657438 -0.5348506 -1.25775 0.2711252 -0.5434398 -1.443716 0.2735897 -0.5162994 0.08433732 0.2661707 -0.5167043 0.1265041 0.2664041 -0.5179966 0.08433732 0.2669294 -0.5186526 0.1265041 0.267246 -0.5197609 0.08433732 0.2676607 -0.5206862 0.1265041 0.2680529 -0.5219046 0.08433732 0.2684787 -0.5228055 0.1265041 0.2688239 -0.524632 0.08433732 0.2694198 -0.5257656 0.1265041 0.2697952 -0.5276691 0.08433732 0.2703526 -0.5292802 0.1265041 0.2708084 -0.5308611 0.08433732 0.271218 -0.5329915 0.1265041 0.271735 -0.5342089 0.08433732 0.2720146 -0.5369012 0.1265041 0.2725727 -0.5383129 0.08433732 0.2728546 -0.5424253 0.1265041 0.2735472 -0.5435859 0.08433732 0.2737415 -0.5490688 0.1265041 0.2744424 -0.5495182 0.08433732 0.2745166 -0.5558132 0.08433732 0.2751175 -0.5561713 0.1265041 0.2751169 -0.5636205 0.08433732 0.2755908 -0.5702953 2 0.2791167 -0.5634084 1.907412 0.2769998 -0.5557982 1.814818 0.2736996 -0.5710933 1.907412 0.2815175 -0.5740189 1.938275 0.2823743 -0.5726132 1.907412 0.2819841 -0.5752075 1.938275 0.2827018 -0.5744733 1.907412 0.2824617 -0.5767529 1.938275 0.2830681 -0.5788211 1.938275 0.2834714 -0.5772109 1.907412 0.2830179 -0.5815784 1.938275 0.283886 -0.5806578 1.907412 0.2835295 -0.586728 2 0.2850108 -0.5853732 1.938275 0.2842801 -0.5895516 2 0.2852264 -0.5930378 2 0.28538 -0.5858912 1.907412 0.2840144 -0.5905891 1.938275 0.2845753 -0.5982211 2 0.2854326 -0.598009 1.938275 0.2846483 -0.7118223 1.840342 0.2685779 -0.7126467 1.893563 0.2692762 -0.7547366 1.840342 0.2601656 -0.503819 0.1265041 0.2582038 -0.5047879 0.1054209 0.2589884 -0.503285 0.1265041 0.2577038 -0.502767 0.1265041 0.2571983 -0.502265 0.1265041 0.2566873 -0.501779 0.1265041 0.2561709 -0.503449 0.04216928 0.2574307 -0.5082971 0.08433732 0.2616321 -0.504369 0.1265041 0.2586981 -0.5003318 0.1897519 0.2547489 -0.4983977 0.2529969 0.2522513 -0.6100972 0.04216928 0.274054 -0.6205818 0.04216928 0.272929 -0.641363 0.028113 0.2701077 -0.6315667 0.04216928 0.2715193 -0.5084445 0.1686696 0.2619185 -0.5088406 0.1897519 0.2622075 -0.5094714 0.1686696 0.2625884 -0.5100182 0.1897519 0.2629535 -0.5105352 0.1686696 0.2632444 -0.6573701 0.028113 0.2674306 -0.5112428 0.1897519 0.2636816 -0.5129675 0.1686696 0.2646166 -0.5146528 0.1686696 0.2654767 -0.5116361 0.1686696 0.2638861 -0.643057 0.04216928 0.2698168 -0.6769187 0.028113 0.2636689 -0.6587639 0.04216928 0.2671517 -0.5564711 0.1628899 0.275121 -0.5603541 0.1628899 0.2753752 -0.565238 0.1628899 0.2755992 -0.5706124 0.1628899 0.2757331 -0.5677906 0.1810824 0.2756682 -0.5705037 0.1810824 0.2757225 -0.5742031 0.1810824 0.2757528 -0.5784772 0.1810824 0.2757282 -0.7150811 0.07855724 0.2548893 -0.5828708 0.1810824 0.2756407 -0.6538078 0.3476944 0.2678598 -0.6754992 0.403709 0.2638029 -0.6958393 0.3448049 0.2593364 -0.6644771 0.5968652 0.2663909 -0.7133565 0.5850815 0.255715 -0.6758367 0.53719 0.2639986 -0.5447927 0.8959828 0.2743801 -0.5576481 0.879763 0.2760274 -0.5496559 0.8704772 0.2751033 -0.5340334 0.9145535 0.2719166 -0.5404449 0.9250144 0.2735444 -0.6013647 0.8999021 0.2760811 -0.607425 0.926191 0.2757365 -0.6159195 0.9006859 0.2748182 -0.5526536 1.000352 0.2757847 -0.5382943 1.017217 0.2730317 -0.5532313 1.022839 0.275916 -0.5386234 1.028461 0.2731144 -0.5535266 1.034082 0.2759832 -0.5277135 1.050947 0.2692054 -0.5387897 1.034082 0.2731562 -0.527158 1.034082 0.2690475 -0.5710074 1.011596 0.2772737 -0.5711333 1.017217 0.2773008 -0.5922684 1.000352 0.2770695 -0.6169822 0.9771998 0.2750965 -0.6455463 0.9540471 0.271233 -0.6457202 0.9694822 0.2712959 -0.6460796 1.000352 0.2714258 -0.617096 0.9849173 0.2751263 -0.7148225 0.930894 0.2572471 -0.6664743 0.9030375 0.2673653 -0.714957 0.9540471 0.2573877 -0.7148668 0.9386117 0.2572934 -0.6784662 0.9771998 0.2655225 -0.5835072 1.059196 0.2776072 -0.7556564 0.930894 0.246838 -0.5421909 1.141179 0.2740113 -0.5602 1.141836 0.2770846 -0.5454899 1.105481 0.2747667 -0.5794921 1.088617 0.2777726 -0.6275447 1.071753 0.27445 -0.5479435 1.180542 0.2753611 -0.8006603 0.9077405 0.2336891 -0.7704373 0.9987717 0.2434293 -0.8021492 1.361258 0.239752 -0.6907778 1.045075 0.2634929 -0.6609385 1.077767 0.2694888 -0.7423635 1.089797 0.2518476 -0.6686053 1.116474 0.268405 -0.6838249 1.137922 0.265661 -0.7165163 1.180817 0.2590173 -0.6584558 1.161983 0.2705405 -0.6355091 1.179503 0.2741596 -0.6111188 1.143149 0.276637 -0.6487385 1.19768 0.272387 -0.6927634 1.252208 0.2648779 -0.7572881 1.27104 0.250172 -0.681726 1.287902 0.2674117 -0.6734922 1.471297 0.2707892 -0.7190302 1.459225 0.2616445 -0.6835809 1.428351 0.2684867 -0.579145 1.708367 0.2818071 -0.59462 1.728055 0.2823595 -0.5926327 1.681753 0.2819314 -0.5600257 1.861116 0.2758893 -0.6762398 1.630997 0.2721297 -0.6872927 1.667902 0.2706379 -0.7207706 1.618927 0.2634634 -0.5717074 1.781281 0.2814318 -0.5855981 1.798132 0.2829405 -0.5737474 1.756977 0.281613 -0.576356 1.823326 0.2823777 -0.5693205 1.876548 0.2810255 -0.5677667 1.876548 0.2804653 -0.5658294 1.861116 0.2797875 -0.6582065 1.694516 0.2758094 -0.68809 1.714204 0.2710999 -0.5777485 1.851355 0.28275 -0.5661617 1.907412 0.2792604 -0.5674969 1.922844 0.2797474 -0.5665014 1.907412 0.2794691 -0.567386 1.922844 0.2796796 -0.5676092 1.922844 0.2798148 -0.5677227 1.922844 0.2798818 -0.5678375 1.922844 0.2799484 -0.566853 1.907412 0.279674 -0.5679537 1.922844 0.2800146 -0.5680711 1.922844 0.2800803 -0.5681899 1.922844 0.2801456 -0.5673403 1.907412 0.2799412 -0.56831 1.922844 0.2802105 -0.5684722 1.922844 0.2802963 -0.5686576 1.922844 0.280392 -0.5688459 1.922844 0.2804867 -0.5679146 1.907412 0.2802335 -0.5690374 1.922844 0.2805804 -0.5685168 1.907412 0.2805168 -0.5691475 1.907412 0.280791 -0.5700335 1.907412 0.2811423 -0.5730589 1.938275 0.2820753 -0.5934623 1.88222 0.2839996 -0.5980031 1.869623 0.2838287 -0.6018785 1.869623 0.283728 -0.6095397 1.885056 0.283551 -0.6250165 1.831834 0.2816529 -0.663012 1.836088 0.2768395 -0.6561108 1.794043 0.2773287 -0.8055578 2 0.2536321 -0.7781666 1.760506 0.253546 -0.8036619 1.680665 0.2459116 -0.6636825 1.862699 0.277087 -0.6362006 1.887891 0.2811352 -0.6121089 1.969138 0.2844683 -0.6048229 2 0.2852746 -0.6149783 2 0.2846875 -0.6207717 1.969138 0.2837954 -0.6283866 2 0.2834819 -0.6498127 2 0.2809124 -0.6445703 1.943947 0.2808363 -0.6777687 1.946782 0.2760575 -0.6419579 1.915919 0.2807976 -0.7143774 2 0.2707422 -0.7558022 1.946782 0.2621025 -0.5015516 0.0210848 0.2551841 -0.5088773 0.0210848 0.2618129 -0.5095366 0.0210848 0.2622621 -0.5102121 0.0210848 0.2627052 -0.5109039 0.0210848 0.2631422 -0.5118518 0.0210848 0.2637152 -0.5129531 0.0210848 0.2643464 -0.5091834 0.08433732 0.2622332 -0.508726 0.06325346 0.2618624 -0.5093936 0.06325346 0.2623111 -0.5100775 0.06325346 0.2627537 -0.5102543 0.08433732 0.2629208 -0.5107777 0.06325346 0.2631901 -0.511608 0.08433732 0.2637354 -0.5114944 0.06325346 0.2636202 -0.5146692 0.08433732 0.2653851 -0.5123513 0.06325346 0.264114 -0.5131055 0.08433732 0.2645732 -0.5086389 0.09487914 0.261897 -0.5061159 0.1265041 0.2601466 -0.5081827 0.1159625 0.2616383 -0.5055175 0.1265041 0.2596695 -0.506939 0.1265041 0.2607735 -0.5049352 0.1265041 0.2591867 -0.5078996 0.1265041 0.2614661 -0.5086806 0.1159625 0.2619778 -0.5088968 0.1265041 0.2621451 -0.5099309 0.1265041 0.2628103 -0.5121102 0.1265041 0.2640984 -0.511002 0.1265041 0.2634615 -0.514841 0.1265041 0.2655279 -0.5132556 0.1265041 0.2647208 -0.5888384 0.0210848 0.275595 -0.5048098 0.147587 0.2591415 -0.5050991 0.147587 0.2593839 -0.5039652 0.1792108 0.2584829 -0.5012425 0.1897519 0.255806 -0.5010089 0.1897519 0.2555437 -0.5007792 0.1897519 0.2552801 -0.5005535 0.1897519 0.2550152 -0.5014801 0.1897519 0.256067 -0.5017217 0.1897519 0.2563266 -0.50205 0.1897519 0.2566706 -0.5024279 0.1897519 0.2570547 -0.5032106 0.1897519 0.2578137 -0.5028147 0.1897519 0.2574358 -0.5036155 0.1897519 0.2581885 -0.5040294 0.1897519 0.2585601 -0.5041044 0.1792108 0.2586063 -0.5042447 0.1792108 0.2587293 -0.5044524 0.1897519 0.2589284 -0.5043859 0.1792108 0.258852 -0.5045281 0.1792108 0.2589742 -0.5046714 0.1792108 0.2590962 -0.5048157 0.1792108 0.2592177 -0.5050305 0.1897519 0.2594146 -0.5057003 0.1897519 0.2599546 -0.5050096 0.1792108 0.2593793 -0.5063906 0.1897519 0.2604871 -0.5071015 0.1897519 0.2610121 -0.507833 0.1897519 0.2615296 -0.585357 0.08433732 0.2756439 -0.5852767 0.06325346 0.2756718 -0.5737792 0.08433732 0.2758234 -0.5002329 0.2213748 0.2546979 -0.5003987 0.2213748 0.2548979 -0.5005667 0.2213748 0.2550973 -0.5007369 0.2213748 0.2552958 -0.5009094 0.2213748 0.2554937 -0.5010841 0.2213748 0.2556907 -0.5335602 0.152688 0.2718636 -0.5013205 0.2213748 0.2559523 -0.5015913 0.2213748 0.256245 -0.5018671 0.2213748 0.2565359 -0.5021479 0.2213748 0.2568252 -0.5024338 0.2213748 0.2571127 -0.5028229 0.2213748 0.2574933 -0.5032714 0.2213748 0.2579178 -0.5037313 0.2213748 0.2583383 -0.5338568 0.1657798 0.2719292 -0.7146351 0.01405657 0.2551521 -0.591501 0.1058368 0.2753586 -0.5249299 0.1868621 0.2695476 -0.5217021 0.1974032 0.2684582 -0.5347949 0.2050544 0.2721314 -0.5341615 0.1788714 0.2719958 -0.6123895 0.09550304 0.273752 -0.5946641 0.1165864 0.2751718 -0.643319 0.1066687 0.2696755 -0.5862573 0.1320211 0.2755655 -0.5220917 0.2170402 0.2686014 -0.5118337 0.2290259 0.2640396 -0.5358045 0.2443279 0.2723411 -0.6037289 0.1347796 0.2745082 -0.5500067 0.1930685 0.2745226 -0.7556304 0.03927916 0.2441832 -0.5965132 0.150214 0.2750274 -0.677272 0.09261303 0.2634744 -0.6782527 0.1178342 0.2632346 -0.6959043 0.1178342 0.2593882 -0.6109941 0.1438761 0.2738415 -0.6315766 0.1351955 0.2713904 -0.5505943 0.2127055 0.274581 -0.6259008 0.1494587 0.2721365 -0.5049711 0.2908243 0.2594105 -0.5110319 0.2949616 0.2635822 -0.5093701 0.2781167 0.262582 -0.5691735 0.2203566 0.2756865 -0.5897933 0.2083708 0.2753723 -0.6149617 0.2356587 0.2733846 -0.5913467 0.2083708 0.2752959 -0.5934389 0.2083708 0.2751825 -0.5698873 0.2399933 0.2756964 -0.5629256 0.2535659 0.2754821 -0.5500825 0.2807106 0.2745233 -0.6563263 0.176266 0.2674122 -0.7625698 0.1149443 0.2420044 -0.7999438 0.4539427 0.230771 -0.5792101 0.2581848 0.2756988 -0.5273337 0.3032361 0.2702762 -0.522798 0.3327878 0.2688425 -0.5323726 0.336925 0.2715886 -0.6351835 0.2155403 0.2708231 -0.5186592 0.362339 0.2672698 -0.5812603 0.2899484 0.2756632 -0.5539252 0.3237033 0.2749037 -0.6663497 0.232769 0.2655249 -0.6459354 0.205481 0.269169 -0.5666393 0.3170925 0.2756285 -0.5259854 0.3763263 0.2698671 -0.5559162 0.3451992 0.2750741 -0.5436456 0.4043004 0.2737369 -0.546438 0.3579062 0.2741079 -0.5628355 0.3788871 0.2755135 -0.5230598 0.3960265 0.2689109 -0.5855131 0.3534734 0.2755674 -0.5581777 0.3564286 0.2752411 -0.6758816 0.2701153 0.263628 -0.7278455 0.2298792 0.251459 -0.6525733 0.2902328 0.2680451 -0.5330283 0.4633991 0.2717474 -0.52348 0.4592623 0.2690208 -0.5283381 0.4929475 0.2705287 -0.5278499 0.4297132 0.270406 -0.5060475 0.4805374 0.2597603 -0.5106156 0.4994482 0.2629603 -0.512095 0.4846741 0.263898 -0.5939682 0.3871611 0.2751978 -0.6170874 0.3505839 0.2731805 -0.6351956 0.3682925 0.2708609 -0.626368 0.3785914 0.2720834 -0.6118984 0.3912981 0.2737652 -0.5983499 0.4040047 0.2749343 -0.5857111 0.4167111 0.2756114 -0.5460771 0.4787643 0.2741198 -0.5586598 0.461823 0.2753456 -0.6419093 0.4291218 0.2699184 -0.6314438 0.3954351 0.2714199 -0.5565016 0.4716726 0.2752015 -0.5860093 0.479946 0.2756777 -0.5631178 0.4421237 0.2755743 -0.5984647 0.4356227 0.2749615 -0.5533527 0.4864468 0.2749491 -0.5942041 0.4503973 0.2752523 -0.762532 0.3419154 0.2419166 -0.5335397 0.522723 0.2718713 -0.5443748 0.5120289 0.2739027 -0.563716 0.53111 0.2757032 -0.5567111 0.5013347 0.2752471 -0.612109 0.4545341 0.2738204 -0.5162482 0.5441111 0.2659454 -0.5290601 0.5631918 0.2707102 -0.5241748 0.5334171 0.2692025 -0.6316285 0.4586709 0.2714788 -0.6756324 0.4669445 0.2638802 -0.7203849 0.4008195 0.2534867 -0.6266548 0.4734453 0.2721699 -0.7449064 0.3993749 0.2469926 -0.5945109 0.5097218 0.2753232 -0.6123062 0.4990276 0.273872 -0.6317392 0.4883333 0.2715141 -0.6422144 0.5181089 0.2700286 -0.7332419 0.428826 0.2502034 -0.7130471 0.4415323 0.2553915 -0.5989099 0.5246095 0.2750669 -0.5250341 0.6036594 0.2694272 -0.5282855 0.6235082 0.2704529 -0.5450637 0.5822722 0.2740593 -0.5214618 0.6441258 0.2680335 -0.5352703 0.6632051 0.2722906 -0.7332828 0.4604436 0.2502627 -0.6188718 0.5486952 0.2732645 -0.7131242 0.4860262 0.2554722 -0.548594 0.6322791 0.2745916 -0.5643542 0.6013524 0.2758406 -0.5183425 0.6845911 0.2665409 -0.5260891 0.6738981 0.269703 -0.531072 0.7036699 0.271216 -0.5601162 0.6283302 0.2756612 -0.5870302 0.6204324 0.2759048 -0.7333365 0.495567 0.2503405 -0.5580762 0.6418189 0.2755443 -0.592145 0.5764429 0.2755811 -0.6083047 0.5991088 0.2744691 -0.6080653 0.563988 0.2744087 -0.6009285 0.6062167 0.2750963 -0.7265507 0.5254058 0.2522015 -0.5744259 0.650653 0.2761799 -0.6134267 0.6683211 0.2741654 -0.7545652 0.5195136 0.2446084 -0.5100603 0.7357477 0.2610645 -0.5145093 0.7452868 0.2641429 -0.5156747 0.7250552 0.2649614 -0.6224506 0.6086489 0.2729912 -0.5685596 0.6657631 0.2761173 -0.5438607 0.7057596 0.2739956 -0.5589307 0.7078493 0.2757303 -0.547417 0.7515558 0.2745943 -0.5652399 0.679792 0.2760314 -0.5233019 0.7473765 0.2685349 -0.5200054 0.7692292 0.2670137 -0.6375934 0.6325936 0.2710267 -0.5837296 0.6880853 0.2761772 -0.5125532 0.8402679 0.2618747 -0.5077987 0.8281022 0.2574382 -0.5109749 0.8693006 0.26004 -0.5049835 0.7869025 0.2547122 -0.5084109 0.8135854 0.2584309 -0.7693297 0.5732977 0.2405731 -0.7407209 0.6926426 0.2491803 -0.6017322 0.6974597 0.2752884 -0.6685513 0.6526102 0.2657996 -0.596179 0.7120287 0.2757084 -0.64335 0.7162082 0.2704391 -0.5707845 0.7470577 0.2763712 -0.7006752 0.6447548 0.2589524 -0.5332494 0.817113 0.2717634 -0.5213541 0.8286905 0.2673972 -0.529423 0.8426196 0.2705748 -0.5843981 0.7448087 0.2763239 -0.519942 0.8414437 0.26663 -0.6706143 0.6804819 0.2655034 -0.6021201 0.7352752 0.2753811 -0.6612173 0.6923908 0.2673227 -0.5186741 0.8559601 0.2658524 -0.5711454 0.7722673 0.2764488 -0.5600765 0.7834788 0.2759797 -0.5770905 0.7666615 0.2764912 -0.6145057 0.781767 0.274448 -0.58489 0.7826229 0.2764318 -0.5585113 0.8159717 0.2759399 -0.5897233 0.8473228 0.2765036 -0.5454869 0.800296 0.2743707 -0.6885193 0.7044255 0.2619175 -0.5577635 0.832218 0.2759174 -0.5347181 0.8820543 0.2721327 -0.5328109 0.8948071 0.2715752 -0.5229971 0.8936313 0.2678644 -0.5119951 0.9685598 0.2589341 -0.5138828 1.067812 0.2580375 -0.5755637 0.8983344 0.2769275 -0.5679471 0.8589001 0.2766145 -0.5549521 0.8449712 0.2756837 -0.5183844 0.9516939 0.2648382 -0.5252549 0.9331238 0.2687088 -0.516345 0.881466 0.2642048 -0.6388992 0.8027634 0.2714691 -0.6543975 0.7699848 0.2688495 -0.5278552 0.9383542 0.2697756 -0.6769019 0.7640937 0.2646159 -0.6600686 0.7968724 0.2679774 -0.7142034 0.8119776 0.2566001 -0.5328491 0.9422786 0.2715259 -0.5443661 0.9501274 0.2743691 -0.6619807 0.8058348 0.2676754 -0.6658373 0.8237594 0.2670546 -0.5294861 0.9509106 0.2703595 -0.5328588 0.9760233 0.2714732 -0.624438 0.8355411 0.2735603 -0.5249737 0.9638586 0.2684264 -0.5563007 0.9116744 0.2759828 -0.5241381 0.9735354 0.2679664 -0.5585674 0.9242311 0.2762299 -0.6410402 0.8495382 0.2713674 -0.6776666 0.877532 0.2650591 -0.6295454 0.8624274 0.2730415 -0.5144397 1.038783 0.2598056 -0.5153691 1.009754 0.2615352 -0.5729519 0.9248845 0.2769875 -0.6248854 0.8751804 0.2736885 -0.5716909 0.9381592 0.2770076 -0.516132 1.05938 0.2611198 -0.5190792 1.050947 0.2639956 -0.5307706 0.9953766 0.2707046 -0.5407651 0.9978644 0.2736488 -0.520642 1.021918 0.2655394 -0.5227471 1.042515 0.2666449 -0.6448564 0.889109 0.2709837 -0.5193821 1.05938 0.2640941 -0.5230372 1.050947 0.266733 -0.5854324 0.9511729 0.2770673 -0.5658849 0.97524 0.2769114 -0.5756334 0.9636637 0.2771818 -0.6350302 0.9146143 0.2725636 -0.5809916 0.9758932 0.2772442 -0.727661 0.8657505 0.2536424 -0.5263638 1.074747 0.2683801 -0.755399 0.8598599 0.2463121 -0.5369413 1.066315 0.2726068 -0.7345447 0.8926363 0.252093 -0.5359687 1.078214 0.2722864 -0.5257627 1.086647 0.267958 -0.5479546 1.081682 0.2752188 -0.7278467 0.905389 0.2538835 -0.5249521 1.104496 0.2673146 -0.5306901 1.104824 0.2702323 -0.5214873 1.115678 0.2647783 -0.5271335 1.124178 0.2683653 -0.5640232 1.070439 0.2771464 -0.5608134 1.097049 0.2769835 -0.7216595 0.9879858 0.2560513 -0.5391891 1.172042 0.2731285 -0.6571644 1.058414 0.2700024 -0.5317293 1.163542 0.2703473 -0.5366297 1.202904 0.2721665 -0.7284611 1.021924 0.2546808 -0.5830768 1.142493 0.2780446 -0.5663491 1.178974 0.2777539 -0.5436663 1.221691 0.2743697 -0.5772803 1.17819 0.2782096 -0.5418282 1.242266 0.2738186 -0.5603513 1.259265 0.2775347 -0.5613267 1.208723 0.2774485 -0.5767881 1.236904 0.2785187 -0.569515 1.197543 0.2780345 -0.5968168 1.214543 0.2780809 -0.6378996 1.129812 0.2734787 -0.5374872 1.303986 0.2719846 -0.544663 1.312485 0.2745599 -0.5473187 1.281626 0.2753004 -0.6053898 1.253904 0.2778356 -0.6425648 1.221477 0.2734938 -0.6395695 1.233375 0.2740113 -0.6097955 1.273584 0.2776444 -0.6219996 1.262403 0.2764104 -0.6351915 1.251223 0.274744 -0.5501666 1.351844 0.2760164 -0.5650129 1.342604 0.2783864 -0.5530953 1.320985 0.2766093 -0.6529 1.251551 0.2721687 -0.5739326 1.337984 0.2789962 -0.5788982 1.307124 0.2789732 -0.5716364 1.353413 0.2789629 -0.6004237 1.354982 0.278883 -0.5657794 1.363411 0.2785591 -0.5556197 1.383407 0.277221 -0.6106191 1.308693 0.2778394 -0.5985584 1.284764 0.2784682 -0.6070892 1.324123 0.2782281 -0.574998 1.369194 0.2792281 -0.5819397 1.400757 0.2796283 -0.5417879 1.397619 0.2732074 -0.5532046 1.422075 0.2767802 -0.5480428 1.390513 0.2754436 -0.6234905 1.332622 0.2768008 -0.6505361 1.310263 0.2730367 -0.6371959 1.356551 0.2753483 -0.6826236 1.35812 0.2679319 -0.6521863 1.403895 0.2736332 -0.6245407 1.379439 0.2770758 -0.6129528 1.402326 0.278392 -0.6024131 1.425213 0.2793253 -0.7371154 1.324581 0.2558214 -0.6138795 1.437441 0.2786114 -0.5498713 1.499409 0.2757746 -0.5547364 1.530969 0.2771939 -0.5618283 1.523864 0.2787252 -0.5489323 1.538074 0.2752389 -0.5598488 1.562528 0.2784505 -0.7373818 1.359689 0.256208 -0.7182721 1.382577 0.2608523 -0.6318096 1.448727 0.2768535 -0.5718846 1.497425 0.2798174 -0.5801697 1.509653 0.280354 -0.5843921 1.470986 0.2801565 -0.6045262 1.495441 0.2797952 -0.5445482 1.583844 0.272273 -0.548397 1.59607 0.2744353 -0.5484614 1.576739 0.2747007 -0.6226466 1.471142 0.2780847 -0.6162968 1.479242 0.278769 -0.737657 1.394805 0.2566071 -0.5940891 1.515206 0.2804184 -0.6281268 1.526314 0.2780149 -0.5893226 1.525089 0.2805808 -0.6354891 1.48337 0.2767252 -0.5736761 1.593399 0.2805638 -0.5834963 1.547859 0.2807281 -0.7581464 1.410243 0.2519257 -0.6492999 1.498806 0.2749928 -0.548563 1.649301 0.2735779 -0.5525671 1.646992 0.2759203 -0.5507658 1.635994 0.2751547 -0.5967086 1.559857 0.2807262 -0.7725749 1.447153 0.2489419 -0.7454186 1.533042 0.2568084 -0.6070793 1.575292 0.2803629 -0.6551923 1.557185 0.2747198 -0.630262 1.606163 0.278574 -0.6776256 1.510218 0.2704811 -0.5981519 1.599781 0.2810378 -0.5639641 1.642375 0.2794851 -0.5619487 1.666682 0.2790799 -0.5687712 1.664373 0.2804073 -0.7073826 1.50217 0.2646493 -0.6797032 1.529678 0.2703281 -0.6711854 1.538847 0.271929 -0.5902541 1.624269 0.2814191 -0.5800687 1.630305 0.2812535 -0.6097923 1.655139 0.2809662 -0.5780085 1.653962 0.2813145 -0.5833563 1.648757 0.2815358 -0.5664628 1.688679 0.2801133 -0.6963624 1.545114 0.2673881 -0.5863782 1.659756 0.2817056 -0.5645769 1.712984 0.2797671 -0.5631 1.737289 0.2793792 -0.6859787 1.588056 0.2698764 -0.6394379 1.643068 0.277856 -0.5672903 1.759285 0.2804766 -0.5620175 1.761594 0.2789596 -0.5577253 1.788206 0.2765556 -0.5610985 1.79805 0.278293 -0.5613137 1.785898 0.2785185 -0.6441413 1.66152 0.2774426 -0.6322026 1.674828 0.2790822 -0.6213117 1.688135 0.2803712 -0.5601077 1.861116 0.2759764 -0.5583098 1.837967 0.2752811 -0.5583729 1.837967 0.2753486 -0.560191 1.861116 0.2760631 -0.558458 1.837967 0.2754384 -0.5602755 1.861116 0.2761494 -0.5585554 1.837967 0.2755388 -0.5586542 1.837967 0.2756387 -0.56039 1.861116 0.2762639 -0.5605214 1.861116 0.2763918 -0.5587546 1.837967 0.2757382 -0.5606556 1.861116 0.2765189 -0.5588909 1.837967 0.2758699 -0.5607925 1.861116 0.276645 -0.5590477 1.837967 0.276017 -0.5609323 1.861116 0.2767702 -0.5592623 1.837967 0.2762114 -0.5610748 1.861116 0.2768945 -0.5595114 1.837967 0.2764275 -0.5612692 1.861116 0.2770588 -0.5598563 1.837967 0.2767114 -0.5617253 1.861116 0.2774223 -0.5614941 1.861116 0.2772416 -0.5654241 1.806475 0.2799559 -0.5622905 1.861116 0.2778357 -0.5602621 1.837967 0.277025 -0.5619631 1.861116 0.2776009 -0.5626729 1.861116 0.2780951 -0.5632065 1.861116 0.2784333 -0.5631804 1.819072 0.279026 -0.5905599 1.75236 0.2826159 -0.6131393 1.747743 0.2817105 -0.6220703 1.711286 0.2805508 -0.6335657 1.72113 0.2794391 -0.5977778 1.772938 0.2827626 -0.5646555 1.868832 0.2791216 -0.5638398 1.861116 0.2788031 -0.5701523 1.842221 0.2812946 -0.5640526 1.833087 0.2792758 -0.5648528 1.868832 0.2792263 -0.5647396 1.861116 0.2792782 -0.5650786 1.868832 0.2793427 -0.6459605 1.730974 0.2779911 -0.6958628 1.756251 0.2702711 -0.7598827 1.649796 0.2554732 -0.5709553 1.856235 0.2815138 -0.7401562 1.674284 0.260232 -0.5665887 1.89198 0.2797826 -0.5663946 1.89198 0.2796824 -0.5637181 1.907412 0.2773247 -0.5652229 1.915128 0.2783619 -0.56388 1.907412 0.2774848 -0.5640464 1.907412 0.2776435 -0.5642177 1.907412 0.2778006 -0.5643936 1.907412 0.2779561 -0.5645744 1.907412 0.2781101 -0.56476 1.907412 0.2782625 -0.563561 1.907412 0.277163 -0.5653151 1.915128 0.2784371 -0.5672764 1.922844 0.2796114 -0.5654085 1.915128 0.2785118 -0.5649506 1.907412 0.2784133 -0.5655032 1.915128 0.2785862 -0.5652122 1.907412 0.2786118 -0.5655173 1.907412 0.2788317 -0.5658337 1.907412 0.2790479 -0.6493173 1.751997 0.2777809 -0.6331549 1.770893 0.2800593 -0.6032258 1.814983 0.2830448 -0.7403879 1.697435 0.260568 -0.5668326 1.938275 0.2788312 -0.5695816 1.93056 0.2807449 -0.5696455 1.93056 0.2807755 -0.5721519 1.938275 0.2817597 -0.7191776 1.737355 0.2655599 -0.753983 1.760506 0.2587959 -0.6102111 1.850729 0.2830936 -0.57061 1.969138 0.2806414 -0.5710588 1.953707 0.2811619 -0.5704103 1.969138 0.2805139 -0.5708147 1.969138 0.2807674 -0.571239 1.969138 0.2810146 -0.5710244 1.969138 0.2808918 -0.5714587 1.969138 0.2811357 -0.5716835 1.969138 0.2812553 -0.5719135 1.969138 0.2813732 -0.5721487 1.969138 0.2814895 -0.5711812 1.953707 0.2812211 -0.5701688 1.984569 0.2798281 -0.5705386 2 0.2794018 -0.5707981 2 0.2796815 -0.5710742 2 0.2799557 -0.5713673 2 0.2802243 -0.5733978 1.953707 0.2821353 -0.5703263 1.984569 0.2799641 -0.5716777 2 0.2804873 -0.5704883 1.984569 0.2800986 -0.5740308 1.953707 0.2823513 -0.5748491 1.953707 0.282607 -0.5963362 1.896234 0.2841592 -0.6822469 1.817193 0.2735039 -0.5754828 2 0.2826518 -0.5753712 1.984569 0.2827 -0.5748327 2 0.282376 -0.5762596 2 0.2829481 -0.5770857 2 0.2832292 -0.5757929 1.984569 0.2828455 -0.5763749 1.984569 0.2830333 -0.5779623 2 0.283495 -0.5770573 1.984569 0.2832363 -0.578891 2 0.2837451 -0.5798728 2 0.2839792 -0.5812668 2 0.2842659 -0.5829548 2 0.284553 -0.5847737 2 0.2848017 -0.6169772 1.927097 0.2835604 -0.67363 1.904741 0.276119 -0.5050428 0.04216928 0.2589208 -0.5048506 0.0210848 0.2586262 -0.5044956 0.04216928 0.2584297 -0.5039643 0.04216928 0.257933 -0.5087141 0.03162708 0.2617412 -0.5190515 0.01054244 0.2672813 -0.520374 0.01054244 0.2678235 -0.5217346 0.01054244 0.26835 -0.5084204 0.05271141 0.2616146 -0.5193666 0.07379543 0.2674916 -0.5210147 0.05271141 0.2681205 -0.52072 0.07379543 0.2680269 -0.5664451 0.03162708 0.2757526 -0.5088892 0.1370456 0.2621611 -0.5087473 0.1581284 0.2621042 -0.5244157 0.1606788 0.2693772 -0.5245411 0.1672247 0.2694193 -0.5165193 0.1686696 0.2663546 -0.5175674 0.188307 0.2668267 -0.5002468 0.237186 0.2547343 -0.5004131 0.237186 0.2549342 -0.5006028 0.237186 0.2551583 -0.5007954 0.237186 0.2553814 -0.5074666 0.2252003 0.2613056 -0.5076017 0.2350187 0.2614054 -0.5121593 0.2486624 0.2642241 -0.500265 0.286687 0.2547526 -0.5013016 0.2719108 0.255955 -0.5227119 0.2464951 0.2688212 -0.5166778 0.2668539 0.2664547 -0.5254789 0.2555909 0.2697253 -0.5063862 0.307669 0.2605098 -0.6166172 0.1786742 0.2732268 -0.5314256 0.2737823 0.2713611 -0.5184764 0.2990988 0.26722 -0.5146497 0.3286507 0.2654908 -0.5025153 0.3203763 0.2571614 -0.5078984 0.3245135 0.2615813 -0.6121153 0.1932818 0.2736959 -0.6260063 0.1876099 0.2720955 -0.5095075 0.3413578 0.2626238 -0.7057831 0.1456055 0.2570445 -0.7129932 0.1736973 0.2552647 -0.5081671 0.3877525 0.2616647 -0.5130166 0.3750458 0.2646175 -0.5007969 0.4131656 0.2549422 -0.4998314 0.5059489 0.252787 -0.690282 0.2030729 0.2605678 -0.5161201 0.3820394 0.2661484 -0.6017204 0.2794554 0.2746147 -0.6844669 0.2176802 0.2618323 -0.5149163 0.3918895 0.2655667 -0.612829 0.2742089 0.2736073 -0.6437292 0.2528871 0.2695123 -0.5137564 0.4017396 0.2649714 -0.5203124 0.4157264 0.2678943 -0.6140511 0.2900906 0.2734826 -0.5105393 0.4312893 0.2631075 -0.5900861 0.3338383 0.2753677 -0.5086125 0.4509887 0.2618031 -0.5153512 0.4551255 0.2656903 -0.5013435 0.4764007 0.2551371 -0.5032346 0.4468519 0.2574062 -0.5309891 0.4100134 0.2712516 -0.5103066 0.4678315 0.2628665 -0.5025605 0.4932432 0.2563934 -0.5043784 0.5026985 0.2581653 -0.5629618 0.4105058 0.2755408 -0.5438185 0.4359185 0.2737762 -0.5028128 0.5154895 0.2564813 -0.5020264 0.5357241 0.2553805 -0.5065353 0.5250301 0.2599189 -0.5195153 0.4888109 0.2675031 -0.7168812 0.3060158 0.2542695 -0.5185873 0.4961979 0.267104 -0.5196586 0.5036418 0.2675421 -0.5124017 0.514336 0.2639891 -0.51101 0.5345706 0.2630801 -0.5218705 0.5185295 0.268391 -0.5097272 0.554805 0.2621493 -0.5030479 0.6059663 0.2557446 -0.5045786 0.5654988 0.2578635 -0.5446982 0.547151 0.2739762 -0.5219438 0.5838102 0.2683327 -0.5325217 0.5830412 0.2716274 -0.5158477 0.6044283 0.2655747 -0.5171915 0.6143528 0.2662136 -0.5185752 0.6242772 0.2668365 -0.5107518 0.6250461 0.2624676 -0.5157253 0.634586 0.2654047 -0.5844228 0.5475491 0.2758392 -0.6698221 0.4871797 0.2650828 -0.5664717 0.5793576 0.2758852 -0.6757272 0.5020677 0.2639351 -0.5119946 0.6952839 0.2628535 -0.507008 0.7059766 0.2586902 -0.5109725 0.7155159 0.2619668 -0.5057837 0.7464401 0.2567199 -0.6347227 0.5804267 0.271297 -0.5226661 0.7143625 0.2683616 -0.5071311 0.7613253 0.2579852 -0.5342487 0.7494661 0.2720482 -0.532099 0.7603926 0.2714742 -0.509573 0.7944552 0.2599127 -0.5117258 0.8077966 0.2616058 -0.5157829 0.8020078 0.2645297 -0.51461 0.8147613 0.2636659 -0.5112578 0.8141734 0.2611381 -0.5108359 0.8214318 0.260673 -0.5346041 0.7683734 0.2721359 -0.5240849 0.7851907 0.2687482 -0.7335689 0.6090267 0.2506776 -0.5236594 0.8095604 0.2685007 -0.5339 0.7927433 0.2719493 -0.5165754 0.8344792 0.2647704 -0.5159905 0.8408558 0.2643482 -0.5144523 0.8626304 0.2630723 -0.5260292 0.8690073 0.269278 -0.5410688 0.8437953 0.2736218 -0.6268215 0.7526301 0.2729204 -0.7073737 0.7283687 0.2577658 -0.514827 0.9601268 0.2620002 -0.5227394 0.945024 0.2674429 -0.5234749 0.9513023 0.2677751 -0.5164354 0.9855626 0.2629399 -0.5183529 1.00616 0.2641314 -0.5219052 1.002565 0.266534 -0.5171826 1.030351 0.2627835 -0.5181205 1.040649 0.2633941 -0.5475728 0.9756316 0.274976 -0.5293282 1.009891 0.2701011 -0.5162889 1.063596 0.2611745 -0.5188804 1.077229 0.2633481 -0.5170427 1.107177 0.2607335 -0.5173579 1.091745 0.2615468 -0.5205223 1.146541 0.2632888 -0.5492266 1.068377 0.2754186 -0.5234651 1.13536 0.2659356 -0.537524 1.105153 0.2727271 -0.5255209 1.155041 0.2670548 -0.5284108 1.225266 0.2679524 -0.5340211 1.132679 0.2714557 -0.6845754 1.011138 0.2645268 -0.5230751 1.247627 0.2628839 -0.5265309 1.348706 0.2627636 -0.5321462 1.214085 0.2701765 -0.606313 1.109214 0.2768198 -0.5351651 1.223479 0.2714866 -0.5345044 1.233766 0.2711364 -0.5338909 1.244053 0.2707799 -0.5264379 1.317847 0.2640827 -0.5267109 1.286987 0.2653946 -0.6037017 1.178847 0.2774458 -0.5401874 1.262839 0.2732351 -0.5493407 1.261052 0.2757516 -0.5282565 1.337526 0.2653423 -0.5359593 1.334845 0.2709869 -0.5337039 1.315166 0.2699727 -0.530637 1.326346 0.2677519 -0.5315189 1.295487 0.2689178 -0.5296213 1.380269 0.2652175 -0.529441 1.360934 0.2657548 -0.5615717 1.294375 0.2778121 -0.5778248 1.272015 0.278742 -0.5424526 1.343345 0.2737531 -0.5353513 1.350275 0.270473 -0.5374301 1.366056 0.2714239 -0.5419684 1.351059 0.2735424 -0.5431495 1.35895 0.273943 -0.5329431 1.373163 0.2685014 -0.537053 1.385391 0.2709899 -0.5367882 1.404725 0.2705544 -0.5334212 1.450499 0.2665721 -0.5329755 1.411831 0.2675263 -0.5429315 1.629612 0.2688919 -0.6499536 1.275153 0.2728262 -0.5480081 1.439702 0.2753367 -0.5437739 1.457328 0.273631 -0.5512917 1.460743 0.2762932 -0.5659449 1.411416 0.2788063 -0.5452562 1.467849 0.2741936 -0.5404551 1.474954 0.2716934 -0.5567938 1.443117 0.2775792 -0.5673484 1.446531 0.2791253 -0.5467667 1.478369 0.2747385 -0.55469 1.481783 0.277177 -0.544856 1.487182 0.2738698 -0.690594 1.317422 0.2659627 -0.5831476 1.435872 0.2798885 -0.5677789 1.476385 0.2793235 -0.5596368 1.498417 0.2782572 -0.5443403 1.54518 0.2729001 -0.5408826 1.552285 0.270217 -0.5443904 1.564512 0.2725834 -0.5417144 1.590949 0.2695285 -0.5434176 1.606728 0.2706223 -0.5462293 1.632803 0.2722429 -0.5454907 1.639456 0.2713443 -0.5455823 1.65161 0.2709073 -0.5618758 1.602452 0.2789601 -0.5535352 1.569633 0.2767729 -0.556643 1.639184 0.2775833 -0.5529986 1.611505 0.2763951 -0.5521715 1.659146 0.2755817 -0.5563406 1.66899 0.2773454 -0.5576744 1.644684 0.2779008 -0.5484454 1.673607 0.2727904 -0.5518665 1.671299 0.2752377 -0.5486509 1.697913 0.2720012 -0.7383152 1.474662 0.2575617 -0.5591339 1.715293 0.2781396 -0.5548066 1.717601 0.2761509 -0.558673 1.727445 0.2778849 -0.7140406 1.56055 0.2640393 -0.5546749 1.76621 0.2749102 -0.5578417 1.763902 0.2770936 -0.5550897 1.790514 0.2742965 -0.5577412 1.776054 0.2768249 -0.5564904 1.801512 0.2751751 -0.5575797 1.826393 0.2751069 -0.5577273 1.826393 0.27526 -0.5578976 1.826393 0.2754309 -0.5659445 1.783589 0.2801542 -0.5615208 1.82852 0.2780667 -0.5619785 1.835527 0.2782028 -0.5628658 1.864974 0.2781289 -0.563149 1.876548 0.278017 -0.56322 1.876548 0.2780681 -0.5633007 1.876548 0.2781253 -0.563382 1.876548 0.2781824 -0.5634641 1.876548 0.2782392 -0.5635468 1.876548 0.2782957 -0.5636304 1.876548 0.278352 -0.5637429 1.876548 0.2784267 -0.5649253 1.899696 0.2786298 -0.5650302 1.899696 0.2787033 -0.5651364 1.899696 0.2787764 -0.5652438 1.899696 0.2788491 -0.5653526 1.899696 0.2789213 -0.5886698 1.833169 0.2833917 -0.6168724 1.792938 0.2819306 -0.5680448 1.934417 0.2798302 -0.5688233 1.945991 0.2800535 -0.5726152 1.984569 0.2814985 -0.5743695 2 0.2821616 -0.5739267 2 0.2819409 -0.5721353 1.992285 0.2810571 -0.5720059 2 0.2807445 -0.5723523 2 0.2809958 -0.5727172 2 0.2812412 -0.5731009 2 0.2814806 -0.573504 2 0.2817138 -0.7154169 1.788849 0.2670918 -0.514329 0.04216928 0.2651347 -0.5141796 0.05271141 0.2650792 -0.5402497 0.028113 0.2732271 -0.5407776 0.04216928 0.273312 -0.5313492 0.06852445 0.2713404 -0.5416934 0.05622544 0.2734586 -0.5159118 0.1488623 0.2660616 -0.515842 0.1594036 0.2660377 -0.5038986 0.2361023 0.2584993 -0.5040777 0.2508297 0.2586631 -0.5009418 0.2519133 0.2555564 -0.5005031 0.2592769 0.2550511 -0.5030302 0.2655569 0.2577119 -0.507814 0.249746 0.261557 -0.5071867 0.2571097 0.2611177 -0.5049547 0.2750138 0.2594052 -0.5030611 0.2971781 0.2577222 -0.5118996 0.3033839 0.2640711 -0.5057447 0.3308671 0.2599887 -0.5156154 0.3370728 0.2659481 -0.5040981 0.4004591 0.2584325 -0.5063515 0.4074526 0.2602897 -0.5051025 0.4222275 0.2592285 -0.506583 0.4390706 0.2603638 -0.5065066 0.4573418 0.2602335 -0.5183688 0.4305012 0.2670938 -0.5053092 0.4721161 0.2591826 -0.5163566 0.4635469 0.2661566 -0.5018964 0.5043237 0.2555449 -0.5080714 0.5085173 0.2611961 -0.506006 0.5351474 0.2594117 -0.5055035 0.5452646 0.2588999 -0.5160447 0.5265501 0.2658875 -0.5170593 0.5339938 0.2663542 -0.50802 0.5700767 0.2608238 -0.5069779 0.5903105 0.2598427 -0.5120555 0.5746545 0.2635646 -0.5197322 0.5689232 0.2674679 -0.5065298 0.6155062 0.2592411 -0.5169523 0.7048232 0.2657612 -0.5162995 0.7149393 0.2653637 -0.5096452 0.7458635 0.260608 -0.5104445 0.7533061 0.2611894 -0.5088968 0.7660948 0.2596852 -0.5067318 0.7764987 0.2572585 -0.5110101 0.7780659 0.2613732 -0.5076339 0.7824842 0.2581603 -0.5070785 0.7906788 0.2573814 -0.5138686 0.767662 0.2635672 -0.5151285 0.7736476 0.264331 -0.5168801 0.7816283 0.2653195 -0.5208043 0.8752367 0.2668806 -0.5143885 0.9698036 0.2614232 -0.5172048 0.9710475 0.2637639 -0.5207965 0.9674531 0.2661998 -0.5199564 0.979549 0.2655663 -0.5246498 1.015905 0.2679387 -0.5161507 1.072521 0.2607755 -0.5186686 1.086154 0.2629722 -0.5160911 1.076983 0.2605755 -0.5223053 1.075988 0.2659769 -0.5220813 1.081938 0.2657455 -0.521921 1.0864 0.2655712 -0.5208154 1.09812 0.2645599 -0.5282535 1.134019 0.2688758 -0.5293929 1.14386 0.2693764 -0.5253964 1.236446 0.2655148 -0.6317805 1.093491 0.2740557 -0.5276688 1.24584 0.2671135 -0.5272283 1.26127 0.2664744 -0.5292501 1.28095 0.2676197 -0.5323302 1.274913 0.2696769 -0.5286382 1.306667 0.2665928 -0.5390848 1.278269 0.2727783 -0.5284 1.322096 0.2659694 -0.5296287 1.316506 0.2671772 -0.5282099 1.349098 0.2648704 -0.5302328 1.34949 0.2668621 -0.5387023 1.313826 0.2724424 -0.5328091 1.342168 0.2690107 -0.5326098 1.349882 0.2687319 -0.5311407 1.376716 0.266902 -0.5329115 1.38283 0.2682564 -0.5329066 1.392497 0.2680121 -0.542084 1.387952 0.2733936 -0.5359948 1.418799 0.2697787 -0.5359685 1.438133 0.2693367 -0.5394967 1.425767 0.2718374 -0.545621 1.423921 0.2745718 -0.5378493 1.453914 0.2703723 -0.5366495 1.462727 0.2692568 -0.5486392 1.557407 0.2749692 -0.5430015 1.587396 0.270938 -0.548536 1.567073 0.2748347 -0.5449815 1.612841 0.2718232 -0.5456059 1.601399 0.2726168 -0.5437944 1.621227 0.2703936 -0.5465101 1.604456 0.273173 -0.5444319 1.631207 0.2706195 -0.5485175 1.612173 0.2742688 -0.5477231 1.624417 0.2735605 -0.5544051 1.599261 0.2769671 -0.5483364 1.634398 0.2737565 -0.5469497 1.650455 0.2722815 -0.5499657 1.696758 0.2733077 -0.5536006 1.682297 0.2760157 -0.5514744 1.707757 0.2741864 -0.5515201 1.695604 0.2745389 -0.5550533 1.705448 0.2764569 -0.5562941 1.78936 0.2754612 -0.5566873 1.810626 0.2749629 -0.557855 1.806434 0.2761535 -0.5588411 1.816945 0.2765858 -0.557167 1.815881 0.2751955 -0.5593195 1.802242 0.2772656 -0.5603311 1.812753 0.2776664 -0.5595485 1.827456 0.2768041 -0.5608392 1.818008 0.2778647 -0.5631754 1.89198 0.2775099 -0.5655964 1.876548 0.2794971 -0.5640786 1.903554 0.2778361 -0.5703151 1.942133 0.2809513 -0.5305599 0.05446843 0.2711385 -0.5615757 0.05973945 0.2755162 -0.5116007 0.2619818 0.2639146 -0.5033459 0.4103091 0.2576945 -0.5143867 0.5618641 0.2649454 -0.5055673 0.6055818 0.2584445 -0.5085361 0.6051973 0.260989 -0.5110753 0.5973694 0.2628386 -0.5125635 0.6097751 0.2637177 -0.5234788 0.7042466 0.2687062 -0.5129101 0.7880417 0.2627246 -0.5249802 0.9874628 0.2682932 -0.5352844 1.14252 0.2718896 -0.5251738 1.246733 0.2650651 -0.5302415 1.252661 0.2687251 -0.5349769 1.286878 0.2709506 -0.5303749 1.339847 0.2672341 -0.5409207 1.414323 0.2726841 -0.5354542 1.452206 0.2685364 -0.5395985 1.447731 0.271599 -0.5435401 1.596174 0.2711212 -0.5537898 1.559967 0.2768795 -0.5456031 1.622822 0.2720323 -0.550833 1.677952 0.2744764 -0.559321 1.685488 0.2783208 -0.5600043 1.697064 0.2785089 -0.5593999 1.709216 0.2782646 -0.5646434 1.89198 0.2786421 -0.5160948 0.5905898 0.2657438 -0.5348506 1.25775 0.2711252 -0.5434398 1.443716 0.2735897 -0.7999333 -0.439095 0.2267089 -0.8 -3.197442e-17 0.227 -0.8005898 -0.8780543 0.2295768 -0.8035441 -1.658417 0.2424824 -0.8055578 -2 0.2512795 -0.8019689 -1.316752 0.2356013 -0.8009016 -1.000352 0.2334272 -0.8009016 -1.000352 0.232183 -0.741308 -2 0.2562783 -0.6338865 -2 0.2670813 -0.6135551 -2 0.2681799 -0.604285 -2 0.2689241 -0.5977574 -2 0.2697467 -0.5927783 -2 0.2705954 -0.5864655 -2 0.2719669 -0.5802093 -2 0.2736371 -0.575419 -2 0.2751011 -0.5702953 -2 0.2768189 -0.4983981 -0.252063 0.248366 -0.5 -3.68594e-17 0.249 -0.4998096 -0.5040812 0.2489247 -0.5049111 -0.783998 0.2509435 -0.5262742 -1.34373 0.2593979 -0.513732 -1.063871 0.2544343 -0.5425413 -1.623601 0.2658354 -0.5555764 -1.811813 0.270994 -0.5114036 -1.000352 0.2547123 -0.5114036 -1.000352 0.2559117 -0.7999333 0.439095 0.2267089 -0.8005898 0.8780543 0.2295768 -0.8035441 1.658417 0.2424824 -0.8055578 2 0.2512795 -0.8019689 1.316752 0.2356013 -0.8009016 1.000352 0.2334272 -0.8009016 1.000352 0.232183 -0.741308 2 0.2562783 -0.6338865 2 0.2670813 -0.6135551 2 0.2681799 -0.604285 2 0.2689241 -0.5977574 2 0.2697467 -0.5927783 2 0.2705954 -0.5864655 2 0.2719669 -0.5802093 2 0.2736371 -0.575419 2 0.2751011 -0.5702953 2 0.2768189 -0.4983981 0.252063 0.248366 -0.4998096 0.5040812 0.2489247 -0.5049111 0.783998 0.2509435 -0.513732 1.063871 0.2544343 -0.5262742 1.34373 0.2593979 -0.5425413 1.623601 0.2658354 -0.5555764 1.811813 0.270994 -0.5114036 1.000352 0.2547123 -0.5114036 1.000352 0.2559117 -0.5928984 -0.1260371 0.2407266 -0.621402 -0.08402596 0.2409234 -0.5883788 -0.08402596 0.2407929 -0.5696705 -0.1260371 0.2404926 -0.5538252 -0.08402596 0.2406038 -0.5485538 -0.1260371 0.2405463 -0.5287859 -0.08402596 0.2415433 -0.5245004 -0.1260371 0.2417834 -0.5187388 -0.08402596 0.2426569 -0.5015707 -0.1260371 0.2470525 -0.7377452 -1.065065 0.2391728 -0.7065971 -0.9392045 0.2405802 -0.7079191 -1.158561 0.2430415 -0.6013083 -1.937274 0.266774 -0.6260228 -1.90591 0.2644695 -0.5950212 -1.90591 0.2661884 -0.5772751 -1.90591 0.2692949 -0.5921297 -1.937274 0.2678313 -0.5858473 -1.90591 0.2674687 -0.5866259 -1.937274 0.2687683 -0.5809138 -1.90591 0.2684408 -0.7179155 -0.0280092 0.2366564 -0.7400793 3.367853e-17 0.2346746 -0.682665 3.469588e-17 0.2392563 -0.678743 -0.0420136 0.2393195 -0.6288043 3.511742e-17 0.2411548 -0.7069814 -0.0420136 0.2374906 -0.7261575 -0.1152034 0.2356883 -0.6897975 -0.104811 0.2385035 -0.7503269 -0.2231754 0.2330843 -0.5984824 -0.1782182 0.2406806 -0.6563915 -0.2303974 0.2399439 -0.6109308 -0.1782182 0.2407449 -0.507829 -0.1050317 0.2448445 -0.5144326 -0.1260371 0.2431998 -0.5140958 -0.08402596 0.2434483 -0.5080984 -0.1260371 0.2446668 -0.5107046 -0.1260371 0.2439893 -0.5072999 -0.1050317 0.2450019 -0.504933 -0.1260371 0.2456742 -0.5062536 -0.1260371 0.2452256 -0.5035518 -0.1260371 0.2461948 -0.5024517 -0.1260371 0.2466531 -0.5061331 -0.0420136 0.2457863 -0.7261088 -0.33475 0.2355802 -0.5203919 -0.168047 0.2421416 -0.6884281 -0.3383607 0.2384525 -0.5591207 -0.2412302 0.240295 -0.5554599 -0.2028335 0.2403331 -0.5773809 -0.276015 0.2404047 -0.5013616 -0.1890514 0.2468824 -0.7049026 -0.3923393 0.2374253 -0.6176605 -0.3455821 0.2407439 -0.7049814 -0.4553418 0.237572 -0.6748185 -0.4187562 0.2393514 -0.6180267 -0.4715885 0.2410583 -0.5513257 -0.332022 0.2403853 -0.5441727 -0.2988233 0.2404778 -0.5666564 -0.3984171 0.2404845 -0.5251302 -0.3252419 0.2415598 -0.6750041 -0.5074155 0.2396192 -0.6951238 -0.5836865 0.2387643 -0.7361292 -0.569751 0.2352829 -0.7051044 -0.5253286 0.2378011 -0.5452087 -0.487835 0.2409475 -0.5519874 -0.4580296 0.2407004 -0.525881 -0.4512502 0.2418647 -0.7573571 -0.6725262 0.2335417 -0.736668 -0.7892274 0.2365798 -0.5480818 -0.6977802 0.2422502 -0.5853328 -0.6986517 0.2421748 -0.5542917 -0.6570988 0.2417978 -0.5291276 -0.6798691 0.243183 -0.7061853 -0.8545408 0.2398135 -0.6959243 -0.8031608 0.2401332 -0.6207787 -0.831027 0.2434212 -0.5702912 -0.7421971 0.242429 -0.7063165 -0.8827626 0.2400577 -0.6623471 -0.8851168 0.2428011 -0.5503052 -0.8075127 0.2432583 -0.5863416 -0.7718077 0.2427951 -0.6214406 -0.8874709 0.2439895 -0.5838746 -0.8616035 0.2436607 -0.5523594 -0.8921792 0.2441897 -0.5509572 -0.8357354 0.2435539 -0.621795 -0.9156921 0.2442938 -0.6221649 -0.9439127 0.2446114 -0.6630302 -0.9697787 0.2436674 -0.6229516 -1.000352 0.2452869 -0.528471 -0.8751982 0.2457378 -0.524861 -0.8380897 0.2457053 -0.5855259 -0.9462667 0.2446394 -0.5186013 -0.8667076 0.2474662 -0.6777681 -1.032709 0.2436057 -0.5750381 -0.9748824 0.2449682 -0.6640439 -1.079459 0.2449534 -0.5870545 -1.016232 0.2455454 -0.6239085 -1.063677 0.2461085 -0.6244164 -1.095338 0.2465446 -0.624944 -1.126999 0.2469975 -0.6260579 -1.190317 0.247954 -0.5893673 -1.111217 0.246916 -0.5317679 -1.047992 0.2484185 -0.5564012 -1.032112 0.2460224 -0.5330447 -1.015133 0.2475513 -0.7083691 -1.221879 0.2438793 -0.7086056 -1.253536 0.2443196 -0.5596042 -1.127096 0.2474747 -0.5584953 -1.095435 0.2469719 -0.567168 -1.165217 0.2479302 -0.5827465 -1.241457 0.2490918 -0.5435541 -1.152667 0.2490411 -0.7091554 -1.323497 0.2453433 -0.6800461 -1.279105 0.2468913 -0.6287982 -1.330241 0.2503069 -0.7097428 -1.393471 0.2464369 -0.6810723 -1.372395 0.2483715 -0.6076109 -1.379139 0.251587 -0.5750861 -1.367336 0.2517012 -0.5895847 -1.428035 0.2527498 -0.554502 -1.385883 0.2534866 -0.7122136 -1.649713 0.2510372 -0.7113342 -1.564304 0.2493999 -0.6838139 -1.589873 0.2523257 -0.562287 -1.525821 0.2566478 -0.5782113 -1.546895 0.2559115 -0.5815013 -1.507276 0.2547564 -0.5495518 -1.465127 0.2567221 -0.7127219 -1.696768 0.2519836 -0.6173483 -1.669478 0.2580592 -0.6015807 -1.697946 0.259167 -0.6388898 -1.735117 0.2589716 -0.5828862 -1.632305 0.2580312 -0.6362574 -1.641009 0.2567114 -0.5959546 -1.578267 0.2561573 -0.5890576 -1.654186 0.2583551 -0.5706588 -1.660774 0.2600472 -0.5654252 -1.711122 0.2629106 -0.5943403 -1.748293 0.2608709 -0.576999 -1.754881 0.2626218 -0.5912717 -1.773466 0.2618333 -0.5918062 -1.874545 0.2653322 -0.5759184 -1.858862 0.2672817 -0.590199 -1.858862 0.2649125 -0.6395392 -0.1154241 0.2405813 -0.6665008 -0.1467111 0.2396434 -0.5214131 -0.02100695 0.242619 -0.5283494 3.530415e-17 0.2419957 -0.5216842 3.546389e-17 0.2427152 -0.5172881 -0.02100695 0.2432316 -0.5170649 3.561857e-17 0.2434118 -0.5138238 3.575615e-17 0.2440314 -0.5079257 -0.0420136 0.2452089 -0.5028325 -0.02100695 0.2472758 -0.5059131 3.624361e-17 0.2462267 -0.5043282 3.637929e-17 0.2468377 -0.5028537 3.652221e-17 0.2474814 -0.5015652 3.666313e-17 0.2481161 -0.5007665 3.675944e-17 0.2485498 -0.5173944 -0.06301993 0.242968 -0.5071355 -0.0420136 0.2454542 -0.5066306 -0.0420136 0.2456185 -0.5120025 -0.1470422 0.2436163 -0.5365624 -0.1854404 0.2407854 -0.5184435 -0.1890514 0.2423642 -0.5113731 -0.1785492 0.2436642 -0.5093431 -0.1890514 0.2441248 -0.5106917 -0.1785492 0.2438201 -0.5369637 -0.2151411 0.2407304 -0.6302828 -0.3071882 0.2405913 -0.7516959 -0.4157173 0.2331004 -0.5210177 -0.2274485 0.2419707 -0.507005 -0.2205575 0.2447129 -0.5053592 -0.1890514 0.2452947 -0.5223707 -0.2466466 0.2418002 -0.5033075 -0.2205575 0.2459788 -0.503829 -0.1890514 0.2458428 -0.5027327 -0.1890514 0.2462782 -0.5291122 -0.264039 0.2411715 -0.5016034 -0.2205575 0.2466994 -0.5019397 -0.1890514 0.2466189 -0.7517612 -0.4822124 0.2332799 -0.5168199 -0.2754433 0.2425466 -0.5194714 -0.292043 0.2421695 -0.5096071 -0.2886529 0.2439924 -0.6178048 -0.4085867 0.2408677 -0.5111938 -0.3207218 0.2436603 -0.5054388 -0.3184618 0.2452393 -0.5146696 -0.3848575 0.2431226 -0.5312409 -0.35844 0.2411273 -0.5377743 -0.3916373 0.2408527 -0.5447001 -0.4248339 0.2407169 -0.5833384 -0.4943618 0.2409483 -0.5525106 -0.5171348 0.2409496 -0.6183643 -0.5415745 0.2413481 -0.6187977 -0.611557 0.2417203 -0.5680281 -0.5757327 0.2412183 -0.5206116 -0.4810556 0.2426216 -0.5181544 -0.4959581 0.2430708 -0.5107468 -0.477666 0.2444326 -0.5209438 -0.510608 0.2427533 -0.5268516 -0.5399074 0.2422588 -0.545965 -0.5578201 0.2412904 -0.5112674 -0.5219944 0.2446337 -0.5845742 -0.6343281 0.2417083 -0.5132312 -0.5550889 0.244449 -0.5398724 -0.5985043 0.241764 -0.5342543 -0.6391873 0.2423888 -0.5174582 -0.6212756 0.2442098 -0.6287659 -0.7361018 0.2424842 -0.638295 -0.7874843 0.242726 -0.53623 -0.7413256 0.2432158 -0.5245036 -0.7205499 0.2441648 -0.5223821 -0.7408898 0.2447316 -0.5150406 -0.7319346 0.246091 -0.5101523 -0.7026392 0.2470574 -0.530913 -0.7630978 0.243908 -0.5370516 -0.7779029 0.2435598 -0.5237253 -0.7957554 0.2452592 -0.5240943 -0.809867 0.2454042 -0.5138098 -0.8110441 0.2477496 -0.5102926 -0.8582169 0.250033 -0.5164282 -0.9324318 0.2494781 -0.5112206 -0.8253534 0.2489195 -0.5322133 -0.9123057 0.2458387 -0.5255438 -0.9409221 0.2473621 -0.5232407 -1.006643 0.249258 -0.5360776 -0.9494122 0.2460052 -0.5521177 -0.9950077 0.2456143 -0.587795 -1.047895 0.2459843 -0.588566 -1.079556 0.2464411 -0.518088 -1.035257 0.2515754 -0.5325801 -1.0691 0.2487375 -0.5939346 -1.146108 0.2474644 -0.5218973 -1.055932 0.2508676 -0.5329942 -1.079653 0.2489002 -0.5364344 -1.103992 0.2488953 -0.5272118 -1.10827 0.2507917 -0.6273801 -1.260281 0.2490893 -0.5243274 -1.140116 0.252525 -0.5505013 -1.190787 0.24919 -0.5576624 -1.228907 0.2494905 -0.5364929 -1.216357 0.2516308 -0.5649997 -1.267026 0.2499211 -0.5498188 -1.292594 0.2515849 -0.5724801 -1.305143 0.2504601 -0.7552581 -1.440534 0.2428928 -0.5997449 -1.348788 0.2510375 -0.5679997 -1.336985 0.2512814 -0.6682859 -1.431828 0.2503344 -0.6551284 -1.421291 0.2509385 -0.6319229 -1.470185 0.2529897 -0.5308424 -1.280045 0.2550379 -0.5464719 -1.324437 0.2528752 -0.5370173 -1.318162 0.2545787 -0.5449292 -1.340357 0.2535885 -0.5480746 -1.355533 0.2535106 -0.5394899 -1.364806 0.2555337 -0.6695406 -1.517245 0.2519259 -0.6044535 -1.488731 0.2539331 -0.5677939 -1.446581 0.2538909 -0.5374402 -1.404429 0.2575828 -0.612197 -1.524227 0.2546353 -0.634749 -1.58407 0.2554163 -0.6585983 -1.615442 0.2548069 -0.6719857 -1.668889 0.2550275 -0.7575103 -1.762995 0.2490843 -0.659934 -1.683123 0.256296 -0.5601021 -1.56544 0.2582795 -0.672801 -1.715943 0.2560617 -0.5519385 -1.574712 0.2603416 -0.5591275 -1.585249 0.2591658 -0.5668419 -1.600935 0.2584974 -0.5618998 -1.627953 0.2602548 -0.5648084 -1.638894 0.2601456 -0.5563997 -1.642188 0.2620645 -0.6743494 -1.801343 0.2580257 -0.7147096 -1.867565 0.2556842 -0.6122249 -1.754292 0.2604626 -0.6688284 -1.844041 0.2596385 -0.6314493 -1.820516 0.2616844 -0.7589228 -1.933784 0.2529674 -0.70156 -1.952956 0.2592037 -0.6636882 -1.886737 0.2612741 -0.6752573 -1.952956 0.2620032 -0.7514095 -1.976478 0.2547195 -0.574577 -1.780053 0.2640188 -0.6084639 -1.839689 0.2630852 -0.602717 -1.817615 0.2626269 -0.5829537 -1.800965 0.2635745 -0.5734156 -1.79264 0.2647784 -0.5664555 -1.783347 0.2659483 -0.5790614 -1.814714 0.264689 -0.6482337 -1.929433 0.2638538 -0.5779873 -1.82943 0.2655057 -0.6520347 -1.976478 0.2649782 -0.5413154 -0.01050352 0.2411706 -0.5649362 3.506443e-17 0.2409162 -0.5380826 3.516273e-17 0.2413589 -0.5363508 -0.0525168 0.2411866 -0.5093962 -0.02100695 0.2449423 -0.5105064 3.59294e-17 0.2448116 -0.5079284 3.609308e-17 0.2455488 -0.5340035 -0.07352298 0.241226 -0.5060044 -0.1365397 0.2452596 -0.5111571 -0.1470422 0.2438049 -0.5058988 -0.168047 0.2451757 -0.5056955 -0.1838003 0.2451961 -0.5023285 -0.2363103 0.2463603 -0.5085566 -0.2493548 0.244252 -0.506368 -0.2637532 0.2448806 -0.5016332 -0.2852628 0.2466671 -0.5034259 -0.2703581 0.2459049 -0.5829775 -0.4333083 0.2407264 -0.5284575 -0.4048458 0.2414572 -0.5267165 -0.4357822 0.2417201 -0.5119555 -0.4467305 0.2439552 -0.5021722 -0.4112746 0.2468766 -0.5027303 -0.4742762 0.2470935 -0.5061881 -0.4444706 0.2455283 -0.5047232 -0.4908737 0.2464066 -0.5077791 -0.5000197 0.2454247 -0.5049848 -0.5130379 0.2465078 -0.6282319 -0.6673619 0.2419837 -0.6756886 -0.700395 0.2406064 -0.5034289 -0.5333807 0.247365 -0.5075979 -0.5626796 0.2460721 -0.5254774 -0.5767968 0.2426622 -0.5218969 -0.5805921 0.2431312 -0.6808837 -0.7626649 0.2407702 -0.504475 -0.6033637 0.2477717 -0.518804 -0.6912542 0.2447345 -0.5072798 -0.7433192 0.2488619 -0.5094723 -0.7579666 0.2482433 -0.516045 -0.773548 0.2464789 -0.5125546 -0.7624441 0.2472658 -0.5185043 -0.7809505 0.2460219 -0.5132488 -0.7898768 0.2475334 -0.5090736 -0.7975212 0.2491893 -0.517201 -0.8176102 0.2469254 -0.5175914 -0.8317216 0.2470761 -0.5169625 -0.8481533 0.2475405 -0.556609 -0.9292863 0.2445529 -0.5364435 -1.000825 0.2468468 -0.5250397 -1.025195 0.2492527 -0.5225214 -1.071762 0.2511082 -0.665803 -1.24108 0.2471848 -0.520074 -1.086071 0.2523435 -0.5333623 -1.146392 0.2504103 -0.5365601 -1.165452 0.2503009 -0.5977195 -1.282712 0.249792 -0.5430349 -1.254476 0.2515124 -0.5463995 -1.273535 0.2515261 -0.7105106 -1.47889 0.2478665 -0.535075 -1.342043 0.2559481 -0.55185 -1.425505 0.2550076 -0.5506939 -1.604425 0.2619696 -0.5521138 -1.625777 0.2625171 -0.6401415 -1.777817 0.2600464 -0.6330106 -1.863214 0.2628514 -0.5675992 -1.813264 0.267116 -0.6923743 -1.988239 0.2611488 -0.6236679 -1.956876 0.2661965 -0.5605673 -0.06827147 0.2406288 -0.5029916 -0.2507089 0.2460764 -0.5020573 -0.2579081 0.246466 -0.5095911 -0.2729007 0.2439863 -0.5078777 -0.3980661 0.2447482 -0.5136056 -0.4080602 0.2434159 -0.512927 -0.4235284 0.243624 -0.5067263 -0.4290026 0.2452575 -0.5070114 -0.4605034 0.2453674 -0.691953 -0.6411921 0.2392775 -0.6903876 -0.6699441 0.2395496 -0.685453 -0.6800944 0.2399201 -0.5034795 -0.5020505 0.247018 -0.5122852 -0.5919779 0.2450268 -0.5104533 -0.6123197 0.2457412 -0.5141801 -0.7421045 0.2464671 -0.5154525 -0.7494282 0.2462501 -0.5084534 -0.7732211 0.2489485 -0.5099884 -0.778773 0.248443 -0.5088 -0.7869374 0.249083 -0.6194189 -1.797716 0.261488 -0.5930676 -0.03413614 0.2410145 -0.5074342 -0.4096674 0.2449341 -0.5071463 -0.4174015 0.2450614 -0.5156338 -0.4558768 0.2432629 -0.621402 0.08402596 0.2409234 -0.5928984 0.1260371 0.2407266 -0.5883788 0.08402596 0.2407929 -0.5696705 0.1260371 0.2404926 -0.5538252 0.08402596 0.2406038 -0.5485538 0.1260371 0.2405463 -0.5287859 0.08402596 0.2415433 -0.5245004 0.1260371 0.2417834 -0.5187388 0.08402596 0.2426569 -0.5015707 0.1260371 0.2470525 -0.7377452 1.065065 0.2391728 -0.7065971 0.9392045 0.2405802 -0.7079191 1.158561 0.2430415 -0.6013083 1.937274 0.266774 -0.6260228 1.90591 0.2644695 -0.5950212 1.90591 0.2661884 -0.5772751 1.90591 0.2692949 -0.5921297 1.937274 0.2678313 -0.5858473 1.90591 0.2674687 -0.5866259 1.937274 0.2687683 -0.5809138 1.90591 0.2684408 -0.7179155 0.0280092 0.2366564 -0.678743 0.0420136 0.2393195 -0.7069814 0.0420136 0.2374906 -0.7261575 0.1152034 0.2356883 -0.6897975 0.104811 0.2385035 -0.7503269 0.2231754 0.2330843 -0.6563915 0.2303974 0.2399439 -0.5984824 0.1782182 0.2406806 -0.6109308 0.1782182 0.2407449 -0.507829 0.1050317 0.2448445 -0.5144326 0.1260371 0.2431998 -0.5140958 0.08402596 0.2434483 -0.5080984 0.1260371 0.2446668 -0.5107046 0.1260371 0.2439893 -0.5072999 0.1050317 0.2450019 -0.504933 0.1260371 0.2456742 -0.5062536 0.1260371 0.2452256 -0.5035518 0.1260371 0.2461948 -0.5024517 0.1260371 0.2466531 -0.5061331 0.0420136 0.2457863 -0.7261088 0.33475 0.2355802 -0.5203919 0.168047 0.2421416 -0.6884281 0.3383607 0.2384525 -0.5591207 0.2412302 0.240295 -0.5554599 0.2028335 0.2403331 -0.5773809 0.276015 0.2404047 -0.5013616 0.1890514 0.2468824 -0.7049026 0.3923393 0.2374253 -0.6176605 0.3455821 0.2407439 -0.6748185 0.4187562 0.2393514 -0.7049814 0.4553418 0.237572 -0.6180267 0.4715885 0.2410583 -0.5513257 0.332022 0.2403853 -0.5441727 0.2988233 0.2404778 -0.5666564 0.3984171 0.2404845 -0.5251302 0.3252419 0.2415598 -0.6750041 0.5074155 0.2396192 -0.7361292 0.569751 0.2352829 -0.6951238 0.5836865 0.2387643 -0.7051044 0.5253286 0.2378011 -0.5519874 0.4580296 0.2407004 -0.5452087 0.487835 0.2409475 -0.525881 0.4512502 0.2418647 -0.7573571 0.6725262 0.2335417 -0.736668 0.7892274 0.2365798 -0.5853328 0.6986517 0.2421748 -0.5480818 0.6977802 0.2422502 -0.5542917 0.6570988 0.2417978 -0.5291276 0.6798691 0.243183 -0.7061853 0.8545408 0.2398135 -0.6959243 0.8031608 0.2401332 -0.6207787 0.831027 0.2434212 -0.5702912 0.7421971 0.242429 -0.7063165 0.8827626 0.2400577 -0.6623471 0.8851168 0.2428011 -0.5503052 0.8075127 0.2432583 -0.5863416 0.7718077 0.2427951 -0.6214406 0.8874709 0.2439895 -0.5838746 0.8616035 0.2436607 -0.5523594 0.8921792 0.2441897 -0.5509572 0.8357354 0.2435539 -0.621795 0.9156921 0.2442938 -0.6630302 0.9697787 0.2436674 -0.6221649 0.9439127 0.2446114 -0.6229516 1.000352 0.2452869 -0.528471 0.8751982 0.2457378 -0.524861 0.8380897 0.2457053 -0.5855259 0.9462667 0.2446394 -0.5186013 0.8667076 0.2474662 -0.6777681 1.032709 0.2436057 -0.5750381 0.9748824 0.2449682 -0.6640439 1.079459 0.2449534 -0.5870545 1.016232 0.2455454 -0.6239085 1.063677 0.2461085 -0.6244164 1.095338 0.2465446 -0.624944 1.126999 0.2469975 -0.6260579 1.190317 0.247954 -0.5893673 1.111217 0.246916 -0.5564012 1.032112 0.2460224 -0.5317679 1.047992 0.2484185 -0.5330447 1.015133 0.2475513 -0.7083691 1.221879 0.2438793 -0.7086056 1.253536 0.2443196 -0.5596042 1.127096 0.2474747 -0.5584953 1.095435 0.2469719 -0.5827465 1.241457 0.2490918 -0.567168 1.165217 0.2479302 -0.5435541 1.152667 0.2490411 -0.7091554 1.323497 0.2453433 -0.6800461 1.279105 0.2468913 -0.6287982 1.330241 0.2503069 -0.7097428 1.393471 0.2464369 -0.6810723 1.372395 0.2483715 -0.6076109 1.379139 0.251587 -0.5895847 1.428035 0.2527498 -0.5750861 1.367336 0.2517012 -0.554502 1.385883 0.2534866 -0.7113342 1.564304 0.2493999 -0.7122136 1.649713 0.2510372 -0.6838139 1.589873 0.2523257 -0.5782113 1.546895 0.2559115 -0.562287 1.525821 0.2566478 -0.5815013 1.507276 0.2547564 -0.5495518 1.465127 0.2567221 -0.7127219 1.696768 0.2519836 -0.6015807 1.697946 0.259167 -0.6173483 1.669478 0.2580592 -0.6388898 1.735117 0.2589716 -0.6362574 1.641009 0.2567114 -0.5828862 1.632305 0.2580312 -0.5959546 1.578267 0.2561573 -0.5890576 1.654186 0.2583551 -0.5706588 1.660774 0.2600472 -0.5654252 1.711122 0.2629106 -0.5943403 1.748293 0.2608709 -0.576999 1.754881 0.2626218 -0.5912717 1.773466 0.2618333 -0.5918062 1.874545 0.2653322 -0.5759184 1.858862 0.2672817 -0.590199 1.858862 0.2649125 -0.6395392 0.1154241 0.2405813 -0.6665008 0.1467111 0.2396434 -0.5214131 0.02100695 0.242619 -0.5172881 0.02100695 0.2432316 -0.5079257 0.0420136 0.2452089 -0.5028325 0.02100695 0.2472758 -0.5173944 0.06301993 0.242968 -0.5071355 0.0420136 0.2454542 -0.5066306 0.0420136 0.2456185 -0.5120025 0.1470422 0.2436163 -0.5365624 0.1854404 0.2407854 -0.5184435 0.1890514 0.2423642 -0.5113731 0.1785492 0.2436642 -0.5093431 0.1890514 0.2441248 -0.5106917 0.1785492 0.2438201 -0.5369637 0.2151411 0.2407304 -0.6302828 0.3071882 0.2405913 -0.7516959 0.4157173 0.2331004 -0.5210177 0.2274485 0.2419707 -0.507005 0.2205575 0.2447129 -0.5053592 0.1890514 0.2452947 -0.5223707 0.2466466 0.2418002 -0.5033075 0.2205575 0.2459788 -0.503829 0.1890514 0.2458428 -0.5027327 0.1890514 0.2462782 -0.5291122 0.264039 0.2411715 -0.5016034 0.2205575 0.2466994 -0.5019397 0.1890514 0.2466189 -0.7517612 0.4822124 0.2332799 -0.5168199 0.2754433 0.2425466 -0.5194714 0.292043 0.2421695 -0.5096071 0.2886529 0.2439924 -0.6178048 0.4085867 0.2408677 -0.5111938 0.3207218 0.2436603 -0.5146696 0.3848575 0.2431226 -0.5054388 0.3184618 0.2452393 -0.5312409 0.35844 0.2411273 -0.5377743 0.3916373 0.2408527 -0.5447001 0.4248339 0.2407169 -0.5833384 0.4943618 0.2409483 -0.5525106 0.5171348 0.2409496 -0.6183643 0.5415745 0.2413481 -0.6187977 0.611557 0.2417203 -0.5680281 0.5757327 0.2412183 -0.5206116 0.4810556 0.2426216 -0.5181544 0.4959581 0.2430708 -0.5107468 0.477666 0.2444326 -0.5209438 0.510608 0.2427533 -0.5268516 0.5399074 0.2422588 -0.545965 0.5578201 0.2412904 -0.5112674 0.5219944 0.2446337 -0.5845742 0.6343281 0.2417083 -0.5132312 0.5550889 0.244449 -0.5398724 0.5985043 0.241764 -0.5342543 0.6391873 0.2423888 -0.5174582 0.6212756 0.2442098 -0.6287659 0.7361018 0.2424842 -0.638295 0.7874843 0.242726 -0.53623 0.7413256 0.2432158 -0.5245036 0.7205499 0.2441648 -0.5223821 0.7408898 0.2447316 -0.5150406 0.7319346 0.246091 -0.5101523 0.7026392 0.2470574 -0.530913 0.7630978 0.243908 -0.5370516 0.7779029 0.2435598 -0.5237253 0.7957554 0.2452592 -0.5240943 0.809867 0.2454042 -0.5138098 0.8110441 0.2477496 -0.5164282 0.9324318 0.2494781 -0.5102926 0.8582169 0.250033 -0.5112206 0.8253534 0.2489195 -0.5322133 0.9123057 0.2458387 -0.5255438 0.9409221 0.2473621 -0.5232407 1.006643 0.249258 -0.5360776 0.9494122 0.2460052 -0.5521177 0.9950077 0.2456143 -0.587795 1.047895 0.2459843 -0.588566 1.079556 0.2464411 -0.518088 1.035257 0.2515754 -0.5325801 1.0691 0.2487375 -0.5939346 1.146108 0.2474644 -0.5218973 1.055932 0.2508676 -0.5329942 1.079653 0.2489002 -0.5364344 1.103992 0.2488953 -0.5272118 1.10827 0.2507917 -0.6273801 1.260281 0.2490893 -0.5243274 1.140116 0.252525 -0.5505013 1.190787 0.24919 -0.5576624 1.228907 0.2494905 -0.5364929 1.216357 0.2516308 -0.5649997 1.267026 0.2499211 -0.5498188 1.292594 0.2515849 -0.5724801 1.305143 0.2504601 -0.7552581 1.440534 0.2428928 -0.5679997 1.336985 0.2512814 -0.5997449 1.348788 0.2510375 -0.6682859 1.431828 0.2503344 -0.6319229 1.470185 0.2529897 -0.6551284 1.421291 0.2509385 -0.5308424 1.280045 0.2550379 -0.5464719 1.324437 0.2528752 -0.5370173 1.318162 0.2545787 -0.5449292 1.340357 0.2535885 -0.5480746 1.355533 0.2535106 -0.5394899 1.364806 0.2555337 -0.6695406 1.517245 0.2519259 -0.6044535 1.488731 0.2539331 -0.5677939 1.446581 0.2538909 -0.5374402 1.404429 0.2575828 -0.612197 1.524227 0.2546353 -0.634749 1.58407 0.2554163 -0.6585983 1.615442 0.2548069 -0.6719857 1.668889 0.2550275 -0.7575103 1.762995 0.2490843 -0.659934 1.683123 0.256296 -0.5601021 1.56544 0.2582795 -0.672801 1.715943 0.2560617 -0.5519385 1.574712 0.2603416 -0.5591275 1.585249 0.2591658 -0.5668419 1.600935 0.2584974 -0.5618998 1.627953 0.2602548 -0.5648084 1.638894 0.2601456 -0.5563997 1.642188 0.2620645 -0.7147096 1.867565 0.2556842 -0.6743494 1.801343 0.2580257 -0.6122249 1.754292 0.2604626 -0.6688284 1.844041 0.2596385 -0.6314493 1.820516 0.2616844 -0.7589228 1.933784 0.2529674 -0.70156 1.952956 0.2592037 -0.6636882 1.886737 0.2612741 -0.6752573 1.952956 0.2620032 -0.7514095 1.976478 0.2547195 -0.574577 1.780053 0.2640188 -0.6084639 1.839689 0.2630852 -0.602717 1.817615 0.2626269 -0.5829537 1.800965 0.2635745 -0.5734156 1.79264 0.2647784 -0.5664555 1.783347 0.2659483 -0.5790614 1.814714 0.264689 -0.6482337 1.929433 0.2638538 -0.5779873 1.82943 0.2655057 -0.6520347 1.976478 0.2649782 -0.5413154 0.01050352 0.2411706 -0.5363508 0.0525168 0.2411866 -0.5093962 0.02100695 0.2449423 -0.5340035 0.07352298 0.241226 -0.5111571 0.1470422 0.2438049 -0.5060044 0.1365397 0.2452596 -0.5058988 0.168047 0.2451757 -0.5056955 0.1838003 0.2451961 -0.5023285 0.2363103 0.2463603 -0.5085566 0.2493548 0.244252 -0.506368 0.2637532 0.2448806 -0.5016332 0.2852628 0.2466671 -0.5034259 0.2703581 0.2459049 -0.5829775 0.4333083 0.2407264 -0.5284575 0.4048458 0.2414572 -0.5267165 0.4357822 0.2417201 -0.5119555 0.4467305 0.2439552 -0.5021722 0.4112746 0.2468766 -0.5027303 0.4742762 0.2470935 -0.5061881 0.4444706 0.2455283 -0.5047232 0.4908737 0.2464066 -0.5077791 0.5000197 0.2454247 -0.5049848 0.5130379 0.2465078 -0.6282319 0.6673619 0.2419837 -0.6756886 0.700395 0.2406064 -0.5034289 0.5333807 0.247365 -0.5075979 0.5626796 0.2460721 -0.5254774 0.5767968 0.2426622 -0.5218969 0.5805921 0.2431312 -0.6808837 0.7626649 0.2407702 -0.504475 0.6033637 0.2477717 -0.518804 0.6912542 0.2447345 -0.5072798 0.7433192 0.2488619 -0.5094723 0.7579666 0.2482433 -0.516045 0.773548 0.2464789 -0.5125546 0.7624441 0.2472658 -0.5185043 0.7809505 0.2460219 -0.5132488 0.7898768 0.2475334 -0.5090736 0.7975212 0.2491893 -0.517201 0.8176102 0.2469254 -0.5175914 0.8317216 0.2470761 -0.5169625 0.8481533 0.2475405 -0.556609 0.9292863 0.2445529 -0.5364435 1.000825 0.2468468 -0.5250397 1.025195 0.2492527 -0.5225214 1.071762 0.2511082 -0.665803 1.24108 0.2471848 -0.520074 1.086071 0.2523435 -0.5333623 1.146392 0.2504103 -0.5365601 1.165452 0.2503009 -0.5977195 1.282712 0.249792 -0.5430349 1.254476 0.2515124 -0.5463995 1.273535 0.2515261 -0.7105106 1.47889 0.2478665 -0.535075 1.342043 0.2559481 -0.55185 1.425505 0.2550076 -0.5506939 1.604425 0.2619696 -0.5521138 1.625777 0.2625171 -0.6401415 1.777817 0.2600464 -0.6330106 1.863214 0.2628514 -0.5675992 1.813264 0.267116 -0.6923743 1.988239 0.2611488 -0.6236679 1.956876 0.2661965 -0.5605673 0.06827147 0.2406288 -0.5029916 0.2507089 0.2460764 -0.5020573 0.2579081 0.246466 -0.5095911 0.2729007 0.2439863 -0.5078777 0.3980661 0.2447482 -0.5136056 0.4080602 0.2434159 -0.512927 0.4235284 0.243624 -0.5067263 0.4290026 0.2452575 -0.5070114 0.4605034 0.2453674 -0.691953 0.6411921 0.2392775 -0.6903876 0.6699441 0.2395496 -0.685453 0.6800944 0.2399201 -0.5034795 0.5020505 0.247018 -0.5122852 0.5919779 0.2450268 -0.5104533 0.6123197 0.2457412 -0.5141801 0.7421045 0.2464671 -0.5154525 0.7494282 0.2462501 -0.5084534 0.7732211 0.2489485 -0.5099884 0.778773 0.248443 -0.5088 0.7869374 0.249083 -0.6194189 1.797716 0.261488 -0.5930676 0.03413614 0.2410145 -0.5074342 0.4096674 0.2449341 -0.5071463 0.4174015 0.2450614 -0.5156338 0.4558768 0.2432629</float_array>
          <technique_common>
            <accessor count="3192" source="#cubeverts-array1-array" stride="3">
              <param type="float" name="X"/>
              <param type="float" name="Y"/>
              <param type="float" name="Z"/>
            </accessor>
          </technique_common>
        </source>
        <source id="cubenormals-array1">
          <float_array count="19140" id="cubenormals-array1-array">0.4081189 0.001134864 0.9129281 0.3829241 0.0009791233 0.9237793 0.396675 0.0007214891 0.9179589 0.356499 0.0008658933 0.9342952 0.368799 0.000551496 0.9295091 0.3419006 0.0003891129 0.9397361 0.3261963 0.000770222 0.9453017 0.2935755 0.0006179325 0.9559357 0.3117779 7.711802e-05 0.950155 0.2616945 0.0004354015 0.9651507 0.2769992 -0.0001956039 0.9608701 0.231469 0.000232386 0.9728422 0.2422315 -0.0003435435 0.9702184 0.2005103 0.0001648343 0.9796916 0.2095072 -0.0004345659 0.977807 0.1658796 2.071691e-05 0.986146 0.1737204 -0.000766161 0.9847947 0.1295575 -0.0003650316 0.9915718 0.09502358 -0.0007400062 0.9954746 0.1335418 -0.0008919071 0.9910429 0.0945406 -0.000817998 0.9955208 0.0605073 -0.0005290171 0.9981676 0.8521759 -0.05148101 0.5207167 0.2934772 -0.001280297 0.9559652 0.2656696 8.867792e-05 0.9640642 0.2486847 0.001621518 0.9685832 0.2305894 0.002086728 0.9730489 0.1991304 0.004007978 0.9799649 0.1913989 0.005147319 0.9814988 0.1467907 0.007047507 0.9891424 0.1486956 0.006769986 0.9888598 0.1032856 0.009507402 0.9946063 0.07614373 0.01013201 0.9970453 0.04401109 0.01233649 0.9989548 0.1032866 0.008408287 0.9946161 0.09226535 0.01011806 0.995683 0.05651953 0.009541047 0.9983559 0.05651883 0.01077244 0.9983435 0.01013738 0.01263236 0.9998688 0.009832161 0.01667404 0.9998127 -0.1923399 0.0158534 0.9812003 0.6834587 0.004242067 0.7299768 0.7133349 0.008876172 0.700767 0.7281142 0.01232796 0.6853449 0.6946564 0.003010513 0.7193353 0.6245108 0.006013835 0.780993 0.698397 0.00617779 0.7156839 0.6684006 0.003035735 0.7437953 0.7968979 0.004652068 0.604096 0.8372417 0.004008338 0.5468182 -0.1066908 -0.002246125 0.9942897 -0.1306315 -0.004389095 0.9914213 -0.1350183 -0.0007373118 0.9908429 -0.1272843 0.0108902 0.9918065 0.5464299 0.001214932 0.837504 0.5351503 0.0007463804 0.8447565 0.5248462 0.001125164 0.8511963 -0.1649521 -0.0002090556 0.9863016 -0.165564 0.0002238837 0.986199 0.5110705 0.0006722608 0.8595385 0.454578 -0.002312542 0.8907039 0.4809781 0.0004668373 0.8767325 0.5036176 0.001013408 0.8639261 -0.1649521 -0.0005346363 0.9863015 -0.1465665 -0.002810273 0.9891968 -0.1889635 -0.003790194 0.9819767 -0.1983448 0.001366514 0.9801313 -0.1889648 -0.000750187 0.9819835 -0.1672852 -0.002977805 0.9859041 0.0945406 -0.0006660986 0.9955208 0.06531239 -0.0004250528 0.9978648 0.04582267 0.001823081 0.998948 0.02491385 0.007042665 0.9996648 0.0653087 -0.01062591 0.9978085 0.04582258 -0.002642305 0.9989461 0.02491447 0.0002941496 0.9996895 0.02004007 -0.0004622918 0.9997991 0.008174945 -0.0005332455 0.9999664 -0.005747674 0.002214704 0.999981 -0.2016905 -0.0178546 0.9792865 -0.01990896 0.008336814 0.9997671 -0.198353 0.005826115 0.9801134 -0.2137344 -0.001522619 0.9768906 0.1207409 -0.005124669 0.9926708 0.2349955 0.007213716 0.9719697 -0.08681633 0.006952449 0.9962001 0.1892819 0.0008719336 0.9819224 0.1889834 0.001694102 0.9819788 0.188692 0.0009084505 0.9820359 0.3330668 -0.002140123 0.9429008 0.3330662 -0.002841564 0.9428992 0.1883928 0.001730247 0.9820921 0.07854172 0.003804063 0.9969036 0.07833577 0.003895683 0.9969195 -0.006966432 0.004981689 0.9999633 0.07807615 0.003063263 0.9969428 -0.1252495 0.01101964 0.9920641 -0.1296535 0.005499629 0.9915441 -0.1042133 -0.04253246 0.9936451 -0.1296213 0.005681843 0.9915473 -0.1295893 0.005742121 0.9915512 -0.2004412 -0.007954434 0.9796735 -0.195611 0.007132406 0.9806556 -0.1956374 0.007009633 0.9806512 -0.1750412 0.006181121 0.9845417 -0.1749959 0.005982162 0.984551 -0.1954875 0.03623178 0.9800366 0.06367693 -0.01148484 0.9979045 -0.004142082 0.008520965 0.9999551 -0.2469843 0.0073614 0.9689915 -0.2470071 0.007234567 0.9689867 0.1684078 -0.005294207 0.9857032 -0.07037568 -0.003998334 0.9975126 -0.07109343 -0.001470046 0.9974687 -0.1042958 0.01504541 0.9944325 0.1678869 0.009268463 0.9857627 -0.2689346 0.01375774 0.9630602 -0.2480518 0.005366595 0.9687319 -0.2749317 0.01158836 0.9613939 -0.2099827 -0.0123565 0.9776269 -0.2138364 0.01500787 0.9767542 -0.2105624 0.02438439 0.9772762 -0.2179614 0.01497269 0.9758425 -0.1931943 -0.004724889 0.9811491 -0.1373434 0.02466425 0.9902164 -0.194024 -0.002072555 0.9809946 -0.1475986 0.01097869 0.9889864 -0.1892769 0.01761885 0.9817657 -0.2489887 0.01195827 0.9684326 -0.2237523 0.005562629 0.9746302 -0.2519177 0.01179809 0.9676767 -0.2223393 0.0004565248 0.9749693 -0.23361 0.010248 0.9722764 -0.1951635 0.006736151 0.9807476 0.02530833 0.00815498 0.9996465 0.7867131 -0.04271043 0.6158395 -0.1867641 0.01622878 0.9822707 0.1061856 0.001497574 0.9943452 0.09350269 0.01205988 0.995546 0.1991169 0.01235231 0.9798979 0.2934771 -0.001620125 0.9559647 0.2486835 0.00355032 0.9685783 0.1467435 0.0263178 0.9888244 0.3391974 -0.001265467 0.9407144 -0.1637946 0.0126633 0.9864132 0.2084339 0.002781416 0.9780325 0.523385 -0.01840053 0.8518976 0.5215724 -0.01820851 0.8530127 0.5147916 -0.01775175 0.8571315 0.5081082 -0.01718258 0.8611218 0.5034645 -0.01676172 0.8638533 0.5014842 -0.01655439 0.8650085 0.494894 -0.0161269 0.8688037 0.4883921 -0.0155819 0.8724852 0.4806638 -0.01484779 0.8767792 0.4817611 -0.01496132 0.8761749 0.4751958 -0.01450728 0.8797604 0.4676664 -0.01396376 0.8837947 0.4584913 -0.01318017 0.8886011 0.4535305 -0.01274943 0.8911495 0.4491475 -0.01224317 0.8933737 0.4256383 -0.01062746 0.904831 0.3988064 -0.009672212 0.9169841 0.3685383 -0.01005968 0.9295582 0.3336872 -0.01278406 0.9425972 0.4396082 -0.01179495 0.8981122 0.3617711 -0.00841295 0.932229 0.297367 0.0149833 0.9546456 0.05803469 0.01086837 0.9982554 0.03092767 0.02470806 0.9992162 0.0922331 0.02830486 0.9953351 -0.0259773 0.004200658 0.9996537 -0.02835413 0.002611307 0.9995945 -0.1266914 0.009254687 0.991899 -0.1983429 0.023037 0.9798619 -0.2144678 0.02487997 0.9764142 -0.1270364 0.01242546 0.9918202 -0.1680065 0.01340084 0.9856948 -0.1305384 0.01688967 0.9912994 -0.1670447 0.01552227 0.9858271 0.009833004 -0.01032574 0.9998983 -0.02390994 0.02047047 0.9995044 -0.03024022 0.01761818 0.9993874 -0.0577135 0.01245735 0.9982554 -0.07742692 0.01428055 0.9968957 -0.08954902 0.01197651 0.9959104 -0.1190449 0.01928693 0.9927015 -0.1111308 0.01174306 0.9937364 -0.1436985 0.01476103 0.9895114 -0.1437003 0.01478346 0.9895108 -0.155596 0.008377062 0.9877852 -0.188288 0.01975239 0.9819152 -0.1875987 0.01974789 0.9820473 -0.176032 0.01006034 0.984333 -0.1759953 0.02277515 0.9841275 -0.1844087 0.01599745 0.9827194 0.8200381 0.003008537 0.5723009 0.7925749 0.006250618 0.6097426 0.7641151 0.006504275 0.6450472 0.7348951 0.00386549 0.6781698 0.7419163 0.004676238 0.670476 0.8173496 0.003630334 0.5761306 0.6148566 0.00131084 0.7886378 0.5850017 0.003669671 0.8110237 0.5555444 0.003620102 0.831479 0.5631258 0.003375395 0.8263642 0.5485191 0.003204914 0.8361319 0.5265729 0.003259205 0.8501237 0.53402 0.003015276 0.8454664 0.4981865 0.002763552 0.8670655 0.5173072 0.002713517 0.8557955 0.4704071 0.002140031 0.8824469 0.4972759 0.002681855 0.8675883 0.5612831 0.002381033 0.8276204 0.6326932 0.004415211 0.77439 0.5578639 0.002495821 0.8299288 0.5433042 0.002315242 0.8395327 0.5402666 0.002138099 0.8414912 0.5288835 0.002290651 0.8486915 0.515591 0.001856661 0.8568329 0.5146183 0.001910077 0.8574172 0.4608218 0.002843392 0.8874881 0.4882692 0.001539409 0.8726918 0.499318 0.00204165 0.8664163 0.5612828 0.002592169 0.82762 0.6034959 0.000463125 0.797366 0.4335563 -0.04970902 0.8997543 0.4606156 -0.03004008 0.8870912 0.4882172 -0.01466621 0.8725989 0.5402675 0.001064129 0.8414927 0.5155873 -0.004207005 0.8568267 0.6233101 0.01156256 0.7818892 0.6128206 0.001292046 0.790221 0.605899 0.006220278 0.7955171 0.6531709 0.02521426 0.7567906 0.6382263 0.01762014 0.7696471 0.5848676 0.002458479 0.811125 0.489687 0.002374365 0.871895 0.6059113 0.001852031 0.7955301 0.5628102 0.001577522 0.8265847 0.5409694 0.002255037 0.8410392 0.4982725 0.01228663 0.8669334 0.4534019 0.03497341 0.8906198 0.5631361 0.02627262 0.8259465 0.4828157 0.0002116156 0.8757219 0.4773709 0.02140178 0.8784412 0.42486 0.05599911 0.9035253 0.5194583 0.005867677 0.8544757 0.5633298 0.001633213 0.8262305 -0.07606309 0.003819627 0.9970956 0.001070902 -0.01470344 0.9998913 -0.03413341 0.0002328752 0.9994172 -0.06783784 -0.004599547 0.9976857 -0.09834608 -0.02765428 0.994768 0.6834649 0.0003485914 0.7299832 0.7133557 -0.004528696 0.7007875 0.7281457 -0.008108058 0.6853744 0.653377 0.002263265 0.7570293 0.7000945 -3.508682e-05 0.7140502 0.6984092 -0.001706422 0.7156966 0.6684027 0.001670864 0.7437977 0.6423672 0.002177707 0.7663939 0.7236394 0.004954197 0.6901605 0.6081592 -0.0002886501 0.793815 0.7464853 0.02394409 0.6649709 0.7536871 0.02829142 0.6566242 0.7608607 0.03305798 0.6480727 0.7392597 0.02000759 0.6731232 0.7319798 0.01645687 0.6811274 0.767871 0.03815769 0.6394671 0.7233481 0.01272978 0.6903662 0.7128878 0.008963254 0.7012209 0.6905193 0.003514149 0.7233055 0.7017354 0.005820276 0.7124138 0.6792521 0.002034862 0.7339021 0.6680057 0.00137538 0.7441549 0.6632525 0.001435374 0.7483943 0.6627767 0.03789896 0.7478574 0.6589748 0.03523956 0.7513391 0.6593837 0.001392893 0.7518054 0.6567343 0.001301615 0.7541209 0.6556812 0.001339671 0.7550367 0.6553292 0.03279101 0.7546313 0.6516016 0.03038968 0.7579524 0.651902 0.001387211 0.7583019 0.648142 0.001346226 0.7615182 0.6478868 0.02809727 0.7612183 0.6441439 0.02588801 0.7644661 0.6443595 0.001216659 0.7647218 0.6436188 0.001174028 0.7653453 0.6276402 0.001361178 0.7785023 0.6108235 0.003186653 0.7917604 0.5940806 0.006706136 0.8043776 0.6398771 0.02348337 0.7681184 0.5941685 -0.0001363979 0.8043405 0.5581067 0.01972907 0.8295346 0.640053 0.001302451 0.7683296 0.5774219 0.01186807 0.8163597 -0.015505 -0.001263774 0.999879 -0.06838726 -0.003960281 0.997651 0.809698 0.001585385 0.5868444 0.7684299 0.001390665 0.6399325 0.7699796 0.001378594 0.638067 0.7645521 0.001354523 0.6445604 0.7612762 0.001365924 0.6484264 0.7591982 0.0013379 0.650858 0.7539882 0.00133393 0.6568866 0.7537381 0.001329529 0.6571736 0.7466989 0.001314449 0.665161 0.7482711 0.001302485 0.6633917 0.1737187 -0.004505928 0.984785 0.133519 -0.01850779 0.9908734 0.1456313 -0.0111764 0.9892758 0.2422315 -0.0004984492 0.9702183 0.2769932 -0.006558246 0.9608495 0.2095072 0.0002495909 0.977807 0.7419062 0.001270968 0.6705025 0.7394071 0.001289878 0.6732574 0.7340688 0.001241848 0.679074 0.7320784 0.001260922 0.6812192 0.7257701 0.001217576 0.6879362 0.723406 0.0012449 0.6904217 0.7174756 0.001184352 0.6965827 0.712916 0.001221269 0.7012483 0.7017468 0.001174916 0.7124254 0.7091355 0.001160049 0.7050713 0.690523 0.001137889 0.7233096 0.6992701 0.001120243 0.7148567 0.6873672 0.001068808 0.7263093 0.6792532 0.001109412 0.7339032 0.6276407 -0.0007114761 0.7785028 0.6108248 -0.002436231 0.7917621 0.5940874 -0.004701625 0.8043868 0.6747102 0.001024212 0.7380821 0.5774463 -0.007490414 0.8163943 0.668006 0.001077537 0.7441551 0.6567346 0.0009013842 0.7541212 0.6436193 0.0003928304 0.7653458 0.1399795 0.001796047 0.9901528 -0.2234912 -0.009132341 0.9746631 -0.2275616 -0.001066652 0.9737631 -0.2575546 -0.004989235 0.9662508 -0.01550441 -0.008837632 0.9998407 0.0002964411 -0.01118581 0.9999374 0.02287241 -0.04045122 0.9989197 0.2777879 -0.01420978 0.9605373 0.1399767 0.001773961 0.9901532 0.2553879 -0.001168197 0.966838 -0.07293745 0.007608826 0.9973075 -0.106691 -0.001044684 0.9942917 -0.06736753 -0.002754211 0.9977245 -0.06937835 -0.001055665 0.9975898 -0.1272907 -0.004246472 0.9918564 -0.1465577 -0.01128812 0.9891377 -0.1188477 -0.03309238 0.9923609 -0.07442982 0.004577909 0.9972157 -0.05104379 -0.002329127 0.9986938 0.01298299 0.01050207 0.9998606 0.01272986 0.01188144 0.9998484 0.4163986 -0.001631586 0.9091808 0.4084555 0.002174437 0.9127756 0.2662529 -0.001699522 0.9639017 0.2692144 0.001681483 0.9630788 -0.05932287 -0.006850666 0.9982153 0.1563156 0.001336721 0.9877063 0.0595555 -0.007034454 0.9982002 0.1470719 0.01189338 0.9890543 -0.2875359 -0.003347108 0.957764 -0.2346098 -0.04105065 0.9712225 -0.2422014 0.01438852 0.9701192 -0.2568663 -0.002797714 0.9664429 -0.06118274 0.004968061 0.9981142 -0.02235358 0.009984386 0.9997002 -0.03268215 -0.01113674 0.9994037 -0.1571913 -0.01752982 0.9874126 -0.1533147 0.0646845 0.9860581 -0.1672767 -0.01049311 0.9858541 -0.2182554 0.008940503 0.9758508 -0.1805992 -0.002329282 0.983554 -0.2129111 -0.001011211 0.977071 -0.2198738 0.004384051 0.9755185 -0.08414841 -0.005824956 0.9964362 -0.1115282 0.01933039 0.9935732 -0.1114885 0.01621651 0.9936334 -0.1770596 -0.01372127 0.9841045 -0.1092649 0.01477384 0.9939029 0.1525726 0.001352978 0.9882913 0.1540026 -0.0016711 0.9880689 -0.1158079 0.005867758 0.9932542 -0.09883421 -0.03977686 0.9943086 0.5704373 -0.007506032 0.8213068 0.06310121 -0.001754997 0.9980056 0.05890248 0.001205114 0.9982631 0.02004007 -0.0002379423 0.9997991 -0.01608432 -0.001461581 0.9998695 0.008173535 -0.01860794 0.9997935 -0.005747363 -0.01065661 0.9999267 -0.01990942 -0.004782028 0.9997904 -0.04913232 -0.02741364 0.998416 -0.04915063 0.002645639 0.9987879 -0.05410941 0.004189164 0.9985263 -0.05409544 -0.0231082 0.9982683 0.06008708 -0.001681771 0.9981917 0.09463494 -0.02623149 0.9951664 -0.05345447 -0.02341842 0.9982957 -0.01463321 0.00103545 0.9998924 0.1025545 0.03691044 0.9940423 0.1094275 0.01666899 0.993855 -0.147453 -0.006945158 0.9890447 -0.2589555 -0.004063168 0.9658807 -0.2835273 -0.0005189193 0.958964 -0.2859296 -0.001369586 0.9582496 -0.2528155 -0.01262582 0.9674321 -0.04879504 0.02513883 0.9984924 0.02055345 -0.02557823 0.9994615 0.01552229 -0.00782236 0.9998489 0.2773098 -0.00405035 0.960772 -0.1070662 0.01894811 0.9940713 0.2803876 -0.01180894 0.9598142 0.03758546 -0.003545408 0.9992872 0.1767347 -0.007089248 0.984233 0.1606464 0.01441741 0.9869066 -0.1618263 -0.01071091 0.9867611 0.05877333 0.003578171 0.998265 0.03183556 0.01587058 0.9993671 0.3171476 0.009979363 0.9483237 0.1484798 -0.005914601 0.9888977 0.05822496 0.002519673 0.9983003 0.2070301 0.004638177 0.9783236 0.1371094 0.02698252 0.9901884 0.08874106 -0.002623272 0.9960513 0.1930071 -0.01157809 0.9811291 0.2330233 -0.01259242 0.9723896 0.01295601 0.009443136 0.9998715 0.01325388 0.0122021 0.9998378 0.09552573 -0.004432275 0.9954171 0.09512236 -0.007651749 0.9954361 -0.2226388 0.007307612 0.9748737 -0.1986678 0.001107625 0.9800663 0.2731146 0.003673691 0.9619745 0.2762666 -0.004196506 0.9610719 0.5628553 0.003901019 0.8265463 -0.00774114 -0.009025821 0.9999293 -0.07466717 0.007801723 0.997178 -0.1421699 0.01573383 0.9897172 -0.1666106 -0.006892245 0.9859987 -0.09743873 -0.006699441 0.995219 -0.131678 0.004800379 0.991281 -0.08708081 0.03262388 0.9956669 -0.08089334 0.005446231 0.9967079 -0.05485859 -0.001354337 0.9984932 0.1905287 -0.01024569 0.9816282 0.1409339 0.03308279 0.9894661 -0.1083223 -0.01065574 0.9940587 -0.1721025 0.009561311 0.9850327 -0.1697876 -0.003172604 0.9854756 -0.1352111 0.001716761 0.9908153 -0.1184239 -0.003426394 0.9929572 -0.1130099 -0.0291242 0.9931669 0.1095796 0.009472079 0.9939328 0.01906526 -0.01044644 0.9997636 -0.02104046 -0.02016469 0.9995753 -0.1151186 0.001272272 0.9933509 -0.05244908 0.00104925 0.998623 0.01974345 -0.01286761 0.9997222 0.1071498 0.005855743 0.9942256 -0.01448345 0.01550566 0.9997749 -0.006854217 -0.01316398 0.9998899 0.002200951 0.01500581 0.999885 -0.2843646 -0.000418387 0.9587161 -0.2639979 -0.0004172444 0.9645231 0.1940938 0.0103255 0.9809286 0.2014198 0.00391541 0.9794973 0.1139385 -0.0006529494 0.9934876 0.1010259 -0.008528722 0.9948472 0.1050819 -0.003800746 0.9944563 0.0251547 0.01433171 0.9995808 -0.07899579 -0.003154978 0.99687 -0.07804437 -0.007291317 0.9969233 -0.112181 0.02099314 0.993466 0.3652282 -0.01278825 0.9308301 -0.121239 0.01023363 0.9925706 -0.1689301 -0.006727021 0.9856051 -0.2242069 -0.003524439 0.9745352 -0.08891112 -0.01852935 0.9958673 -0.1203425 0.005921718 0.9927147 -0.1682304 -0.010528 0.9856915 -0.2523822 0.008061003 0.9675941 -0.2553896 0.01095012 0.9667763 -0.2813253 -0.001522439 0.9596113 0.004969097 -0.013325 0.9998988 -0.001462132 0.01565964 0.9998763 -0.08281682 0.0198442 0.9963672 -0.07549299 0.009681723 0.9970994 -0.1216339 -0.00217989 0.9925727 -0.1236967 -0.005987972 0.992302 -0.2246575 -0.01109841 0.9743746 -0.2557807 0.004086051 0.9667262 -0.2778519 -0.005322376 0.9606092 -0.2372405 0.01951842 0.9712548 -0.1961167 -0.0233181 0.9803033 -0.204361 0.02598974 0.9785506 -0.02015488 -0.01125682 0.9997334 -0.07779942 0.005823796 0.9969521 -0.1178204 -0.01532232 0.9929166 0.2368457 0.01140429 0.9714804 0.307189 -0.009996776 0.951596 -0.2804542 0.002164257 0.959865 -0.2475628 0.002138617 0.9688695 -0.2315626 -0.01601782 0.9726881 -0.1127178 0.01907819 0.9934439 -0.1647196 -0.02138416 0.9861087 -0.2278432 0.01870448 0.9735182 0.08761611 0.004419138 0.9961445 0.1950835 0.01107704 0.9807241 0.201257 -0.003780281 0.9795312 0.3712451 -0.005631499 0.9285178 0.2819962 0.009969402 0.9593637 0.274435 0.002935716 0.9616012 0.09525906 0.00834333 0.9954175 0.007440411 -0.005482416 0.9999573 -0.2804188 0.002555043 0.9598743 -0.2471991 0.002524435 0.9689614 0.09434299 0.005641644 0.9955238 0.1213773 -0.02154421 0.9923726 -0.07172952 0.002203342 0.9974217 -0.01892271 -0.01069661 0.9997638 -0.0246808 0.03269012 0.9991608 -0.07818995 0.006834203 0.996915 -0.2248787 0.007646455 0.9743568 -0.04685957 -0.01044891 0.9988468 0.01335364 0.01467329 0.9998031 0.04023534 -0.002573123 0.9991869 -0.274351 0.01304843 0.9615411 -0.2614563 0.0007378266 0.965215 0.5696336 -0.0004371894 0.8218986 -0.09340244 -0.03473285 0.9950225 -0.09602077 -0.01181139 0.9953092 0.03396551 0.009044776 0.9993821 -0.04228345 -0.02055571 0.9988942 0.116215 -0.0271224 0.9928537 0.2129908 -0.00384934 0.9770466 0.1137824 0.004150965 0.993497 0.1126161 0.02056809 0.9934257 0.1147759 0.01662658 0.9932522 0.1123413 0.01459781 0.9935624 0.4487972 -0.01029791 0.8935743 0.4459142 0.004959699 0.895062 -0.09011234 -0.02469402 0.9956253 -0.1511609 0.01450616 0.9884027 -0.1006154 0.01933076 0.9947376 0.009606682 -0.003847776 0.9999464 -0.04534376 0.03349181 0.9984099 0.0115312 -0.008139226 0.9999004 0.69293 -0.007889746 0.7209617 0.7727487 -0.01081206 0.6346199 -0.2613183 -0.0009462868 0.9652523 -0.2617123 -0.0005684684 0.9651458 -0.2814458 0.006614704 0.9595543 -0.2678919 0.005265108 0.9634346 -0.2837794 0.00596002 0.9588711 -0.05733216 0.01546065 0.9982355 -0.1550649 -0.01811485 0.9877382 0.0017093 -0.02046076 0.9997892 -0.1098492 -0.01321608 0.9938604 -0.05364023 0.008343156 0.9985254 0.07462493 -0.006260398 0.997192 -0.1857028 -0.01224677 0.9825296 -0.1968173 0.04868158 0.9792308 0.3525021 0.009274891 0.935765 -0.002588362 0.01784093 0.9998375 -0.0007414235 0.01656867 0.9998625 0.3854742 -0.0128219 0.9226295 -0.1498811 0.0005875319 0.9887038 -0.2073055 0.004948867 0.9782638 -0.2249989 -0.01066511 0.9743006 -0.1122905 0.01470777 0.9935665 -0.05334992 -0.0004262198 0.9985757 -0.1299634 0.03217402 0.9909967 -0.1340155 -0.01559993 0.9908564 -0.1555416 0.0281147 0.9874291 0.3857646 -0.01572118 0.9224632 0.07620312 0.001978373 0.9970904 0.06146875 0.01893417 0.9979294 0.009893701 0.002936613 0.9999468 -0.05076935 -0.00933051 0.9986668 -0.002343554 0.006873141 0.9999736 0.002474607 -0.004931734 0.9999847 -0.06598665 0.02853121 0.9974125 0.01735725 -0.02468395 0.9995446 0.01831525 -0.0002580869 0.9998322 0.01820196 -0.0003477337 0.9998342 0.1614556 -0.03541628 0.9862443 0.1145184 0.004299701 0.9934118 -0.1886569 -0.01303949 0.9819565 -0.1931416 -0.002510972 0.9811677 -0.2311578 0.02721029 0.9725357 0.163383 0.006154018 0.9865435 0.01858698 -0.0005286959 0.9998271 0.2032189 0.01098739 0.9790717 0.3542788 -0.005765052 0.9351221 0.2276785 0.002740627 0.9737325 0.3524187 0.01179957 0.9357681 0.2287032 -0.008350844 0.9734604 0.8219125 -0.01849258 0.5693135 0.7434568 -0.01509099 0.6686137 0.8547894 -0.02094134 0.5185522 0.05245659 -0.002206462 0.9986207 0.0938322 0.01830888 0.9954196 0.07363532 -0.002049445 0.9972832 -0.03365752 0.01443161 0.9993292 -0.008378969 -0.006179021 0.9999458 0.07829965 -0.006426059 0.9969092 0.007309623 0.02332782 0.9997012 0.4785155 -0.00597648 0.8780589 0.3439847 0.0004113575 0.9389752 0.4956448 -0.009766986 0.8684704 -0.1344359 0.01561786 0.9907991 0.3620254 0.01012477 0.9321133 -0.2044406 -0.004603775 0.9788682 -0.1831713 0.006748609 0.9830579 -0.1621456 0.002193696 0.9867644 0.2505739 -0.002937583 0.968093 0.2436433 -0.006191704 0.9698452 0.3302083 0.0008047356 0.9439077 -0.2087543 0.01158544 0.9778995 -0.1622789 0.0007363627 0.9867446 -0.1623635 0.001390513 0.9867301 -0.2086929 0.01102843 0.977919 0.2605615 0.007823599 0.9654256 0.2586118 -0.02972105 0.965524 0.3300534 0.001025894 0.9439617 -0.06695224 -0.004103098 0.9977477 -0.08204082 0.007235384 0.9966027 -0.1272608 0.007133686 0.9918436 -0.1569734 -0.00624692 0.987583 0.3722389 -0.008830599 0.9280949 0.1466397 -0.006513388 0.9891685 0.04946187 0.0006900178 0.9987758 0.1323159 0.004198854 0.9911987 0.3759144 -0.011592 0.9265819 0.1469843 0.009532733 0.9890929 0.1462909 -0.00693687 0.9892173 -0.1704199 0.0009228472 0.9853712 -0.1491003 0.0219671 0.988578 -0.08548781 -0.002988179 0.9963347 -0.159375 -0.01392215 0.98712 -0.1366087 0.006833458 0.9906016 0.7328113 -0.01706879 0.6802179 0.8050247 -0.02066641 0.5928811 -0.03272682 -0.0009584942 0.9994639 0.05213027 0.01024536 0.9985877 -0.03608582 -0.004783329 0.9993373 0.05422898 0.007593255 0.9984996 -0.08715954 0.01348182 0.9961032 -0.09284221 0.01658255 0.9955428 -0.08901197 0.01170567 0.9959617 0.05230274 0.006474288 0.9986103 0.08532289 -0.02478151 0.9960451 0.6840554 -0.009664734 0.7293661 0.7758459 -0.02351658 0.6304839 0.2842594 -0.007403363 0.9587188 0.1785649 -0.008574028 0.9838908 0.476168 -0.001470396 0.8793532 0.467778 -0.007131009 0.8838173 -0.173229 0.01303146 0.9847953 -0.1324025 -0.00263993 0.9911925 -0.1702343 0.02170754 0.9851645 -0.1348842 0.00098279 0.9908609 0.6750207 -0.01564174 0.7376329 0.4673951 -0.0068433 0.8840221 0.5687833 -0.01097507 0.8224142 0.5687841 -0.01083477 0.8224155 -0.06152892 -0.0009950869 0.9981048 -0.0370399 0.02061661 0.9991011 0.002679147 0.001762575 0.9999949 0.08183048 -0.001598726 0.9966449 -0.002484605 0.007215022 0.9999709 0.07308397 0.03826463 0.9965914 0.09283303 -0.007548543 0.9956531 -0.1597649 0.009298064 0.9871113 -0.1152722 -0.002628149 0.9933305 -0.1153277 -0.002762212 0.9933236 -0.1263301 0.0127746 0.991906 -0.1638236 -0.002005928 0.9864876 0.02222838 -0.004634801 0.9997422 -0.003319684 0.006559917 0.9999729 0.02172951 0.006900421 0.99974 -0.01075559 -0.002183832 0.9999398 -0.06413574 0.02244324 0.9976888 -0.05944155 -0.003534536 0.9982255 -0.05974048 0.004737577 0.9982027 -0.2198833 0.01217231 0.9754503 -0.2114675 -0.0008360532 0.9773846 0.467402 -0.004152363 0.8840352 0.5545927 -0.01994888 0.8318828 -0.2479163 0.005145047 0.9687678 -0.2534549 0.01022705 0.9672931 -0.2762445 0.007763948 0.9610561 0.3629636 -0.01172907 0.9317296 0.3406951 0.003510275 0.9401672 -0.2680332 -0.000618587 0.9634094 -0.2536607 0.009203317 0.9672495 -0.2224544 0.0007699868 0.9749428 0.3749688 0.005691123 0.92702 0.3808966 -0.01354663 0.9245184 0.2394329 -0.006568336 0.9708906 -0.2671032 -0.004988818 0.963655 -0.214343 -0.005738426 0.9767416 -0.2152077 0.0188686 0.976386 -0.2266828 0.01766647 0.9738084 -0.2679482 0.02611954 0.9630792 -0.2470132 0.001654355 0.9690107 0.4537499 -0.01151568 0.8910547 0.3957549 0.00761656 0.9183246 0.554269 -0.01700874 0.8321639 0.4533762 -0.002668668 0.8913153 0.02918249 0.009599867 0.999528 0.03606942 0.02155153 0.9991168 0.1454528 0.004226913 0.9893562 0.04172109 -0.001083913 0.9991287 0.1253356 0.009045305 0.9920731 0.1409018 -0.004216525 0.9900146 -0.2529554 0.01186347 0.9674052 -0.2151438 0.00403507 0.9765741 0.2501782 -0.003360431 0.9681939 -0.1468267 0.003781252 0.989155 -0.1861987 0.01023821 0.9824588 -0.1473938 0.002495155 0.9890748 0.3495542 -0.0002174203 0.9369162 0.2552749 -0.008968549 0.9668269 -0.224594 0.005327769 0.9744378 -0.2529975 0.01143942 0.9673993 -0.2529052 0.01161752 0.9674213 0.04184665 0.002829973 0.9991201 0.04318799 0.002171534 0.9990646 0.1286276 -0.003426837 0.991687 0.2833329 0.006345225 0.9590006 0.04159933 0.01137136 0.9990696 0.0424373 0.01097669 0.9990389 0.2037636 -0.008019983 0.9789873 0.1753473 0.005062366 0.9844937 0.06373523 0.002931188 0.9979625 0.1671948 -0.006374847 0.9859033 0.0422182 0.007900133 0.9990772 0.1283348 -0.006893603 0.9917069 0.1041652 0.02417723 0.9942661 0.07038351 -0.0007332304 0.9975197 -0.00673335 0.0135455 0.9998856 0.005868807 -0.006693082 0.9999604 -0.166425 -0.008054248 0.9860213 -0.1230173 -0.01202804 0.9923316 -0.1711031 0.01936047 0.9850629 0.331592 0.005896096 0.9434045 -0.02317385 -0.001182985 0.9997308 -0.1026936 0.01961319 0.9945197 -0.1701646 0.00168555 0.9854142 -0.1017124 0.01595463 0.9946859 -0.1023785 0.01748717 0.9945918 -0.09091056 0.01067411 0.9958019 -0.1005043 0.02964082 0.994495 -0.1017623 0.01587084 0.9946821 0.1550477 -0.004267812 0.9878978 -0.144007 0.005298081 0.9895625 -0.1801755 0.01858649 0.9834589 -0.1454877 0.00640669 0.9893394 0.1001968 0.01686371 0.9948247 0.08592977 0.03447598 0.9957045 -0.00263633 -0.002550209 0.9999933 0.07266961 0.008662651 0.9973184 0.1590565 0.002335056 0.9872667 0.1525245 0.0113642 0.9882343 0.07795672 0.005402827 0.9969421 -0.03530114 -0.008468431 0.9993408 -0.06609429 0.00709241 0.9977882 -0.0365463 0.01681062 0.9991905 -0.02449514 -0.003197137 0.9996948 -0.01570838 0.01782374 0.9997177 -0.003734256 0.0176008 0.9998381 0.08652175 -0.02268999 0.9959915 0.09673912 -0.008657329 0.9952721 0.07141846 0.001552341 0.9974452 -0.005776865 0.01394781 0.999886 0.3236275 -0.01286426 0.9460971 -0.1202645 0.0216122 0.9925066 -0.08911428 0.004704335 0.9960103 -0.08781338 0.002173081 0.9961345 -0.1274483 0.01279771 0.9917626 -0.1612186 0.002823093 0.9869146 -0.1616241 0.01542848 0.9867318 -0.0954374 -0.005758774 0.9954188 -0.1274108 0.004410607 0.9918402 -0.09657754 0.02170414 0.9950888 -0.1202603 -0.003798255 0.9927351 -0.08770031 0.01287824 0.9960636 -0.03984315 0.0001808343 0.9992059 -0.04093009 0.02188939 0.9989222 -0.2451409 0.009928999 0.9694366 -0.2179669 0.02083199 0.9757338 -0.07074513 0.008099779 0.9974616 -0.1207756 0.009389944 0.9926354 0.2204856 0.009876398 0.9753402 0.3131 -0.005553397 0.9497039 0.2149404 0.004066238 0.9766187 -0.2096814 0.01235611 0.9776917 -0.2465199 0.01254065 0.9690566 -0.209935 0.02305965 0.9774434 -0.1914494 -0.00505616 0.9814895 -0.1816305 0.0262967 0.9830151 -0.1106774 0.02106932 0.9936331 -0.1602896 -0.00195183 0.9870681 -0.1529794 0.01703909 0.9880825 0.04922611 0.0104764 0.9987327 -0.02131509 0.002778465 0.9997689 0.0802664 -0.01064468 0.9967166 0.513886 -0.01006499 0.8577995 -0.05407218 -0.001537511 0.9985359 -0.1048857 0.01174582 0.9944149 -0.05420062 0.04179396 0.9976551 -0.05032134 0.02668034 0.9983766 -0.2142473 0.0005372798 0.9767794 -0.2465279 0.01294739 0.9690492 -0.2216168 0.01282036 0.9750495 -0.006566858 0.02804825 0.999585 -0.06884588 -0.004901361 0.9976152 -0.06549701 -0.01519002 0.9977372 0.06846713 -0.02594215 0.9973161 -0.00162044 0.01565433 0.9998761 -0.1504911 0.01232229 0.9885345 -0.1060747 0.0008489064 0.9943577 -0.1033196 -0.01206868 0.994575 -0.1131154 0.008333948 0.9935469 0.1079501 0.01969209 0.9939612 0.06628214 0.0234127 0.9975262 0.09449904 -0.002234413 0.9955224 -0.2108359 0.02552001 0.9771883 -0.2405662 0.02504165 0.9703097 -0.2182594 -0.006251946 0.9758708 -0.1477164 0.02118889 0.9888027 -0.1053445 -0.01733612 0.9942847 -0.1085186 0.02564892 0.9937635 0.4958926 -0.02078359 0.8681352 0.002618097 -0.003043376 0.999992 -0.06654655 0.01830843 0.9976153 -0.004884935 0.005219199 0.9999744 -0.2266355 0.01753401 0.9738218 -0.2436502 0.01985315 0.9696599 -0.2285419 0.01064391 0.9734759 -0.2474827 0.01843269 0.968717 -0.1175724 -0.002916016 0.99306 -0.107787 0.02334699 0.9938998 -0.06473487 0.02001234 0.9977018 -0.1609343 0.009276882 0.9869215 -0.07643006 -0.0003849794 0.9970749 -0.04923597 0.009574583 0.9987413 0.01749163 0.007170642 0.9998213 0.1908153 -0.0005431363 0.9816259 -0.1891017 0.01230816 0.9818803 -0.1609935 0.009428333 0.9869104 -0.2014844 -0.000531248 0.9794916 -0.1890606 0.01246443 0.9818863 -0.1471157 -0.004570904 0.9891087 -0.1464172 0.02281018 0.98896 -0.1494745 0.03368676 0.9881915 0.01411314 0.0201185 0.999698 0.02477686 0.01438884 0.9995894 -0.07480428 -0.008598308 0.9971611 -0.06031488 0.02353402 0.997902 0.1159134 0.01630731 0.9931255 0.1186915 0.01289611 0.9928474 0.04788389 0.00674545 0.9988301 -0.02124458 -0.001222169 0.9997735 0.02289498 0.01121061 0.999675 0.1930967 0.006467924 0.9811584 0.07851548 0.03513553 0.9962935 0.067824 -0.005629281 0.9976815 -0.2030089 0.03270591 0.9786305 -0.1764979 -0.004134238 0.9842923 -0.1788526 0.005639286 0.9838597 0.06614143 -0.028229 0.9974108 0.07094121 -0.009930898 0.997431 0.04445235 0.003212467 0.9990063 -0.02796922 0.01821305 0.9994428 -0.02705005 0.02286299 0.9993726 0.1376108 -0.003430187 0.9904804 0.1423521 0.0118554 0.9897451 0.2103293 -0.002823235 0.9776265 -0.154524 -0.0009080923 0.9879885 -0.1887433 0.008723982 0.9819877 -0.1484266 0.01822279 0.9887555 -0.1480902 0.01758375 0.9888175 -0.1019257 0.005989812 0.994774 0.1785316 0.01507595 0.9838186 0.2747243 -0.00436189 0.9615132 0.1758948 0.007422932 0.984381 0.4759779 -0.007893887 0.8794218 -0.1584356 0.01867154 0.9871927 -0.1027646 0.003909906 0.994698 -0.1486834 0.01574753 0.9887595 -0.1567799 0.007032743 0.9876085 -0.1068919 0.02655684 0.993916 -0.129398 0.006076734 0.9915741 -0.1220691 -0.003759351 0.9925145 -0.05455281 0.001039561 0.9985104 -0.0979284 0.01624485 0.9950609 0.7274908 -0.03592506 0.6851763 0.7735776 -0.04072819 0.6323914 0.7301585 -0.03621817 0.6823171 0.7207251 -0.0352723 0.6923231 0.7249073 -0.03567263 0.6879222 0.7142181 -0.03463347 0.6990658 0.7177058 -0.03496136 0.6954682 0.7105874 -0.03426584 0.702774 0.7067001 -0.03390694 0.7067001 0.6971784 -0.0329901 0.7161383 0.7032465 -0.03355471 0.7101538 0.6870852 -0.03202881 0.7258707 0.6944783 -0.03270968 0.7187698 0.6771621 -0.03109897 0.7351764 0.6671152 -0.03009295 0.7443465 0.68405 -0.03171686 0.7287452 0.6709318 -0.03051607 0.7408908 0.6568528 -0.0291971 0.7534533 0.6550387 -0.0290083 0.7550383 0.6451967 -0.02817291 0.7634969 0.6352878 -0.02719409 0.7717965 0.6155527 -0.025509 0.7876827 0.6306505 -0.02685392 0.7756023 0.2197357 -0.002346374 0.9755566 0.3766122 -0.01052339 0.9263113 0.5826721 -0.02260492 0.812393 0.5613028 -0.02020819 0.8273637 0.5352713 -0.01670424 0.844515 0.6112657 -0.02506009 0.7910286 0.6002836 -0.02422184 0.7994204 0.3650971 -0.003693758 0.9309621 0.01836256 0.013617 0.9997387 -0.03925464 0.003986536 0.9992213 0.06028913 0.002709504 0.9981773 -0.05644818 0.00959444 0.9983595 -0.05859676 0.01174296 0.9982127 -0.05454152 0.01839505 0.998342 -0.1247091 0.0117828 0.9921234 -0.1182089 0.02593849 0.9926499 -0.1019183 0.006675437 0.9947703 0.03263376 0.02283372 0.9992065 -0.0360274 0.01975701 0.9991555 0.05610463 -0.01256526 0.9983459 0.5041908 -0.01766486 0.8634116 0.3374465 -0.0093818 0.941298 0.3181235 -0.002900955 0.9480449 0.1836015 0.003936743 0.9829929 0.3180607 -0.002854353 0.9480661 0.2015242 0.01002526 0.9794322 0.4668611 -0.01280616 0.8842379 0.4684691 -0.01306415 0.8833833 0.4146768 -0.01209444 0.9098884 0.4585783 -0.01271368 0.8885631 0.4233472 -0.01102087 0.9059005 -0.128644 0.01612831 0.9915597 -0.1139436 -0.002664191 0.9934837 -0.1576648 0.009681555 0.9874453 -0.1592587 0.005585257 0.9872211 -0.2245568 0.01667724 0.9743183 -0.2115048 0.01502663 0.9772615 -0.2034516 0.004353708 0.9790754 0.1722082 -0.009815237 0.9850117 0.1824624 0.004917085 0.9832005 0.3163378 -0.003294379 0.9486409 0.321846 0.003146926 0.9467868 -0.221054 0.01143814 0.9751945 -0.1967508 0.03193712 0.9799332 0.3805477 -0.007119251 0.9247339 0.3391557 -0.01572418 0.9405988 0.4535295 -0.01292803 0.8911474 0.4256405 -0.01013193 0.9048356 0.3988174 -0.00620139 0.9170094 0.3685571 -0.0003608826 0.929605 0.3337022 0.008568046 0.9426396 0.4585354 -0.01319824 0.8885782 0.7027363 -0.04156983 0.710235 0.6894906 -0.03777838 0.7233086 0.6757153 -0.03446313 0.7363567 0.6618979 -0.03174886 0.7489213 0.6481541 -0.02964001 0.7609322 0.6342667 -0.02809189 0.7726038 0.7295176 -0.05114699 0.682047 0.7163544 -0.04611078 0.6962113 0.6313702 -0.0278875 0.77498 0.6310448 -0.04251386 0.7745805 0.6203126 -0.02680167 0.7838966 0.6247733 -0.02729185 0.7803291 0.6245052 -0.04002766 0.7799943 0.6042845 -0.02543227 0.7963626 0.5846002 -0.02473845 0.8109442 0.5639475 -0.02523701 0.8254249 0.5435172 -0.02692267 0.8389662 0.5282371 -0.008581135 0.8490535 0.5708561 -0.02299549 0.8207279 0.6174015 -0.02659948 0.7861984 0.6171876 -0.03741088 0.7859261 -0.1088446 0.007437091 0.9940309 -0.1606684 0.01578315 0.9868822 -0.1606301 0.01534042 0.9868954 -0.0764762 -0.004992562 0.9970589 -0.1108525 0.02498137 0.9935229 -0.1280786 0.01002908 0.9917133 -0.0005719012 0.00678641 0.9999768 -0.219792 0.02307078 0.9752738 -0.1949943 0.0161835 0.9806708 -0.2215101 0.01636679 0.9750206 -0.1933596 0.01311874 0.9810402 0.5844362 -0.0241993 0.8110787 0.6858949 -0.0329606 0.7269538 0.7057779 -0.03632092 0.7075015 0.439608 -0.01185164 0.8981116 0.4948366 -0.0221724 0.8687032 0.4883497 -0.02045295 0.8724083 0.4751743 -0.0173752 0.8797202 0.4676529 -0.01585523 0.8837699 0.4584846 -0.01425683 0.8885881 0.4491437 -0.01291964 0.893366 0.4817293 -0.0188375 0.8761175 0.4319616 -0.01123321 0.901822 0.3285438 0.01373618 0.9443888 0.3663573 -0.005338529 0.9304589 -0.2046851 0.01363677 0.9787329 -0.1940599 0.005137893 0.9809762 -0.212026 0.03340044 0.9766931 -0.1907917 0.02135183 0.9813983 -0.1862909 0.01507325 0.982379 -0.04798815 0.01236802 0.9987713 -0.09144625 0.01147771 0.9957439 -0.08662813 0.008083732 0.996208 -0.07626051 0.01626441 0.9969553 -0.02597118 0.02209928 0.9994184 0.5382642 -0.01276425 0.8426796 0.5239578 -0.01348251 0.8516375 0.4964219 -0.01408364 0.8679671 0.4830011 -0.01399894 0.8755078 0.4694619 -0.01366056 0.8828471 0.4562201 -0.01308259 0.8897708 0.4432675 -0.01227571 0.8963054 0.5102059 -0.01391232 0.8599398 0.4352908 -0.01162935 0.9002147 0.6008888 -0.02609898 0.7989064 0.7602176 -0.03613932 0.6486626 0.732563 -0.0363348 0.6797289 0.7041891 -0.03545691 0.7091266 0.6752751 -0.03353144 0.7368034 0.7265827 -0.03758725 0.6860502 0.3812592 -0.007820445 0.9244352 0.6532652 -0.02340654 0.7567673 0.6460272 -0.03072101 0.762696 0.653124 -0.03130252 0.7566038 0.6386891 -0.02392501 0.7690929 0.3230756 -0.003054493 0.9463682 0.3230479 -0.01344698 0.9462872 0.3285725 -0.003796546 0.9444711 0.1913983 -0.005709937 0.9814958 0.191029 0.001949757 0.9815825 0.1486773 -0.01711199 0.9887378 0.2982079 -0.01692704 0.9543508 0.2982503 -0.001707557 0.9544862 0.2974001 -0.001599785 0.9547516 0.2656696 0.0002476149 0.9640641 0.2305899 -0.0006224794 0.9730508 0.0252251 0.01062651 0.9996253 -0.0310161 0.01774004 0.9993614 0.02135146 0.007005353 0.9997475 -0.157183 0.01431111 0.9874658 -0.1672095 0.003830282 0.985914 0.3905047 -0.005703205 0.9205833 0.3563746 -0.005499105 0.934327 0.3221893 -0.003332504 0.9466694 0.3260142 0.006075388 0.9453454 0.3260179 -0.003802937 0.945356 0.307153 0.01107889 0.9515956 0.2901338 -0.001214955 0.9569853 0.3071713 -0.002067408 0.9516521 0.285066 -0.000648069 0.9585077 0.260012 0.0009403558 0.9656049 0.2319329 0.004511681 0.9727213 0.201463 0.01039467 0.979441 0.1676651 0.02002837 0.9856405 0.135358 0.03276956 0.9902547 0.1062743 0.04761164 0.9931963 0.3522863 -0.006125492 0.9358723 0.16799 0.008078283 0.9857556 0.2850208 0.01781677 0.9583558 -0.1049852 0.01115941 0.9944112 -0.04927739 0.01358015 0.9986928 -0.09196897 0.01649314 0.9956253 -0.03986615 0.007276655 0.9991785 -0.1056236 0.009719656 0.9943588 -0.1074558 0.01525678 0.9940928 -0.0774287 0.01256236 0.9969187 -0.04783675 0.01602809 0.9987265 -0.1685144 0.0151463 0.9855828 -0.1679792 0.01705144 0.985643 -0.1402755 0.01689043 0.9899684 -0.141799 0.01251012 0.9898164 -0.1370792 0.009628188 0.9905134 0.6679077 0.004309964 0.7442317 0.7051407 0.003880113 0.7090568 0.6750863 0.005215437 0.7377204 0.6449162 0.00372353 0.7642442 0.6205589 0.0003277049 0.7841598 0.6829727 0.00469222 0.7304288 0.6979612 0.005792916 0.7161121 0.7219313 0.008758549 0.6919093 0.7219582 0.001482229 0.6919351 0.534022 -0.001435557 0.8454695 0.6205533 0.004276644 0.7841526 0.6187852 0.005335187 0.7855421 0.4972257 -0.0144483 0.8675008 0.5485213 0.001478244 0.8361353 0.5172989 -0.006279651 0.8557818 0.5631264 0.0031004 0.826365 0.4433652 -0.008736053 0.8962985 0.4170787 -0.0007683823 0.9088701 0.3873736 0.002478369 0.9219196 0.430369 -0.002339427 0.90265 0.3789931 -0.03817262 0.9246119 0.3792693 0.00126182 0.9252855 0.3527273 0.002386324 0.9357232 0.3178037 -0.002942869 0.948152 0.2845799 -0.01804922 0.9584823 0.2529425 -0.0420621 0.9665666 0.3609111 0.001201195 0.9325995 0.3603953 -0.05345884 0.9312665 0.6677245 -0.02381597 0.7440274 0.6448072 -0.0007280583 0.7643449 0.6825948 -0.03358282 0.7300251 0.5578625 0.003333318 0.8299267 0.6972694 -0.04489213 0.7154021 0.6161363 0.003854118 0.7876301 0.5432979 0.005311766 0.8395232 0.5288655 0.008567815 0.8486625 0.4340539 0.01342143 0.9007869 0.3829242 0.0005011915 0.9237795 0.4240157 0.007982794 0.9056197 0.4260618 0.006317531 0.904672 0.4081152 0.004354235 0.9129199 0.3564991 -1.628013e-05 0.9342957 0.2935313 0.01736805 0.9557917 0.3678049 0.001164924 0.9299022 0.3678051 0.001011151 0.9299024 0.3261939 0.003860472 0.945295 0.06242589 -0.003743768 0.9980426 0.0328927 -0.0005034676 0.9994588 -0.006435003 0.001276561 0.9999785 -0.009505083 -0.005245286 0.9999411 0.6232859 -0.01456085 0.7818584 0.5962412 0.002876895 0.8028003 0.6058943 -0.007376393 0.7955109 0.5628101 0.001658849 0.8265846 0.54097 0.001664929 0.8410402 0.4982976 -0.007071804 0.8669772 0.4774224 -0.01557461 0.8785358 0.6381676 -0.02222392 0.7695767 0.5194668 -0.001288388 0.8544897 0.5848688 -0.001431109 0.8111266 0.5961331 0.002978778 0.80288 0.5248441 0.003053146 0.851193 0.5943524 0.001828349 0.8042026 0.5464301 0.0009415019 0.8375042 0.6421759 -0.02453823 0.7661645 0.5036017 0.008030443 0.8638986 0.261158 -0.001493103 0.9652949 0.2614929 -0.001081763 0.9652048 0.2599853 -0.001143755 0.9656119 0.2573175 0.001217904 0.9663261 0.3567615 -0.0008179815 0.9341952 0.2603286 0.001230578 0.9655193 0.3567389 -0.0009606779 0.9342036 0.4256265 -0.0009619502 0.9048984 0.4379708 -0.03798483 0.8981864 0.4444559 -0.004382811 0.89579 0.34832 0.009786944 0.9373245 0.3473361 0.004005672 0.9377322 0.7699801 0.0007915528 0.6380674 0.804055 0.0006613676 0.5945545 0.7688075 0.0007656736 0.6394798 0.7645526 0.0007812187 0.6445608 0.7630587 0.0007484781 0.6463287 0.7591987 0.0007747839 0.6508584 0.7482716 0.0006815185 0.6633921 0.7537385 0.0007650803 0.6571739 0.7569566 0.0007330988 0.6534646 0.7419066 0.0004261876 0.670503 0.7174743 -0.002238956 0.6965814 0.7340694 -0.000143617 0.6790743 0.7257702 -0.001045398 0.6879364 0.5582153 0.0005285167 0.8296959 0.5351503 -0.000748672 0.8447565 0.5110682 -0.003169152 0.8595343 0.5307946 -0.0002611379 0.8475004 0.6211044 0.001469089 0.7837264 0.5297923 0.001330267 0.8481264 0.5276515 -0.00076805 0.8494606 0.77822 0.00349082 0.627982 0.4046806 -0.001696254 0.9144565 0.2598936 0.001733842 0.9656357 0.4015199 0.01256008 0.9157642 0.3997261 0.001984424 0.9166324 0.2620892 0.01617922 0.9649081 0.3378979 -0.009245915 0.9411374 0.5639499 0.006511362 0.8257833 -0.07220212 -0.0120937 0.9973167 -0.09774251 0.006082088 0.9951931 -0.1454303 -0.009290245 0.9893249 0.171589 -0.01244748 0.9850899 0.2507681 0.005074456 0.9680339 0.3244883 -0.0210366 0.9456557 0.1698262 -0.00753823 0.9854452 0.3220367 0.009868712 0.9466757 0.4342299 0.01064735 0.9007391 0.3135342 0.005047423 0.9495634 0.4625213 -0.004757635 0.8865954 0.3823731 -0.004551486 0.9239968 0.3245353 0.003921066 0.9458655 0.638379 -0.008348986 0.769677 -0.07077886 0.01066312 0.997435 -0.0706158 0.01026972 0.9974507 -0.09954845 -0.0252145 0.9947132 -0.1160067 -0.003854448 0.993241 -0.1433331 0.02535124 0.9893498 -0.1171688 -0.00674353 0.9930891 -0.1504846 0.005924814 0.9885946 -0.1486005 0.003775457 0.9888901 0.4983378 0.006051092 0.8669618 -0.1926131 0.02104345 0.9810491 -0.184867 -0.03564533 0.9821169 -0.2519915 0.007972979 0.9676967 -0.2129064 -0.006719669 0.9770495 -0.2540414 0.003925621 0.9671854 -0.2099472 -0.00805655 0.9776796 -0.2559682 0.002186314 0.9666827 0.5145911 -0.002857128 0.8574309 0.4390543 0.007437551 0.8984298 0.7454627 -0.00213565 0.666544 0.8176495 -0.002575404 0.5757105 0.8444905 -0.003652032 0.5355581 -0.2327213 -0.004355583 0.9725337 -0.2089315 0.01499046 0.9778153 -0.1908621 -0.008858286 0.9815769 0.3484222 -0.008448337 0.9372996 0.4796107 -0.02080945 0.8772346 0.356566 0.007606118 0.9342392 0.4339394 0.004644331 0.90093 -0.05009681 0.002114636 0.9987422 -0.2242434 -0.03087884 0.9740438 -0.1905318 0.0114513 0.9816142 -0.2305608 -0.007551283 0.9730287 -0.1899062 0.009389037 0.9817574 0.3832215 -0.007715535 0.9236242 0.496176 0.009362981 0.8681715 -0.06317168 0.002270865 0.998 -0.07626167 0.02991158 0.9966391 -0.1698948 0.004287101 0.9854529 -0.1776067 -0.004654034 0.9840905 -0.1324608 -0.00160185 0.991187 -0.1823874 0.004566692 0.9832162 -0.135933 -0.006728311 0.9906952 -0.1304964 -0.004938025 0.9914365 0.3844275 -0.01051714 0.9230952 0.3938182 0.00749003 0.9191579 0.4976521 0.006184475 0.8673547 -0.1432268 0.002246949 0.9896873 -0.06619898 -0.02941964 0.9973727 -0.1397656 -0.0001904526 0.9901846 -0.09071457 -0.0008362966 0.9958766 -0.1397765 0.002983959 0.9901786 0.4260839 -0.01067172 0.9046206 -0.00737516 -0.005250852 0.999959 0.01297713 0.0131915 0.9998288 0.002328617 -0.0188355 0.9998199 -0.08014835 -0.0009544891 0.9967824 -0.07606645 -0.007574413 0.9970739 -0.06638193 0.006629446 0.9977723 0.5033332 -0.007983408 0.8640556 0.8099545 -0.005194031 0.5864698 0.7397922 -0.004321465 0.6728216 0.2114018 0.04355854 0.9764282 0.296062 -0.007999391 0.9551352 0.3036018 0.007481385 0.9527696 0.497491 0.0047287 0.8674563 0.5693504 -0.01010882 0.8220328 0.6997344 0.002729372 0.7143979 0.7805097 -0.009770685 0.6250674 0.6056173 -0.01165297 0.7956707 0.696007 0.0007426905 0.7180346 0.09282514 0.0004864857 0.9956823 0.002819683 0.0010478 0.9999955 -0.01037987 0.0009023468 0.9999457 -0.0006616242 0.01380952 0.9999045 0.1927604 0.0001647425 0.9812459 0.2096792 -0.008556725 0.9777328 0.2036396 0.00768262 0.9790157 0.1378456 -0.01898242 0.9902718 0.09257758 0.0006003699 0.9957053 0.0927477 0.0007296324 0.9956893 0.08996242 0.008792163 0.9959064 0.69495 -0.01210366 0.7189562 0.782531 -0.00345802 0.622602 0.3263762 -0.004757367 0.945228 -0.2598946 -0.001782326 0.9656353 -0.2531466 -0.01095873 0.9673659 -0.2254433 0.003496914 0.97425 -0.2123639 0.01243775 0.9771115 -0.2042916 -0.02181051 0.978667 0.3284616 -0.009761851 0.9444669 0.434325 0.005899491 0.9007369 0.4577872 -0.0105844 0.8889987 0.3335842 0.007476958 0.9426907 0.4568663 -0.01339854 0.8894344 0.4490492 0.007869801 0.8934723 0.5732664 0.002618586 0.8193648 0.2830042 0.008473849 0.9590812 0.2881676 -0.007162683 0.9575532 0.425772 -0.01167407 0.9047551 0.330538 0.004700149 0.943781 0.4922165 -0.008834658 0.870428 0.7395601 -0.007266317 0.6730513 0.810584 -0.008752821 0.585557 0.8542517 -0.01210411 0.5197186 0.2442254 -0.0280385 0.9693131 0.09147583 0.001242038 0.9958065 0.2046192 0.0001863465 0.9788416 0.2178399 0.01367642 0.9758887 0.1846084 0.0003572176 0.982812 0.2968612 -0.007648923 0.95489 0.2977867 0.006273528 0.9546119 0.1910527 0.01203285 0.9815061 0.1880756 -0.03643573 0.9814785 0.3872195 0.006920095 0.9219616 0.3653749 -0.0117527 0.9307863 0.3493932 0.005688911 0.9369588 0.4865597 -0.01300361 0.8735505 0.3496845 0.01005055 0.9368136 0.4183288 -0.001256123 0.9082949 0.4269616 -0.007565091 0.9042381 0.4885684 0.01388627 0.8724151 0.04729882 -0.05132226 0.9975615 -0.074089 -0.01321524 0.9971641 -0.01342233 0.02517934 0.9995929 -0.07522474 0.02143535 0.9969362 -0.06653728 0.008870659 0.9977446 -0.1654376 0.01110767 0.9861577 -0.1661116 0.01329839 0.9860173 -0.2167772 -0.004225099 0.976212 0.08582311 0.006245555 0.9962908 -0.01220398 -0.003199093 0.9999204 0.08517934 0.001470929 0.9963645 0.04655218 0.02771353 0.9985313 -0.01247606 -0.005597077 0.9999065 -0.2260268 0.00246642 0.9741179 -0.1733812 0.01186628 0.9847834 -0.1778127 0.002334004 0.9840615 -0.2163915 0.01056596 0.9762495 -0.1668 -0.00985104 0.9859415 -0.2327489 -0.0297667 0.9720812 -0.2287322 0.008693471 0.9734505 0.4945283 -0.006133981 0.8691399 0.6320906 -0.006925833 0.7748635 0.5147333 -0.004396107 0.8573391 0.5544845 -0.01211187 0.8321059 0.6442703 -0.00506093 0.7647811 0.6391003 -0.001421228 0.7691221 0.7455205 -0.009892596 0.6664093 0.8215028 -0.01204114 0.5700773 0.6952046 -0.01395999 0.7186763 -0.1174692 0.002507707 0.9930734 -0.1113858 0.01121883 0.9937139 -0.1576825 -0.009289121 0.9874462 -0.1571281 0.0172648 0.9874273 -0.1668573 0.007763986 0.9859505 -0.1127145 -0.005304856 0.9936132 0.4328979 -0.003606529 0.9014358 0.7734334 -0.01614727 0.6336719 0.3161738 -0.004692191 0.9486897 0.2119134 0.003059375 0.9772837 0.190128 -0.001931062 0.9817575 0.3057455 -0.0008918074 0.9521129 0.3038905 0.009740628 0.9526572 0.1919244 -0.01379283 0.9813128 0.3364777 -0.01478639 0.9415753 0.5911776 0.006957069 0.8065114 0.6770099 -0.01586697 0.7358028 0.5834017 -0.001357201 0.8121827 0.6893744 -0.002532931 0.7244008 0.6036019 -0.01416592 0.79716 0.6037869 -0.01596994 0.7969857 0.6897709 -0.006296676 0.7240003 0.7084265 -0.01957962 0.7055129 0.7098958 -0.01821155 0.7040713 0.2082604 0.01571291 0.9779472 0.3319483 0.01764984 0.9431325 0.3296562 -0.02522687 0.943764 0.1357992 0.02304325 0.9904683 0.1614662 -0.0212106 0.9866502 -0.2582103 0.0147469 0.9659762 -0.2248417 0.01862818 0.9742172 -0.2406827 0.003205745 0.9705985 -0.2181848 -0.02108045 0.9756798 -0.2667602 0.005558937 0.9637469 0.4510889 -0.001188291 0.8924783 0.4633635 -0.0173966 0.8859975 0.3321807 -0.01437304 0.9431063 0.4740522 0.006336349 0.8804739 0.3089221 0.001644797 0.9510859 0.2055232 -0.001553632 0.978651 0.3211355 0.001347879 0.9470323 0.2057847 -0.001972655 0.9785953 0.3129711 -0.00418181 0.9497535 0.604202 -0.0155972 0.7966785 0.5830184 -0.00132344 0.8124579 0.4825974 0.0009581884 0.8758418 0.4823705 0.0007141642 0.875967 0.5841085 -0.0001746234 0.8116755 0.5013034 -0.01131332 0.8651976 0.5003706 -0.002676994 0.8658072 0.637557 -0.01775868 0.7701984 0.642325 -0.01350679 0.7663133 0.537233 -0.01146226 0.843356 0.584778 -0.006217517 0.8111696 0.3303387 -0.01350386 0.9437659 0.4105134 0.007987319 0.9118196 0.1900732 -0.006660846 0.9817473 0.1525717 0.02410003 0.9879985 0.1457306 0.01399174 0.9892254 0.2537718 -0.00700299 0.9672388 0.1462488 0.007858122 0.9892166 0.2958782 0.011937 0.9551511 0.2544858 -0.01478975 0.9669634 -0.1733796 0.04471526 0.9838395 -0.1621675 -0.006369735 0.9867427 -0.1412322 -0.007798292 0.9899458 -0.08309115 0.01711529 0.9963949 -0.1111172 0.01726834 0.9936572 -0.07307874 -0.03729335 0.9966286 -0.2337209 0.01547159 0.9721806 -0.2429645 0.006322901 0.9700146 -0.2149261 0.003940423 0.9766224 -0.1976734 0.01931871 0.9800776 -0.1904426 -0.02022278 0.98149 0.6082647 -0.01050561 0.7936648 0.6265152 -0.009752167 0.7793483 0.7134248 -0.01513831 0.7005683 0.4011608 -0.01263381 0.9159204 0.4040855 -0.009952161 0.9146671 0.5409786 0.02492722 0.8406669 0.3950018 0.0005079226 0.9186803 0.3951 0.002312423 0.9186352 0.4989576 -0.0126115 0.8665346 0.6932759 -0.01128193 0.7205839 0.5575369 -0.003880924 0.8301431 0.6453518 -0.0158989 0.76372 0.6394434 -0.02422469 0.7684564 0.5960501 -0.01783466 0.8027491 0.707332 -0.01945729 0.7066136 0.6137998 -0.00620242 0.7894374 0.5765046 -0.005938168 0.8170724 0.5759843 -0.00398849 0.817451 0.7041013 -0.02408791 0.7096908 0.7035884 -0.02196559 0.7102682 0.2318915 0.01294147 0.9726556 0.1777097 -0.00433059 0.9840735 0.1053277 0.01088338 0.994378 0.1053184 0.01041961 0.9943839 0.2314309 -0.005949449 0.9728332 0.3043942 0.008490987 0.9525082 0.2851886 -0.01151083 0.9584023 0.3292323 -0.0115859 0.9441779 0.3122662 -0.002149836 0.9499922 0.4290474 0.005076773 0.9032677 0.6750216 -0.0155611 0.7376339 0.7795339 -0.02089795 0.6260114 0.6779 -0.01166804 0.7350615 0.7690045 -0.01796662 0.6389909 0.6870753 -0.01357785 0.7264594 0.2220542 0.00658697 0.9750121 0.223712 -0.00378602 0.9746479 0.1883879 0.00745355 0.9820664 0.1164971 -0.00377714 0.9931838 0.116223 -0.001778444 0.9932215 0.630536 -0.01773441 0.7759573 0.5415622 -0.004989604 0.8406458 0.2479496 0.002414913 0.96877 0.2370431 0.002204903 0.9714966 0.343105 -0.004445749 0.9392866 0.2477566 0.007252835 0.9687952 0.6238782 -0.02073867 0.7812463 0.6182502 -0.01539819 0.7858305 0.3429093 0.0002507354 0.9393685 0.3036272 -0.005367644 0.9527758 0.4199739 -0.01036587 0.907477 -0.2214174 0.01075787 0.9751198 -0.179131 0.01008048 0.9837736 -0.1772256 0.003029488 0.9841655 -0.21664 0.0103583 0.9761965 -0.1883984 0.004511245 0.9820823 -0.2200106 0.004699359 0.9754862 0.8182423 -0.02635165 0.5742692 0.7371603 -0.02132094 0.6753815 0.8564879 -0.02989616 0.5153008 0.491342 -0.009088063 0.8709193 0.4758642 -0.006898067 0.8794917 0.3924151 -0.00634595 0.9197662 -0.1119526 0.0105025 0.993658 -0.04148685 0.007805746 0.9991086 -0.05017411 0.001726347 0.998739 -0.05847248 0.02998238 0.9978387 0.3218109 0.003388521 0.946798 0.4023239 -0.001612466 0.915496 0.4586041 -0.02348886 0.8883302 0.3195472 -0.00856359 0.9475316 0.3532313 -0.009158754 0.9354912 0.463537 -0.000392075 0.8860775 0.3553081 -0.0112036 0.9346821 0.4662311 -0.00285508 0.8846583 0.7996244 -0.02805269 0.5998448 0.724016 -0.022903 0.6894029 -0.1101528 -0.003560701 0.9939083 -0.02919688 0.01215328 0.9994998 -0.1022818 -0.02254197 0.9945 -0.1027924 0.001177817 0.9947021 -0.050414 0.01215041 0.9986545 -0.02889537 -7.32168e-05 0.9995825 0.2639412 -0.006304922 0.9645181 0.2659961 0.005004186 0.9639612 0.1653401 0.03529365 0.9856049 0.1589031 -0.006032149 0.9872758 0.7663423 -0.0297433 0.6417435 0.5408992 -0.01865393 0.8408805 0.4611212 -0.003633416 0.8873298 0.7657008 -0.02500153 0.6427109 0.180534 -0.008066592 0.9835356 0.2133711 0.02382269 0.9766807 0.08095028 -0.01925677 0.9965321 0.1719784 0.001805995 0.9850991 0.06573239 0.004405179 0.9978275 -0.01758349 0.007120628 0.9998201 -0.03611707 0.03728579 0.9986517 -0.03421229 -0.002053551 0.9994124 -0.02814567 0.007188172 0.999578 0.06484144 0.005631161 0.9978797 0.06347013 0.004630512 0.997973 0.2436794 -0.007899661 0.9698237 0.4077151 -0.0143428 0.9129965 0.2738903 0.007513674 0.9617317 0.4208642 -0.000785156 0.9071233 0.4206292 0.001619266 0.9072312 0.289592 -0.007966427 0.957117 0.2735127 -0.01054692 0.9618106 0.2367842 0.009481114 0.971516 0.3907769 -0.0117669 0.9204102 0.2884214 0.005435723 0.9574881 0.536273 -0.008484677 0.8440019 0.453234 -0.01386566 0.8912838 0.7181099 -0.02544031 0.6954646 0.7998613 -0.03171757 0.5993462 0.8581652 -0.03893597 0.5118951 -0.1440801 0.009579495 0.9895197 -0.1194426 0.0083162 0.9928063 -0.1183482 -0.01960957 0.9927785 -0.1265289 -0.0014434 0.9919619 -0.1799868 0.00493359 0.9836566 -0.174216 0.01601928 0.9845771 -0.1713993 0.008751159 0.9851627 -0.1197589 0.007940086 0.9927713 0.3377918 -0.009930374 0.9411684 0.168589 0.01416331 0.9855847 0.2089832 -0.02170324 0.9776784 0.07132394 0.03013629 0.9969979 0.3323429 0.003612658 0.9431517 0.444588 -0.01474494 0.8956138 0.2451889 0.005807207 0.969458 0.1439187 0.003239314 0.9895842 0.1646854 0.009361269 0.9863018 0.2494143 -0.005772493 0.9683796 0.2972514 -0.007904404 0.9547665 0.2926082 0.003911181 0.9562244 0.4419159 -0.01700123 0.8968953 0.330115 0.001487495 0.9439396 0.363699 -0.004072455 0.9315076 0.3758913 -0.009836126 0.9266115 0.4323891 0.004870895 0.901674 -0.2154269 0.01679347 0.9763756 -0.2137805 0.00539846 0.9768668 -0.1746169 0.004128454 0.9846278 -0.176162 0.01312406 0.9842737 0.05498592 0.005506141 0.9984719 -0.04047321 -0.02037509 0.9989728 -0.04198305 0.009114182 0.9990767 0.05213312 0.005775079 0.9986234 -0.0246537 0.008254403 0.999662 0.05292864 0.006957784 0.9985741 0.1675746 0.01434177 0.9857551 0.05423946 0.01285177 0.9984452 0.05198324 0.005879834 0.9986306 0.191577 -0.01179985 0.9814067 0.1435185 0.004500413 0.9896374 0.1262585 -0.001353016 0.9919964 0.2454147 -0.01003653 0.9693663 0.1675161 0.01419515 0.9857671 0.2460624 -0.003364439 0.9692482 0.1269457 0.007310348 0.9918828 0.4668594 -0.01063389 0.8842676 0.5887087 -0.01868348 0.8081294 0.4401259 -0.01109898 0.8978675 0.5939444 -0.01471658 0.8043714 0.5033123 -0.01797885 0.8639175 0.7189628 -0.02783445 0.694491 0.8053193 -0.03509511 0.5918015 0.7460886 -0.03443498 0.6649556 0.6497533 -0.03045101 0.7595349 0.7483549 -0.029469 0.6626436 0.1388764 0.005588826 0.9902939 0.1314691 -0.004246352 0.9913112 0.1143939 0.007079876 0.9934103 0.256102 -0.00066479 0.9666495 0.2515992 -0.0004332904 0.9678314 0.3871568 -0.01139968 0.9219434 0.2814653 0.004131296 0.9595626 0.3809903 0.001962446 0.9245769 0.4133321 -0.01191814 0.9105023 0.5015956 -0.007779232 0.8650673 0.2933053 -0.005748079 0.9560016 0.2457142 0.004213825 0.9693331 0.3564258 -0.01291763 0.9342343 0.2475294 0.009501836 0.9688338 0.3609465 -0.001501217 0.9325852 0.5709648 -0.02382316 0.8206288 0.5093769 -0.01156809 0.8604658 0.4197082 -0.01515044 0.9075327 0.7812481 -0.03705386 0.62312 0.8073241 -0.04080452 0.5886959 0.6960502 -0.02918026 0.7174 -0.1994275 -0.01001944 0.9798613 -0.2320991 0.01569147 0.9725657 -0.2121505 0.01320509 0.9771479 -0.2255847 0.02422969 0.9739223 -0.2011683 0.02608543 0.9792093 0.2873078 0.002170375 0.9578358 0.4161469 -0.003275384 0.9092915 0.3236238 -0.001919298 0.9461839 0.3339089 -0.007091877 0.9425787 -0.2053672 0.02293446 0.9784162 -0.1780366 -0.009573255 0.9839773 -0.21218 0.01482174 0.9771182 -0.1799091 0.02513323 0.9833621 -0.1919238 0.01244494 0.9813309 0.5577742 -0.01966828 0.8297597 0.4057395 -0.004838604 0.913976 0.4298554 -0.009795166 0.9028446 0.4030277 -0.01067346 0.9151255 0.6898431 -0.03003687 0.7233356 0.7733397 -0.03808539 0.632847 0.5608135 -0.01367276 0.8278293 0.470419 -0.01893164 0.88224 0.4634614 -0.01576365 0.8859769 0.7279744 -0.03803256 0.6845486 0.7301698 -0.03578744 0.6823279 0.7603676 -0.03820345 0.6483685 0.7249166 -0.0353104 0.6879311 0.7195351 -0.03474003 0.6935865 0.717715 -0.034596 0.6954771 0.710596 -0.03391072 0.7027826 0.7032546 -0.0332186 0.7101616 0.6944866 -0.03234067 0.7187785 0.684064 -0.03106761 0.7287601 0.6550874 -0.02632255 0.7550945 0.6709592 -0.02914964 0.7409211 0.7079075 -0.03360636 0.7055053 0.2150623 -0.003572661 0.9765938 0.3327914 -0.0006042417 0.9430003 0.2775513 0.002624998 0.9607072 0.2160504 -0.0009883272 0.9763818 0.3296852 -0.007586989 0.9440604 0.4484092 -0.01197686 0.8937481 0.5474694 -0.01873637 0.8366159 0.5042015 -0.01641835 0.86343 0.4668586 -0.01321408 0.8842334 0.4483442 -0.01193206 0.8937813 0.4481925 -0.01209355 0.8938553 0.4233607 -0.00760885 0.9059293 0.5826367 -0.02514728 0.8123437 0.5612957 -0.02082383 0.8273534 0.5352458 -0.01937125 0.8444743 0.6153154 -0.03769354 0.7873793 0.6302151 -0.04582283 0.7750673 0.5199438 -0.02146871 0.8539307 0.6001703 -0.03103897 0.7992698 0.7202558 -0.05045978 0.6918709 0.7269475 -0.05273118 0.6846654 0.6969042 -0.04327625 0.7158573 0.5932419 -0.02229864 0.8047153 0.713811 -0.04836386 0.6986665 0.6868731 -0.04053708 0.725646 0.7063568 -0.04604523 0.7063568 0.6451391 -0.03118381 0.7634286 0.6567644 -0.03347922 0.7533523 0.6769993 -0.03803388 0.7350002 0.6669927 -0.03568715 0.7442091 0.5842258 -0.0221416 0.8112891 0.5788188 -0.02199648 0.8151595 0.5741914 -0.02182364 0.8184302 0.5688074 -0.0215662 0.822188 0.5640212 -0.02128741 0.8254859 0.558695 -0.02092181 0.8291093 0.552915 -0.02046528 0.8329864 0.5123325 -0.01673027 0.8586242 0.604301 -0.02433002 0.7963845 0.5846159 -0.02363203 0.8109659 0.5735399 -0.02257553 0.8188664 0.5639915 -0.02192382 0.8254895 0.5670134 -0.02208789 0.8234124 0.5600947 -0.02147797 0.8281501 0.553123 -0.02082412 0.8328393 0.543604 -0.0201278 0.8391004 0.523394 -0.01744538 0.8519121 0.5034884 -0.01363101 0.8638945 0.4807017 -0.007936493 0.8768482 0.5066805 -0.016595 0.8619742 -0.01777844 0.004839964 0.9998302 -0.02981483 0.01961371 0.999363 -0.006977095 0.0134863 0.9998847 0.07448097 0.009546358 0.9971767 0.07724879 0.006064957 0.9969934 0.05510134 -0.002137691 0.9984784 -0.05844232 0.01427296 0.9981888 -0.07445493 0.02961867 0.9967845 -0.1169474 0.0173964 0.9929858 -0.1164348 -0.001692275 0.9931969 -0.06946006 0.007420621 0.9975572 0.5894573 -0.0238713 0.8074467 0.528161 -0.01901725 0.8489313 0.5215688 -0.01858902 0.8530068 0.5081011 -0.01798163 0.8611097 0.5014734 -0.0178145 0.8649897 0.5147871 -0.01823856 0.8571241 0.4785225 -0.01753531 0.8779002 0.4882487 -0.01612094 0.8725556 0.5900911 -0.02440777 0.8069677 0.5891161 -0.0240417 0.8076907 0.3996097 -0.01154755 0.9166127 0.5381639 -0.02313722 0.8425226 0.5238923 -0.02078233 0.8515308 0.496399 -0.0170496 0.8679271 0.4829895 -0.01561663 0.8754869 0.4694568 -0.01442961 0.8828375 0.4562174 -0.0135211 0.8897656 0.4432642 -0.01287907 0.8962985 0.3996308 -0.005302393 0.9166609 0.4461436 -0.01226608 0.8948774 0.4200163 -0.00875434 0.9074743 0.5101652 -0.01878552 0.8598713 0.5496059 -0.02524942 0.8350425 0.5497303 -0.01359398 0.8352315 0.6383407 -0.04077811 0.7686731 0.591334 -0.02446092 0.8060557 0.6167018 -0.02154185 0.7869021 0.5871051 -0.02294111 0.8091856 0.5579365 -0.0222829 0.8295845 0.5291806 -0.01966825 0.8482812 0.5007952 -0.0151745 0.8654328 0.4731551 -0.00895205 0.8809336 0.5038667 -0.01806899 0.8635924 -0.1923427 0.01489103 0.9812148 -0.2014179 0.02208433 0.9792564 -0.1951661 0.02143956 0.9805358 -0.2121436 -0.002627024 0.977235 -0.176508 0.01608165 0.9841678 -0.1677732 0.02659789 0.9854667 -0.1696143 0.005628528 0.9854944 0.5199947 -0.001998112 0.8541672 0.5144707 0.002018669 0.8575056 0.4052208 0.001942658 0.9142168 0.4211963 0.006422498 0.9069467 0.5154883 0.002793922 0.856892 0.4064916 -0.01314301 0.9135599 0.5154482 0.01278788 0.8568254 0.5145797 0.01241303 0.8573527 0.4993059 0.007271268 0.8663952 0.4065266 0.000950792 0.9136385 0.2233451 -0.005873283 0.9747218 0.195102 -0.001121483 0.9807823 0.1640101 3.802042e-05 0.9864587 0.1288015 -0.005003513 0.9916578 0.09430626 -0.01725708 0.9953936 0.2728717 -0.0205649 0.9618306 0.255519 -0.0008989827 0.9668036 0.09796655 -0.01513824 0.9950745 0.09564368 0.002420326 0.9954127 0.2005073 0.00550854 0.9796767 0.2616945 0.0006103427 0.9651506 0.2314691 -0.0003821406 0.9728423 0.3024989 0.01086013 0.9530879 0.2975755 -8.051188e-05 0.9546983 0.2046916 0.003583802 0.9788199 0.1658795 -0.001240793 0.9861453 0.1295574 0.001258981 0.9915711 0.4843931 0.0008973923 0.87485 0.3598761 0.002801234 0.9329959 0.4536792 -0.0004583323 0.8911649 0.4255276 0.001218823 0.9049446 0.3418811 -0.01068653 0.9396825 0.3117075 -0.02125739 0.9499403 0.368796 -0.004032368 0.9295017 0.3966751 -3.328665e-06 0.9179591 0.4939251 -0.006539963 0.8694799 0.4256267 -0.0001613338 0.9048988 0.3629062 0.0002921559 0.9318256 0.3622411 0.005401184 0.9320688 0.4545749 0.004413928 0.8906976 0.4809258 0.01474498 0.8766373 0.4826611 0.01575828 0.8756654 0.4847201 0.001227726 0.8746684 0.6210746 0.00151661 0.7837501 0.708651 -0.0007715372 0.7055587 0.6172769 -0.0004974042 0.7867458 0.7091301 -0.00415023 0.7050654 0.7081001 -0.003910116 0.7061012 0.6992687 -0.002247715 0.7148554 0.6873674 -0.0005960231 0.7263097 0.6747105 0.0004078738 0.7380823 0.7569569 0.0002441138 0.6534649 0.7688076 -0.0005850273 0.6394799 0.7040402 0.001444093 0.7101588 0.7919043 -0.003285176 0.6106364 0.7630589 -8.927194e-05 0.6463289 0.702554 -0.006978159 0.7115963 0.7932854 0.005481392 0.6088253 0.7178522 0.006092152 0.6961689 0.7202083 0.004117287 0.6937456 0.8088622 -0.009056953 0.5879284 0.6172222 -0.0007983029 0.7867885 0.5233276 0.001227955 0.8521307 0.6125919 0.001339462 0.7903982 0.626782 -0.005746225 0.7791735 0.6132693 0.005119605 0.7898573 0.5219304 -0.006425111 0.8529639 0.691712 -0.01147057 0.7220823 0.6418732 0.006675858 0.7667818 0.6912038 -0.01031174 0.7225863 0.7036811 -0.000488032 0.7105158 0.5841825 -0.0003306736 0.8116222 0.7271562 0.0005120051 0.6864719 0.6952758 0.01807934 0.7185156 0.6522657 -0.005333599 0.7579716 0.6482708 -0.003155577 0.7614033 0.5040174 -0.006327752 0.8636703 0.5389334 -0.006633135 0.8423222 0.5449975 0.004407047 0.8384261 0.4357256 0.007349868 0.9000496 0.433661 0.003431536 0.9010696 0.6266016 0.01709783 0.7791522 0.5839389 -0.005541684 0.8117787 0.5742489 -0.0003324198 0.8186807 0.4744512 -0.006614763 0.880257 0.4721768 -0.01077278 0.881438 0.377348 0.007004952 0.926045 0.375434 0.003257429 0.9268434 0.7206019 -0.003236956 0.6933414 0.6161685 -0.003032973 0.7876085 0.6608233 -0.001147544 0.7505406 0.5372998 0.00529973 0.8433747 0.6290962 0.00372421 0.7773187 0.5285401 -0.01053505 0.8488429 0.7045397 0.0009243666 0.709664 0.5897428 -0.008148666 0.80755 0.5758156 0.004495124 0.8175673 0.6403711 -0.01631626 0.7678922 0.5720406 0.001639179 0.8202237 0.6535731 -0.006432902 0.7568361 0.6260058 0.01488384 0.7796763 0.5831841 -0.007372449 0.8123066 0.3816921 -0.005906009 0.9242707 0.454103 0.004867533 0.8909359 0.3292056 -0.007850789 0.9442256 0.3301326 0.00457346 0.9439235 0.4546122 0.01155149 0.8906146 0.7068906 -0.01345864 0.7071949 0.7094642 -0.008709474 0.7046878 0.5950135 0.002972633 0.8037102 0.6550342 -0.0006602283 0.7555989 0.5878232 -0.009900842 0.8089289 0.3763424 0.006367547 0.9264588 0.4734869 -0.007759748 0.8807667 0.4793077 0.002858492 0.8776423 0.4402226 -0.007186596 0.8978599 0.3744049 0.002609661 0.9272617 0.801077 0.002171799 0.5985573 0.7230295 -0.009565802 0.690751 0.7254669 -0.001818155 0.6882547 0.7962266 -0.01462264 0.604822 0.6157343 0.01950106 0.7877125 0.652739 -0.01981364 0.7573236 0.671308 0.005121419 0.7411608 0.554104 -0.01283498 0.8323485 0.5498049 -0.008241724 0.8352525 0.7117822 0.002020645 0.7023973 0.5904995 -0.009567344 0.8069814 0.7155147 -0.003075327 0.698591 0.7116252 -0.0001939446 0.7025592 0.6257031 -0.01134918 0.7799788 0.6070237 0.00192818 0.7946814 0.590342 -0.01150462 0.8070712 0.4791105 -0.006479298 0.8777307 0.415078 0.01757496 0.9096161 0.3841513 -0.009136315 0.9232249 0.3710626 -0.007776878 0.9285752 0.372129 0.007475276 0.928151 0.4752645 -0.009614496 0.8797904 0.4761888 0.002641494 0.8793391 0.6473578 0.006217641 0.7621608 0.6543961 -0.002962698 0.7561461 0.700682 -0.01084908 0.7133913 0.5699189 -0.01048875 0.8216341 0.3342682 0.0108932 0.942415 0.3313737 0.005578124 0.9434831 0.4448332 -0.01406506 0.895503 0.6185939 -0.008054558 0.7856696 0.7194405 -0.008032375 0.6945076 0.5039765 0.001345343 0.8637163 0.5215932 -0.01103924 0.8531229 0.425398 -0.008106383 0.90497 0.537783 0.001578109 0.8430818 0.4252714 -0.009730793 0.9050136 0.5376367 -0.0003316668 0.8431765 0.586877 -0.01245467 0.8095804 0.7093247 -0.002705264 0.7048767 0.6932835 -0.001497526 0.7206634 0.5878934 5.413669e-05 0.8089384 0.6944157 -0.0005943973 0.7195739 0.7078248 -0.02086198 0.7060799 0.8115608 -0.006619093 0.5842304 0.7138832 -0.01473936 0.7001097 0.6972008 -0.02204262 0.716537 0.7783229 -0.02278258 0.6274507 0.6923509 0.004353029 0.7215478 0.6861608 -0.004658147 0.7274351 0.7898871 -0.004750537 0.6132339 0.7196881 -0.01005384 0.6942247 0.7243109 -0.01642316 0.6892778 0.7993672 -0.01898031 0.600543 0.4912758 -0.008342826 0.8709641 0.5823264 -0.004242857 0.8129441 0.6187496 -0.01749334 0.7853935 0.6149032 0.002646497 0.7885982 0.5720414 -0.01576733 0.8200732 0.4879736 0.008659095 0.8728154 0.4835669 0.002283582 0.8753045 0.4343312 -0.01151825 0.9006796 0.4350613 -0.01335846 0.9003018 0.5344133 -0.01397708 0.8451077 0.4191197 0.002114086 0.9079285 0.4160858 -0.0009680858 0.9093248 0.5143951 -0.0001307378 0.8575533 0.500662 -0.01339211 0.8655393 0.7276242 -0.02854513 0.6853818 0.6416419 -0.009527282 0.7669452 0.7229064 -0.008437134 0.6908944 0.6433936 -0.01647981 0.7653582 0.4640358 -0.009439727 0.8857661 0.4996306 -0.001632016 0.866237 0.4694261 -0.001444073 0.8829706 0.5676545 0.009355761 0.8232138 0.5924523 -0.02110167 0.8053291 0.4845452 -0.01215809 0.8746818 0.5580489 -0.004702156 0.8297947 0.5807701 -0.0154212 0.8139216 0.5812388 -0.01500402 0.8135947 0.4963128 -0.01553429 0.8680047 0.4172897 -0.002143767 0.908771 0.5436519 -0.02351133 0.8389814 0.5154923 0.001681736 0.8568925 0.4272599 0.007292922 0.9040994 0.704477 -0.02080752 0.7094217 0.7830904 -0.01566804 0.6217105 0.7075905 -0.01423897 0.7064793 0.8055222 -0.03018927 0.591796 0.7054908 -0.01309508 0.7085982 0.7844144 -0.01730281 0.6199958 0.7057843 -0.02230083 0.7080756 0.5111759 0.007463043 0.8594437 0.508395 -0.004857071 0.8611103 0.6050949 -0.01626081 0.7959874 0.6166828 -0.01850478 0.7869942 0.6070324 -0.008053333 0.7946363 0.5274172 -0.01318472 0.8495041 0.6246149 -0.008069626 0.7808912 0.5280336 -0.006633235 0.8491975 0.5283414 -0.01418471 0.8489135 0.6821717 -0.02457784 0.7307789 0.6833964 -0.02580319 0.7295914 0.6246308 -0.008456048 0.7808745 0.5663699 -0.01142361 0.824072 0.5720029 -0.01680348 0.8200795 0.6910099 -0.01745505 0.7226346 0.408488 0.000862435 0.9127633 0.5201618 -0.01489888 0.8539377 0.5060882 -0.003816886 0.8624733 0.4836148 -0.01423465 0.8751652 0.408162 -0.0008208229 0.9129091 0.5197729 -0.01673275 0.8541406 0.5998181 -0.01270976 0.8000355 0.7045604 -0.02063369 0.709344 -0.1065811 0.002160676 0.9943017 -0.1533186 0.002700907 0.9881731 -0.1583645 0.01099585 0.9873195 -0.1062691 0.002671738 0.9943339 -0.1488976 0.01107855 0.9887906 0.6045159 -0.01067713 0.7965215 0.5039622 -0.01703709 0.8635577 0.6849216 -0.01680282 0.728423 0.6318487 -0.01981955 0.7748382 0.6215832 -0.02710123 0.7828793 0.5455053 -0.00726901 0.8380758 0.6954195 -0.02437981 0.7181903 0.6030439 -0.01049605 0.797639 0.578497 -0.02051991 0.8154263 0.2955403 -0.007162497 0.9553034 0.2969667 -0.01102176 0.9548242 0.7169276 -0.02165202 0.6968114 0.651338 -0.02476439 0.7583835 0.6956918 -0.002291354 0.7183367 0.5635222 -0.009501444 0.8260463 0.6901816 -0.02652421 0.7231499 0.5639303 -0.007718281 0.8257863 0.6482245 -0.02197248 0.7611323 0.7838578 -0.02215035 0.6205451 0.7039136 -0.02611195 0.7098054 0.7847548 -0.03538582 0.6187953 0.703419 -0.02007453 0.7104919 0.4420151 -0.00442874 0.8969966 0.4036858 -0.01066594 0.9148355 0.3352297 0.002439732 0.9421332 0.3346101 -0.0006681746 0.9423564 0.4402239 -0.01258915 0.8977997 0.5243315 -0.004235991 0.8515038 0.5178491 -0.008085396 0.8554338 0.5377425 -0.01657585 0.8429462 0.5380673 -0.02010753 0.842662 0.5278186 -0.01596374 0.8492071 0.6212599 -0.03276689 0.7829192 0.652782 -0.01684317 0.7573586 0.7142956 -0.02609641 0.6993574 0.6476621 -0.01438116 0.761792 0.6955627 -0.04256805 0.7172032 0.5589812 -0.01917833 0.8289585 0.6443834 -0.0172666 0.7645075 0.6859273 -0.01803425 0.7274466 0.5595959 -0.02065302 0.8285082 0.6912041 -0.02061317 0.7223654 0.5959641 -0.0222922 0.8027015 0.5711602 -0.01066222 0.8207694 0.4359233 -0.01169654 0.8999078 0.3284276 -0.008134766 0.9444941 0.4003254 -0.002649377 0.9163692 0.3275601 -0.005861588 0.9448122 0.4328101 -0.004109154 0.9014757 0.6113879 -0.009148498 0.7912781 0.5339466 -0.01859966 0.8453135 0.6228093 -0.01703594 0.7821881 0.6745563 -0.02598215 0.7377661 0.2815386 0.008743226 0.9595101 0.280504 0.004092203 0.9598441 0.4841561 -0.005025029 0.8749672 0.5886106 -0.02215854 0.8081129 0.6936137 -0.02506596 0.7199109 0.5811471 -0.01874579 0.8135825 0.4468117 -0.005705765 0.8946099 0.4694901 -0.01567819 0.8827986 0.6068146 -0.0203033 0.794584 0.6298316 -0.01760836 0.7765321 0.7023121 -0.02777604 0.7113271 0.4805848 -0.007069759 0.8769197 0.4812313 -0.008438728 0.8765531 0.3654955 -0.009047896 0.9307691 0.3659494 -0.01007728 0.9305801 0.6503294 -0.0171872 0.7594579 0.5255578 -0.01500782 0.8506255 0.7846001 -0.03016211 0.6192679 0.6780863 -0.02921006 0.7344016 0.5826865 -0.02454546 0.8123263 0.538091 -0.005795668 0.8428668 0.7702432 -0.0347796 0.6368014 0.6813346 -0.02317343 0.7316052 0.7739878 -0.04384577 0.6316807 0.4271348 -0.01254245 0.904101 0.516323 -0.01271602 0.8562995 0.5647725 -0.02980415 0.8247082 0.4278612 -0.006770223 0.9038191 0.5674232 -0.01081519 0.8233553 0.5123609 -0.01642706 0.8586131 0.3876611 0.00147317 0.9218008 0.3722654 -0.004847715 0.9281136 0.3933968 -0.01131116 0.9192992 0.2582611 -0.001251801 0.9660743 0.263619 -0.0147708 0.9645138 0.59259 -0.01866322 0.805288 0.5935634 -0.02067597 0.8045216 0.5057352 -0.0141402 0.862573 0.507619 -0.01804354 0.8613927 0.616393 -0.02251763 0.7871166 0.6953434 -0.03106015 0.718006 0.6196295 -0.01533053 0.7847447 0.6961755 -0.02920706 0.7172773 0.6915254 -0.0292835 0.7217584 0.4249126 -0.002961438 0.9052295 0.550546 -0.01981064 0.8345698 0.670018 -0.02750031 0.7418354 0.6881078 -0.03649464 0.7246901 0.6112817 -0.0206469 0.7911437 0.4111036 -0.01460712 0.9114717 0.5308106 -0.01056491 0.8474246 0.5250893 -0.0226998 0.8507444 0.5103398 -0.01563576 0.8598307 0.5986893 -0.01695988 0.8008018 0.6807604 -0.02823116 0.7319619 0.679777 -0.03010411 0.7328009 0.5770034 -0.02092457 0.8164737 0.6554494 -0.03172655 0.7545724 0.7651532 -0.0314997 0.6430773 0.6574157 -0.03070449 0.7529023 0.719551 -0.03409708 0.693602 0.7495501 -0.03500013 0.6610216 0.649148 -0.02809546 0.760143 0.7079123 -0.03340354 0.70551 0.7509441 -0.03936908 0.6591911 0.6482219 -0.02548461 0.761025 0.5951578 -0.005265045 0.8035916 0.5935363 -0.02672735 0.8043633 0.4816238 -0.01037666 0.8763167 0.5987931 -0.02851775 0.8003958 0.5626985 -0.02264227 0.8263521 0.4559565 -0.01412375 0.88989 0.5538452 -0.01771783 0.8324313 0.4778246 -0.01249126 0.8783665 0.6112685 -0.02487396 0.7910323 0.648721 -0.02495944 0.760617 0.6498011 -0.0279626 0.7595897 0.5466902 -0.01952166 0.8371074 0.5464994 -0.01944232 0.8372338 0.6353177 -0.02540872 0.7718328 0.4486958 -0.01191199 0.8936052 0.4478571 -0.009575693 0.8940539 0.5469577 -0.02131485 0.8368888 0.5462518 -0.01937748 0.8373969 0.5464594 -0.01933402 0.8372623 0.7010177 -0.03413464 0.7123264 0.6477485 -0.02612151 0.7614062 0.4073942 -0.009303728 0.913205 0.4684622 -0.01413796 0.8833703 0.407395 -0.009074881 0.9132069 0.4585766 -0.01300312 0.8885597 0.5000263 -0.01546626 0.8658721 0.4999974 -0.01883739 0.865822 0.4585364 -0.01304776 0.8885798 0.7030585 -0.02850153 0.7105606 0.689665 -0.03036837 0.7234916 0.6757894 -0.03113034 0.7364371 0.6619187 -0.03074551 0.7489448 0.6481614 -0.029249 0.760941 0.6342919 -0.02663607 0.7726346 0.6203727 -0.02292446 0.783972 0.623407 -0.02397569 0.7815299 0.696947 -0.03420474 0.7163064 0.6178816 -0.02607478 0.7858387 0.7303104 -0.02114239 0.6827881 0.716886 -0.02537585 0.6967284 0.3879049 -0.008445194 0.9216607 0.3812615 -0.006984706 0.9244409 0.3872243 -0.00882845 0.9219433 0.4861515 -0.01534317 0.8737399 0.4833011 -0.01502123 0.8753253 0.4853097 -0.01577574 0.8742 0.4352909 -0.01159288 0.9002152 0.4319614 -0.0112952 0.9018213 0.2036056 0.002630865 0.9790494 0.3020114 -0.003264512 0.9532987 0.2059594 -0.001824454 0.9785589 0.2957604 0.0330831 0.9546891 0.204474 -0.003112924 0.9788671 0.1013214 0.009240271 0.9948108 0.005085079 0.009964876 0.9999374 0.09502183 0.006126083 0.9954563 0.007613522 -0.007088433 0.9999459 0.1022922 0.00371039 0.9947475 0.0605072 -0.002003452 0.9981658 0.02289113 0.001128399 0.9997373 0.09817057 0.008637555 0.9951321 0.5448246 -0.01227864 0.8384601 0.5331029 0.002695549 0.8460461 0.5781568 0.01255074 0.8158291 0.4489323 -0.001938736 0.8935636 0.4554968 -0.01054621 0.890175 0.6495141 -0.007370577 0.7603138 0.7241763 -0.01800038 0.6893799 0.6540771 0.0009615192 0.7564273 0.7365392 0.005564922 0.676372 0.4326091 -0.005422101 0.9015652 0.5090775 0.004897576 0.8607068 0.5303236 -0.01428798 0.8476749 0.553291 0.01092387 0.8329163 0.4437569 -0.01585001 0.8960071 0.7299016 -0.01593374 0.6833666 0.7314827 0.005141384 0.6818406 0.6500247 -0.009525367 0.7598534 0.6506044 -0.002139533 0.7594138 0.5905681 -0.0003097976 0.8069878 0.589695 0.0004678101 0.8076259 0.5992291 0.005551062 0.8005584 0.5685808 -0.009911669 0.8225678 0.4813418 -0.008751744 0.8764892 0.4853095 -0.01399462 0.8742304 0.4949182 0.002210616 0.8689368 0.5801519 -0.02512667 0.8141207 0.313335 -0.007171013 0.9496157 0.4114467 0.002011469 0.9114316 0.4107829 -0.00690756 0.911707 0.3807311 0.002374776 0.9246827 0.3135423 -0.004221456 0.9495649 0.5827015 -0.0008854255 0.8126858 0.5433908 -0.003274682 0.8394734 0.6157811 -0.02487956 0.7875245 0.5331417 -0.01223439 0.8459376 0.6281545 -0.01424698 0.7779582 0.3795363 0.004209678 0.9251673 0.481861 -0.003955703 0.8762388 0.3732909 -0.0007996756 0.927714 0.4879798 -0.009022061 0.8728083 0.4105138 -0.02259823 0.9115742 0.3921486 -0.001169969 0.9199011 0.2944302 0.004339607 0.9556631 0.3905184 -0.009543834 0.9205457 0.3573918 -0.008076166 0.9339197 0.2938838 0.001243702 0.9558403 0.7174499 -0.0149236 0.6964503 0.6300681 -0.02030426 0.7762744 0.713418 -0.03296724 0.6999627 0.6314718 -0.01408467 0.775271 0.5099615 0.01088639 0.8601283 0.5652457 -0.01778349 0.8247309 0.5647349 -0.01805223 0.8250749 0.4152158 0.004997736 0.9097092 0.4756123 -0.01663516 0.8794976 0.5215069 -0.02456269 0.8528934 0.5039594 -0.001523929 0.8637261 0.4005427 -0.003397382 0.9162719 0.6771129 -0.01840212 0.735649 0.6752062 -0.01517514 0.737473 0.6011621 -0.01896894 0.7989019 0.6202687 -0.02110899 0.7841053 0.597858 -0.0135239 0.8014879 0.5076491 -0.0005810543 0.8615637 0.3879602 -0.008731051 0.9216347 0.4943737 -0.02003089 0.8690186 0.4647127 -0.003613014 0.8854542 0.4032248 -0.01752461 0.9149331 0.7012208 -0.01490551 0.7127884 0.618083 -0.02209528 0.7858022 0.7083458 -0.03220061 0.7051307 0.6154249 -0.01596664 0.7880338 0.5508105 -0.0116116 0.8345496 0.5488403 -0.01055747 0.8358606 0.4957587 -0.03192569 0.8678733 0.6238657 -0.02196844 0.7812227 0.7017475 -0.02819501 0.7118676 0.6979869 -0.02572868 0.7156481 0.6224787 -0.02218454 0.7823222 0.6335618 -0.02919426 0.773141 0.3193842 0.0001517815 0.9476253 0.2518772 -0.002270108 0.9677566 0.34826 -0.001168422 0.9373972 0.2525692 -0.004021518 0.9675705 0.3511188 -0.007738094 0.9362989 0.6843165 -0.0273513 0.728672 0.5945981 -0.02019051 0.8037695 0.6833338 -0.02747727 0.7295889 0.5946746 -0.0203503 0.8037089 0.68425 -0.02720626 0.7287399 0.6028057 -0.02176284 0.7975911 0.5058267 -0.01663483 0.8624747 0.6111212 -0.02098584 0.7912588 0.5090637 -0.01939264 0.8605103 0.5804655 -0.00301157 0.8142793 0.2965536 0.002886642 0.9550119 0.2454659 -0.004831779 0.9693931 0.3804475 -0.01406173 0.9246956 0.2428351 0.001435106 0.9700665 0.2476999 0.005420422 0.9688216 0.3744364 -0.00582393 0.9272342 0.3771944 -0.007210455 0.926106 0.3836144 0.0005109133 0.9234933 0.3855362 -0.002091278 0.9226904 0.2836133 -0.007298757 0.9589109 0.2822443 -0.005251395 0.9593282 0.5788045 -0.02306887 0.8151399 0.5688018 -0.02200499 0.8221802 0.5741822 -0.02255695 0.8184167 0.5640179 -0.02155324 0.8254812 0.6104526 -0.0270497 0.7915908 0.5842047 -0.02371123 0.8112598 0.5586928 -0.02109346 0.8291065 0.552913 -0.02064117 0.8329833 0.510662 -0.01780434 0.8595972 0.5531246 -0.02069395 0.8328415 0.6105066 -0.02355715 0.7916607 0.5670159 -0.02188677 0.823416 0.5600961 -0.02136225 0.8281523 0.510679 -0.01582339 0.8596258 0.5735442 -0.02225008 0.8188724 0.3864214 -0.004369271 0.922312 0.3943094 -0.01072177 0.9189152 0.4943854 -0.006449388 0.8692189 0.4213029 0.0172091 0.9067568 0.4992418 -0.001672036 0.8664611 0.423098 -0.01432034 0.9059708 0.3653924 0.002740959 0.9308496 0.3572401 -0.001482532 0.9340115 0.4670749 -0.006024862 0.8841972 0.4711654 -0.01077575 0.8819791 0.3686261 -0.001178039 0.9295769 0.4531605 -0.008414945 0.8913892 0.352724 -0.005815084 0.9357094 0.3512332 -0.007749586 0.936256 0.450361 -0.01177793 0.8927689 0.4075969 -0.0003929558 0.9131618 0.4081189 -0.001134864 0.9129281 0.3829241 -0.0009791226 0.9237793 0.396675 -0.0007214891 0.9179589 0.356499 -0.0008658933 0.9342952 0.368799 -0.000551496 0.9295091 0.3419006 -0.0003891129 0.9397361 0.3261963 -0.0007702225 0.9453017 0.2935755 -0.0006179329 0.9559357 0.3117779 -7.711802e-05 0.950155 0.2616945 -0.0004354023 0.9651507 0.2769992 0.0001956039 0.9608701 0.231469 -0.0002323856 0.9728422 0.2422315 0.0003435435 0.9702184 0.2005104 -0.000164835 0.9796916 0.2095072 0.0004345659 0.977807 0.1658796 -2.071743e-05 0.986146 0.1737204 0.0007661604 0.9847947 0.1295575 0.0003650325 0.9915718 0.09502358 0.0007400063 0.9954746 0.1335418 0.0008919062 0.9910429 0.0945406 0.0008179984 0.9955208 0.0605073 0.0005290172 0.9981676 0.8521759 0.05148099 0.5207167 0.2934772 0.001280299 0.9559652 0.2656696 -8.867714e-05 0.9640642 0.2486847 -0.00162152 0.9685831 0.2305894 -0.002086728 0.9730489 0.1991304 -0.004007978 0.9799648 0.1913989 -0.005147317 0.9814988 0.1467907 -0.007047506 0.9891425 0.1486956 -0.006769986 0.9888598 0.1032856 -0.009507401 0.9946063 0.07614373 -0.01013201 0.9970453 0.0440111 -0.01233649 0.9989548 0.1032866 -0.008408287 0.9946161 0.09226534 -0.01011806 0.995683 0.05651953 -0.009541047 0.9983559 0.05651881 -0.01077244 0.9983433 0.01013739 -0.01263236 0.9998689 0.009832161 -0.01667404 0.9998127 -0.1923399 -0.0158534 0.9812003 0.6834588 -0.004242067 0.7299768 0.7133349 -0.008876168 0.7007672 0.7281144 -0.01232796 0.6853448 0.6946566 -0.003010513 0.7193353 0.6245107 -0.006013835 0.780993 0.6983969 -0.006177778 0.715684 0.6684006 -0.003035734 0.7437953 0.7968979 -0.004652068 0.6040961 0.8372417 -0.004008338 0.5468182 -0.1066908 0.002246126 0.9942897 -0.1306315 0.004389095 0.9914213 -0.1350183 0.0007373108 0.9908429 -0.1272843 -0.01089019 0.9918065 0.5464299 -0.001214932 0.837504 0.5351503 -0.0007463794 0.8447565 0.5248462 -0.001125164 0.8511963 -0.1649521 0.0002090514 0.9863016 -0.165564 -0.0002238767 0.986199 0.5110705 -0.0006722608 0.8595385 0.454578 0.002312545 0.8907039 0.4809781 -0.0004668373 0.8767325 0.5036176 -0.001013408 0.8639261 -0.1649521 0.0005346363 0.9863015 -0.1465665 0.002810274 0.9891968 -0.1889635 0.003790196 0.9819767 -0.1983448 -0.001366514 0.9801313 -0.1889648 0.000750187 0.9819835 -0.1672852 0.002977811 0.9859041 0.0945406 0.0006660989 0.9955208 0.06531239 0.0004250533 0.9978648 0.04582267 -0.001823082 0.998948 0.02491385 -0.007042666 0.9996648 0.0653087 0.01062592 0.9978085 0.04582259 0.002642305 0.9989461 0.02491447 -0.0002941499 0.9996895 0.02004007 0.0004622917 0.9997991 0.008174945 0.0005332456 0.9999664 -0.005747674 -0.002214704 0.999981 -0.2016905 0.0178546 0.9792865 -0.01990896 -0.008336813 0.9997671 -0.198353 -0.005826121 0.9801134 -0.2137344 0.001522616 0.9768906 0.120741 0.005124669 0.9926708 0.2349955 -0.007213718 0.9719697 -0.08681633 -0.00695245 0.9962001 0.1892819 -0.0008719283 0.9819224 0.1889834 -0.001694102 0.9819788 0.188692 -0.0009084614 0.9820359 0.3330667 0.002140125 0.9429008 0.3330662 0.00284157 0.9428992 0.1883928 -0.001730247 0.9820921 0.07854173 -0.003804062 0.9969036 0.07833575 -0.003895679 0.9969194 -0.006966433 -0.00498169 0.9999633 0.07807615 -0.003063278 0.9969427 -0.1252496 -0.01101964 0.9920641 -0.1296535 -0.005499636 0.9915441 -0.1042133 0.04253247 0.9936451 -0.1296213 -0.005681846 0.9915473 -0.1295893 -0.005742121 0.9915512 -0.2004412 0.007954445 0.9796735 -0.195611 -0.007132406 0.9806556 -0.1956374 -0.007009694 0.9806512 -0.1750412 -0.006181124 0.9845417 -0.1749959 -0.00598215 0.9845511 -0.1954875 -0.0362318 0.9800366 0.06367692 0.01148484 0.9979045 -0.004142083 -0.008520966 0.9999551 -0.2469843 -0.007361414 0.9689915 -0.2470071 -0.007234557 0.9689867 0.1684078 0.005294204 0.9857032 -0.07037569 0.003998334 0.9975126 -0.07109344 0.001470046 0.9974687 -0.1042958 -0.01504541 0.9944325 0.1678869 -0.009268462 0.9857627 -0.2689346 -0.01375774 0.9630601 -0.2480518 -0.005366604 0.9687319 -0.2749317 -0.01158837 0.9613939 -0.2099828 0.0123565 0.977627 -0.2138364 -0.01500787 0.9767542 -0.2105624 -0.02438439 0.9772762 -0.2179614 -0.01497268 0.9758425 -0.1931943 0.004724888 0.9811491 -0.1373434 -0.02466425 0.9902164 -0.194024 0.002072555 0.9809946 -0.1475986 -0.0109787 0.9889864 -0.1892769 -0.01761885 0.9817657 -0.2489887 -0.01195827 0.9684326 -0.2237524 -0.005562623 0.9746302 -0.2519177 -0.01179809 0.9676767 -0.2223393 -0.0004565188 0.9749693 -0.23361 -0.010248 0.9722764 -0.1951635 -0.006736159 0.9807476 0.02530833 -0.00815498 0.9996465 0.7867132 0.04271043 0.6158394 -0.1867641 -0.01622878 0.9822707 0.1061856 -0.001497574 0.9943452 0.09350269 -0.01205988 0.995546 0.1991169 -0.01235231 0.9798979 0.2934771 0.001620127 0.9559647 0.2486834 -0.00355032 0.9685783 0.1467435 -0.0263178 0.9888244 0.3391974 0.001265467 0.9407144 -0.1637946 -0.0126633 0.9864132 0.2084339 -0.002781415 0.9780325 0.523385 0.01840054 0.8518976 0.5215724 0.01820851 0.8530127 0.5147916 0.01775175 0.8571315 0.5081082 0.01718257 0.8611218 0.5034645 0.01676172 0.8638533 0.5014842 0.01655438 0.8650085 0.494894 0.0161269 0.8688037 0.4883921 0.0155819 0.8724852 0.4806638 0.01484779 0.8767791 0.4817611 0.01496132 0.8761749 0.4751958 0.01450728 0.8797604 0.4676664 0.01396376 0.8837947 0.4584913 0.01318017 0.8886011 0.4535306 0.01274943 0.8911495 0.4491475 0.01224317 0.8933737 0.4256383 0.01062746 0.904831 0.3988064 0.009672212 0.9169841 0.3685383 0.01005968 0.9295581 0.3336872 0.01278406 0.9425972 0.4396082 0.01179495 0.8981122 0.3617711 0.008412952 0.932229 0.297367 -0.01498331 0.9546456 0.05803469 -0.01086837 0.9982554 0.03092767 -0.02470806 0.9992162 0.0922331 -0.02830486 0.9953351 -0.0259773 -0.004200656 0.9996537 -0.02835413 -0.002611308 0.9995945 -0.1266914 -0.009254682 0.991899 -0.1983429 -0.023037 0.9798619 -0.2144678 -0.02487997 0.9764142 -0.1270364 -0.01242546 0.9918202 -0.1680065 -0.01340084 0.9856948 -0.1305384 -0.01688967 0.9912994 -0.1670447 -0.01552228 0.9858271 0.009833002 0.01032574 0.9998983 -0.02390993 -0.02047047 0.9995044 -0.03024022 -0.01761818 0.9993874 -0.0577135 -0.01245735 0.9982554 -0.07742691 -0.01428054 0.9968957 -0.08954902 -0.01197651 0.9959104 -0.119045 -0.01928693 0.9927015 -0.1111308 -0.01174306 0.9937364 -0.1436985 -0.01476101 0.9895114 -0.1437003 -0.01478346 0.9895108 -0.155596 -0.008377067 0.9877852 -0.188288 -0.01975239 0.9819152 -0.1875987 -0.01974789 0.9820473 -0.176032 -0.01006034 0.984333 -0.1759952 -0.02277514 0.9841275 -0.1844087 -0.01599746 0.9827194 0.8200381 -0.003008537 0.5723009 0.7925749 -0.006250617 0.6097426 0.7641151 -0.006504275 0.6450471 0.7348951 -0.003865488 0.6781698 0.7419163 -0.004676238 0.6704761 0.8173496 -0.003630334 0.5761306 0.6148566 -0.00131084 0.7886378 0.5850017 -0.003669674 0.8110238 0.5555445 -0.003620102 0.8314789 0.5631258 -0.003375394 0.8263642 0.5485191 -0.003204915 0.8361319 0.5265729 -0.003259205 0.8501236 0.53402 -0.003015275 0.8454664 0.4981865 -0.002763552 0.8670655 0.5173072 -0.002713516 0.8557955 0.4704071 -0.002140031 0.8824469 0.4972759 -0.002681854 0.8675883 0.5612831 -0.002381034 0.8276204 0.6326932 -0.004415212 0.77439 0.5578638 -0.002495821 0.8299287 0.5433042 -0.002315242 0.8395327 0.5402666 -0.002138098 0.8414912 0.5288835 -0.00229065 0.8486915 0.515591 -0.001856662 0.8568329 0.5146183 -0.001910077 0.8574172 0.4608218 -0.002843393 0.8874881 0.4882692 -0.001539409 0.8726918 0.499318 -0.002041651 0.8664163 0.5612828 -0.002592169 0.82762 0.6034959 -0.0004631196 0.797366 0.4335563 0.04970904 0.8997543 0.4606157 0.03004005 0.8870912 0.4882172 0.01466622 0.8725989 0.5402675 -0.001064129 0.8414926 0.5155873 0.004207005 0.8568268 0.6233103 -0.01156254 0.7818891 0.6128206 -0.001292052 0.790221 0.605899 -0.006220278 0.7955171 0.6531709 -0.02521422 0.7567906 0.6382263 -0.01762018 0.7696472 0.5848676 -0.002458477 0.811125 0.4896871 -0.002374365 0.871895 0.6059113 -0.001852032 0.7955301 0.5628101 -0.001577521 0.8265847 0.5409694 -0.002255038 0.8410392 0.4982725 -0.01228661 0.8669334 0.4534018 -0.03497341 0.8906198 0.5631361 -0.02627262 0.8259465 0.4828157 -0.0002116187 0.8757219 0.4773709 -0.02140178 0.8784412 0.4248602 -0.05599919 0.9035253 0.5194584 -0.005867677 0.8544757 0.5633298 -0.001633213 0.8262305 -0.0760631 -0.003819627 0.9970956 0.001070903 0.01470344 0.9998913 -0.03413341 -0.0002328755 0.9994172 -0.06783784 0.004599547 0.9976857 -0.09834607 0.02765428 0.994768 0.6834649 -0.0003485914 0.7299833 0.7133556 0.004528712 0.7007875 0.7281457 0.008108051 0.6853744 0.653377 -0.002263264 0.7570294 0.7000945 3.508836e-05 0.7140502 0.6984093 0.001706414 0.7156966 0.6684027 -0.001670862 0.7437976 0.6423672 -0.002177706 0.7663939 0.7236394 -0.004954196 0.6901605 0.6081592 0.0002886501 0.7938151 0.7464854 -0.02394424 0.6649709 0.753687 -0.02829127 0.6566243 0.7608608 -0.03305785 0.6480725 0.7392597 -0.02000765 0.6731232 0.7319798 -0.01645688 0.6811275 0.767871 -0.03815768 0.6394671 0.7233479 -0.01272981 0.6903664 0.7128879 -0.008963245 0.7012207 0.6905192 -0.003514149 0.7233055 0.7017354 -0.005820265 0.7124138 0.6792522 -0.002034859 0.7339021 0.6680057 -0.00137538 0.7441549 0.6632525 -0.001435374 0.7483943 0.6627767 -0.03789895 0.7478574 0.6589748 -0.03523955 0.7513391 0.6593837 -0.001392893 0.7518054 0.6567343 -0.001301615 0.7541209 0.6556811 -0.001339671 0.7550367 0.6553292 -0.03279102 0.7546313 0.6516016 -0.03038966 0.7579524 0.651902 -0.001387211 0.7583019 0.648142 -0.001346227 0.7615183 0.6478868 -0.02809727 0.7612183 0.6441439 -0.025888 0.7644661 0.6443595 -0.001216659 0.7647218 0.6436188 -0.001174028 0.7653453 0.6276402 -0.001361181 0.7785023 0.6108235 -0.003186647 0.7917603 0.5940805 -0.006706149 0.8043776 0.6398771 -0.02348335 0.7681184 0.5941685 0.0001363954 0.8043406 0.5581067 -0.01972909 0.8295346 0.640053 -0.001302451 0.7683296 0.5774218 -0.01186808 0.8163597 -0.015505 0.001263774 0.999879 -0.06838726 0.003960281 0.997651 0.809698 -0.001585389 0.5868446 0.7684299 -0.001390665 0.6399325 0.7699796 -0.001378594 0.638067 0.7645521 -0.001354523 0.6445604 0.7612762 -0.001365924 0.6484263 0.7591982 -0.0013379 0.650858 0.7539882 -0.00133393 0.6568866 0.7537381 -0.001329529 0.6571736 0.7466988 -0.001314449 0.665161 0.7482711 -0.001302485 0.6633917 0.1737187 0.004505926 0.984785 0.133519 0.01850779 0.9908734 0.1456313 0.0111764 0.9892758 0.2422315 0.0004984486 0.9702184 0.2769932 0.00655824 0.9608495 0.2095072 -0.0002495909 0.977807 0.7419062 -0.001270968 0.6705025 0.7394071 -0.001289878 0.6732574 0.7340688 -0.001241848 0.679074 0.7320784 -0.001260923 0.6812193 0.7257701 -0.001217576 0.6879362 0.723406 -0.001244899 0.6904218 0.7174756 -0.001184352 0.6965827 0.712916 -0.001221269 0.7012483 0.7017469 -0.001174916 0.7124254 0.7091355 -0.001160048 0.7050713 0.690523 -0.001137889 0.7233095 0.6992701 -0.001120242 0.7148567 0.6873672 -0.001068808 0.7263093 0.6792532 -0.001109412 0.7339032 0.6276407 0.0007114828 0.7785029 0.6108248 0.002436227 0.791762 0.5940874 0.004701633 0.8043868 0.6747102 -0.001024213 0.7380821 0.5774463 0.007490419 0.8163943 0.6680059 -0.001077536 0.7441551 0.6567346 -0.0009013838 0.7541212 0.6436192 -0.0003928304 0.7653457 0.1399795 -0.001796047 0.9901528 -0.2234912 0.009132357 0.9746631 -0.2275616 0.001066626 0.9737631 -0.2575546 0.004989238 0.966251 -0.01550441 0.008837633 0.9998407 0.0002964411 0.01118581 0.9999374 0.02287241 0.04045122 0.9989197 0.2777879 0.01420978 0.9605373 0.1399767 -0.001773961 0.9901532 0.2553878 0.001168197 0.966838 -0.07293745 -0.00760882 0.9973075 -0.106691 0.001044684 0.9942917 -0.06736752 0.002754212 0.9977244 -0.06937835 0.001055663 0.9975898 -0.1272907 0.004246474 0.9918564 -0.1465577 0.01128812 0.9891377 -0.1188477 0.03309238 0.9923609 -0.07442982 -0.004577909 0.9972157 -0.05104379 0.002329127 0.9986938 0.01298299 -0.01050207 0.9998606 0.01272986 -0.01188144 0.9998484 0.4163986 0.001631578 0.9091807 0.4084556 -0.002174436 0.9127756 0.2662529 0.001699522 0.9639018 0.2692144 -0.001681483 0.9630787 -0.05932288 0.006850666 0.9982153 0.1563156 -0.001336722 0.9877063 0.0595555 0.007034455 0.9982002 0.1470719 -0.01189339 0.9890543 -0.2875359 0.003347108 0.957764 -0.2346098 0.04105069 0.9712225 -0.2422014 -0.01438851 0.9701192 -0.2568663 0.002797708 0.9664429 -0.06118275 -0.004968058 0.9981142 -0.02235358 -0.009984386 0.9997002 -0.03268215 0.01113674 0.9994037 -0.1571912 0.01752983 0.9874126 -0.1533147 -0.0646845 0.9860581 -0.1672767 0.01049311 0.9858541 -0.2182553 -0.00894051 0.9758508 -0.1805992 0.002329282 0.983554 -0.2129111 0.001011223 0.977071 -0.2198738 -0.004384051 0.9755185 -0.08414841 0.005824958 0.9964362 -0.1115282 -0.01933039 0.9935732 -0.1114885 -0.0162165 0.9936334 -0.1770596 0.01372126 0.9841045 -0.1092649 -0.01477384 0.9939029 0.1525726 -0.001352979 0.9882913 0.1540026 0.0016711 0.9880689 -0.1158079 -0.00586777 0.9932542 -0.09883421 0.03977684 0.9943086 0.5704373 0.007506028 0.8213068 0.06310121 0.001754998 0.9980056 0.05890248 -0.001205114 0.9982631 0.02004007 0.0002379423 0.9997991 -0.01608432 0.001461581 0.9998696 0.00817353 0.01860793 0.9997934 -0.005747362 0.01065661 0.9999267 -0.01990942 0.004782028 0.9997904 -0.04913233 0.02741362 0.998416 -0.04915063 -0.002645639 0.9987879 -0.05410941 -0.004189164 0.9985263 -0.05409544 0.02310823 0.9982683 0.06008707 0.00168177 0.9981917 0.09463494 0.02623149 0.9951664 -0.05345447 0.02341842 0.9982957 -0.01463321 -0.00103545 0.9998924 0.1025545 -0.03691044 0.9940423 0.1094275 -0.01666899 0.993855 -0.147453 0.006945161 0.9890447 -0.2589555 0.004063159 0.9658807 -0.2835273 0.0005189183 0.9589641 -0.2859296 0.001369586 0.9582496 -0.2528155 0.01262582 0.9674321 -0.04879504 -0.02513882 0.9984924 0.02055345 0.02557823 0.9994615 0.01552229 0.007822361 0.9998489 0.2773099 0.004050351 0.960772 -0.1070662 -0.01894811 0.9940713 0.2803876 0.01180894 0.9598142 0.03758546 0.003545411 0.9992872 0.1767347 0.007089245 0.984233 0.1606464 -0.01441741 0.9869066 -0.1618263 0.01071091 0.9867611 0.05877333 -0.003578171 0.998265 0.03183556 -0.01587058 0.9993671 0.3171476 -0.009979361 0.9483237 0.1484798 0.005914604 0.9888977 0.05822496 -0.002519673 0.9983003 0.2070301 -0.004638178 0.9783236 0.1371094 -0.02698253 0.9901884 0.08874105 0.002623272 0.9960513 0.1930071 0.0115781 0.9811291 0.2330233 0.01259242 0.9723896 0.01295601 -0.009443137 0.9998715 0.01325388 -0.0122021 0.9998378 0.09552573 0.00443227 0.9954171 0.09512236 0.007651749 0.9954361 -0.2226387 -0.007307609 0.9748737 -0.1986678 -0.001107629 0.9800663 0.2731146 -0.003673691 0.9619745 0.2762666 0.004196506 0.9610719 0.5628554 -0.003901015 0.8265463 -0.007741139 0.009025821 0.9999293 -0.07466717 -0.007801723 0.997178 -0.1421699 -0.01573383 0.9897172 -0.1666105 0.006892238 0.9859987 -0.09743873 0.006699443 0.995219 -0.131678 -0.004800379 0.991281 -0.08708081 -0.03262388 0.9956669 -0.08089334 -0.005446232 0.9967079 -0.0548586 0.001354338 0.9984933 0.1905287 0.0102457 0.9816282 0.1409339 -0.03308279 0.9894661 -0.1083223 0.01065574 0.9940587 -0.1721025 -0.009561323 0.9850327 -0.1697876 0.003172606 0.9854756 -0.1352111 -0.001716761 0.9908153 -0.1184239 0.003426388 0.9929572 -0.1130099 0.02912421 0.9931669 0.1095796 -0.009472072 0.9939328 0.01906526 0.01044644 0.9997636 -0.02104046 0.02016469 0.9995753 -0.1151186 -0.001272273 0.9933509 -0.05244908 -0.001049252 0.9986231 0.01974345 0.01286761 0.9997222 0.1071498 -0.005855742 0.9942256 -0.01448345 -0.01550567 0.9997749 -0.006854217 0.01316398 0.9998899 0.002200951 -0.01500581 0.999885 -0.2843646 0.000418387 0.9587161 -0.2639979 0.0004172454 0.9645231 0.1940938 -0.01032549 0.9809286 0.2014198 -0.00391541 0.9794973 0.1139385 0.0006529499 0.9934876 0.1010259 0.008528722 0.9948472 0.1050819 0.003800746 0.9944563 0.02515469 -0.01433171 0.9995808 -0.07899579 0.003154982 0.99687 -0.07804437 0.007291319 0.9969233 -0.112181 -0.02099313 0.993466 0.3652282 0.01278826 0.9308301 -0.121239 -0.01023363 0.9925706 -0.1689301 0.006727021 0.9856051 -0.2242069 0.003524445 0.9745352 -0.08891112 0.01852935 0.9958672 -0.1203425 -0.005921721 0.9927147 -0.1682304 0.010528 0.9856915 -0.2523822 -0.008061011 0.9675941 -0.2553896 -0.01095012 0.9667762 -0.2813253 0.001522443 0.9596113 0.004969097 0.013325 0.9998988 -0.001462132 -0.01565964 0.9998763 -0.08281682 -0.0198442 0.9963672 -0.07549299 -0.009681721 0.9970994 -0.1216339 0.002179882 0.9925727 -0.1236967 0.005987975 0.992302 -0.2246575 0.01109839 0.9743746 -0.2557807 -0.00408605 0.9667262 -0.2778519 0.00532237 0.9606092 -0.2372405 -0.0195184 0.9712549 -0.1961167 0.0233181 0.9803033 -0.204361 -0.02598974 0.9785506 -0.02015489 0.01125682 0.9997334 -0.07779942 -0.005823797 0.9969521 -0.1178204 0.01532232 0.9929167 0.2368457 -0.01140429 0.9714804 0.307189 0.009996776 0.951596 -0.2804542 -0.002164257 0.959865 -0.2475628 -0.002138622 0.9688695 -0.2315626 0.01601784 0.9726881 -0.1127178 -0.01907819 0.9934439 -0.1647195 0.02138416 0.9861087 -0.2278433 -0.01870448 0.9735182 0.08761611 -0.004419138 0.9961445 0.1950835 -0.01107704 0.9807241 0.201257 0.003780284 0.9795312 0.3712451 0.005631499 0.9285178 0.2819962 -0.009969405 0.9593637 0.274435 -0.002935719 0.9616012 0.09525906 -0.00834333 0.9954175 0.007440411 0.005482416 0.9999573 -0.2804188 -0.002555044 0.9598743 -0.2471992 -0.002524435 0.9689614 0.09434299 -0.00564164 0.9955238 0.1213773 0.02154421 0.9923726 -0.07172953 -0.002203343 0.9974217 -0.01892271 0.01069661 0.9997638 -0.02468079 -0.03269011 0.9991608 -0.07818995 -0.006834205 0.996915 -0.2248787 -0.007646453 0.9743568 -0.04685958 0.01044891 0.9988468 0.01335364 -0.01467329 0.9998031 0.04023534 0.002573121 0.9991869 -0.274351 -0.01304843 0.9615411 -0.2614563 -0.0007378312 0.965215 0.5696337 0.0004371914 0.8218986 -0.09340244 0.03473286 0.9950224 -0.09602074 0.01181139 0.9953092 0.03396551 -0.009044775 0.9993821 -0.04228345 0.02055571 0.9988942 0.116215 0.0271224 0.9928537 0.2129908 0.00384934 0.9770466 0.1137824 -0.004150964 0.993497 0.1126161 -0.0205681 0.9934257 0.1147759 -0.01662657 0.9932522 0.1123413 -0.01459781 0.9935624 0.4487972 0.01029789 0.8935743 0.4459142 -0.004959703 0.8950619 -0.09011235 0.02469403 0.9956253 -0.1511609 -0.01450616 0.9884027 -0.1006154 -0.01933076 0.9947376 0.009606682 0.003847776 0.9999464 -0.04534376 -0.03349181 0.9984099 0.0115312 0.008139225 0.9999004 0.69293 0.007889743 0.7209617 0.7727488 0.01081206 0.63462 -0.2613183 0.0009462868 0.9652523 -0.2617123 0.0005684591 0.9651458 -0.2814458 -0.006614702 0.9595543 -0.2678919 -0.005265108 0.9634346 -0.2837794 -0.00596002 0.9588711 -0.05733216 -0.01546065 0.9982355 -0.1550649 0.01811484 0.9877382 0.0017093 0.02046076 0.9997892 -0.1098492 0.01321608 0.9938604 -0.05364023 -0.008343157 0.9985254 0.07462493 0.006260399 0.997192 -0.1857028 0.01224678 0.9825296 -0.1968173 -0.0486816 0.9792308 0.3525022 -0.009274895 0.935765 -0.002588362 -0.01784093 0.9998375 -0.0007414235 -0.01656867 0.9998625 0.3854742 0.0128219 0.9226295 -0.1498811 -0.0005875211 0.9887038 -0.2073055 -0.004948867 0.9782637 -0.2249989 0.01066511 0.9743006 -0.1122905 -0.01470777 0.9935665 -0.05334992 0.0004262189 0.9985758 -0.1299634 -0.03217401 0.9909967 -0.1340155 0.01559992 0.9908564 -0.1555416 -0.0281147 0.9874291 0.3857646 0.01572119 0.9224632 0.07620312 -0.00197837 0.9970904 0.06146875 -0.01893417 0.9979294 0.009893702 -0.002936613 0.9999468 -0.05076935 0.009330509 0.9986668 -0.002343554 -0.006873141 0.9999736 0.002474608 0.004931735 0.9999847 -0.06598665 -0.02853121 0.9974125 0.01735725 0.02468394 0.9995446 0.01831525 0.0002580864 0.9998322 0.01820196 0.0003477338 0.9998342 0.1614556 0.03541627 0.9862443 0.1145184 -0.0042997 0.9934118 -0.1886568 0.01303949 0.9819565 -0.1931416 0.002510972 0.9811677 -0.2311578 -0.02721029 0.9725357 0.163383 -0.006154005 0.9865435 0.01858697 0.0005286961 0.9998271 0.2032189 -0.0109874 0.9790717 0.3542788 0.00576505 0.9351221 0.2276785 -0.00274063 0.9737325 0.3524187 -0.01179955 0.935768 0.2287032 0.008350844 0.9734604 0.8219125 0.01849258 0.5693135 0.7434568 0.01509099 0.6686137 0.8547894 0.02094134 0.5185522 0.0524566 0.002206462 0.9986207 0.09383219 -0.01830888 0.9954196 0.07363532 0.002049444 0.9972832 -0.03365752 -0.01443161 0.9993292 -0.008378969 0.00617902 0.9999458 0.07829966 0.006426059 0.9969092 0.007309623 -0.02332782 0.9997011 0.4785155 0.00597648 0.8780588 0.3439847 -0.0004113586 0.9389752 0.4956448 0.009766977 0.8684704 -0.1344359 -0.01561785 0.9907991 0.3620254 -0.01012477 0.9321133 -0.2044406 0.004603782 0.9788682 -0.1831713 -0.00674861 0.9830579 -0.1621456 -0.002193693 0.9867644 0.2505739 0.002937583 0.968093 0.2436433 0.006191706 0.9698452 0.3302083 -0.0008047356 0.9439077 -0.2087543 -0.01158544 0.9778995 -0.1622788 -0.0007363603 0.9867446 -0.1623635 -0.001390508 0.9867301 -0.2086929 -0.0110284 0.977919 0.2605614 -0.007823596 0.9654256 0.2586118 0.02972105 0.965524 0.3300534 -0.001025894 0.9439617 -0.06695224 0.004103099 0.9977477 -0.08204081 -0.007235385 0.9966027 -0.1272608 -0.007133684 0.9918436 -0.1569733 0.006246917 0.987583 0.3722389 0.008830597 0.9280949 0.1466397 0.006513386 0.9891685 0.04946187 -0.0006900178 0.9987758 0.1323159 -0.004198857 0.9911987 0.3759144 0.011592 0.9265819 0.1469843 -0.009532729 0.9890929 0.1462909 0.006936859 0.9892173 -0.1704199 -0.0009228518 0.9853711 -0.1491003 -0.02196709 0.988578 -0.08548781 0.002988177 0.9963347 -0.159375 0.01392215 0.98712 -0.1366087 -0.006833457 0.9906016 0.7328113 0.0170688 0.6802178 0.8050248 0.02066641 0.5928811 -0.03272682 0.0009584941 0.9994639 0.05213027 -0.01024535 0.9985877 -0.03608582 0.004783327 0.9993373 0.05422897 -0.007593256 0.9984996 -0.08715954 -0.01348182 0.9961032 -0.09284223 -0.01658255 0.9955428 -0.08901198 -0.01170568 0.9959617 0.05230274 -0.006474286 0.9986103 0.08532289 0.02478151 0.9960451 0.6840554 0.009664734 0.7293661 0.775846 0.02351658 0.630484 0.2842594 0.007403362 0.9587189 0.1785648 0.008574029 0.9838908 0.476168 0.001470396 0.8793532 0.467778 0.007131003 0.8838173 -0.173229 -0.01303146 0.9847953 -0.1324024 0.002639924 0.9911925 -0.1702343 -0.02170754 0.9851645 -0.1348842 -0.00098279 0.9908609 0.6750207 0.01564173 0.7376329 0.4673951 0.0068433 0.8840221 0.5687833 0.01097507 0.8224142 0.5687841 0.01083477 0.8224155 -0.06152892 0.0009950862 0.9981048 -0.0370399 -0.02061661 0.9991011 0.002679147 -0.001762575 0.9999949 0.08183048 0.001598726 0.9966449 -0.002484606 -0.007215022 0.9999709 0.07308396 -0.03826462 0.9965914 0.09283302 0.007548536 0.9956531 -0.1597649 -0.009298061 0.9871113 -0.1152722 0.002628152 0.9933305 -0.1153277 0.002762209 0.9933236 -0.1263301 -0.0127746 0.991906 -0.1638236 0.002005927 0.9864876 0.02222838 0.004634801 0.9997422 -0.003319685 -0.006559919 0.9999729 0.02172951 -0.006900421 0.99974 -0.01075559 0.002183832 0.9999398 -0.06413574 -0.02244324 0.9976888 -0.05944155 0.003534536 0.9982255 -0.05974047 -0.004737576 0.9982027 -0.2198833 -0.01217232 0.9754503 -0.2114675 0.0008360586 0.9773846 0.467402 0.004152365 0.8840352 0.5545927 0.01994887 0.8318828 -0.2479163 -0.005145045 0.9687678 -0.2534549 -0.01022705 0.9672931 -0.2762446 -0.007763948 0.9610561 0.3629636 0.01172907 0.9317295 0.3406951 -0.003510268 0.9401672 -0.2680332 0.0006185751 0.9634094 -0.2536607 -0.009203318 0.9672495 -0.2224544 -0.0007699816 0.9749428 0.3749688 -0.005691125 0.92702 0.3808966 0.01354663 0.9245184 0.2394329 0.006568335 0.9708906 -0.2671032 0.00498881 0.963655 -0.214343 0.005738435 0.9767416 -0.2152077 -0.0188686 0.976386 -0.2266828 -0.01766649 0.9738084 -0.2679482 -0.02611954 0.9630792 -0.2470132 -0.001654369 0.9690107 0.4537499 0.01151568 0.8910547 0.395755 -0.00761656 0.9183246 0.554269 0.01700874 0.8321639 0.4533762 0.002668668 0.8913153 0.02918248 -0.009599865 0.999528 0.03606942 -0.02155153 0.9991168 0.1454528 -0.004226914 0.9893562 0.04172109 0.001083913 0.9991287 0.1253356 -0.009045304 0.9920731 0.1409018 0.004216522 0.9900146 -0.2529554 -0.01186348 0.9674052 -0.2151438 -0.004035067 0.9765741 0.2501782 0.003360433 0.9681939 -0.1468267 -0.003781256 0.989155 -0.1861987 -0.01023821 0.9824588 -0.1473938 -0.002495155 0.9890748 0.3495542 0.0002174186 0.9369162 0.2552749 0.008968548 0.9668269 -0.2245941 -0.005327772 0.9744378 -0.2529975 -0.01143942 0.9673993 -0.2529052 -0.01161752 0.9674213 0.04184665 -0.002829973 0.9991201 0.04318799 -0.002171535 0.9990646 0.1286276 0.003426837 0.991687 0.2833329 -0.006345223 0.9590006 0.04159932 -0.01137136 0.9990696 0.04243731 -0.01097669 0.9990389 0.2037636 0.008019985 0.9789873 0.1753473 -0.005062366 0.9844937 0.06373523 -0.002931189 0.9979625 0.1671948 0.006374849 0.9859033 0.0422182 -0.007900132 0.9990771 0.1283348 0.006893608 0.9917069 0.1041652 -0.02417723 0.9942661 0.07038352 0.0007332316 0.9975197 -0.00673335 -0.0135455 0.9998856 0.005868807 0.006693081 0.9999604 -0.166425 0.008054247 0.9860213 -0.1230173 0.01202803 0.9923316 -0.1711031 -0.01936047 0.9850629 0.331592 -0.005896099 0.9434044 -0.02317385 0.001182985 0.9997308 -0.1026936 -0.01961318 0.9945197 -0.1701645 -0.00168555 0.9854142 -0.1017124 -0.01595463 0.9946859 -0.1023785 -0.01748718 0.9945918 -0.09091055 -0.01067411 0.9958019 -0.1005043 -0.02964083 0.994495 -0.1017623 -0.01587085 0.9946821 0.1550478 0.004267811 0.9878978 -0.144007 -0.005298075 0.9895625 -0.1801755 -0.01858649 0.9834589 -0.1454877 -0.006406685 0.9893394 0.1001968 -0.01686371 0.9948247 0.08592977 -0.03447598 0.9957045 -0.00263633 0.002550209 0.9999933 0.07266961 -0.008662648 0.9973184 0.1590565 -0.002335054 0.9872667 0.1525245 -0.0113642 0.9882343 0.07795674 -0.005402827 0.9969421 -0.03530114 0.00846843 0.9993408 -0.06609429 -0.00709241 0.9977882 -0.0365463 -0.01681062 0.9991905 -0.02449514 0.003197137 0.9996948 -0.01570838 -0.01782374 0.9997177 -0.003734256 -0.0176008 0.9998381 0.08652174 0.02268999 0.9959915 0.09673913 0.008657328 0.9952721 0.07141846 -0.001552341 0.9974452 -0.005776865 -0.01394781 0.999886 0.3236275 0.01286426 0.9460971 -0.1202645 -0.0216122 0.9925066 -0.08911428 -0.004704337 0.9960102 -0.08781339 -0.00217308 0.9961345 -0.1274483 -0.01279771 0.9917626 -0.1612186 -0.002823097 0.9869146 -0.1616241 -0.01542848 0.9867318 -0.09543741 0.005758774 0.9954188 -0.1274108 -0.004410607 0.9918402 -0.09657754 -0.02170414 0.9950888 -0.1202603 0.003798255 0.9927351 -0.0877003 -0.01287824 0.9960636 -0.03984315 -0.000180835 0.9992059 -0.04093008 -0.02188939 0.9989222 -0.2451409 -0.009928995 0.9694366 -0.2179669 -0.02083199 0.9757338 -0.07074513 -0.008099779 0.9974616 -0.1207756 -0.009389945 0.9926354 0.2204856 -0.009876398 0.9753402 0.3131 0.005553396 0.9497039 0.2149404 -0.00406624 0.9766187 -0.2096814 -0.0123561 0.9776917 -0.2465199 -0.01254065 0.9690566 -0.209935 -0.02305966 0.9774434 -0.1914494 0.00505616 0.9814895 -0.1816305 -0.0262967 0.9830151 -0.1106775 -0.02106931 0.9936331 -0.1602896 0.001951826 0.9870681 -0.1529794 -0.01703908 0.9880825 0.04922611 -0.0104764 0.9987327 -0.02131509 -0.002778465 0.9997689 0.0802664 0.01064467 0.9967166 0.513886 0.01006499 0.8577995 -0.05407218 0.001537511 0.9985359 -0.1048857 -0.01174582 0.9944149 -0.05420062 -0.04179396 0.9976551 -0.05032134 -0.02668034 0.9983766 -0.2142472 -0.0005372684 0.9767793 -0.2465279 -0.01294739 0.9690492 -0.2216168 -0.01282036 0.9750495 -0.006566857 -0.02804825 0.999585 -0.06884587 0.004901362 0.9976152 -0.06549702 0.01519002 0.9977372 0.06846712 0.02594214 0.9973161 -0.00162044 -0.01565433 0.9998761 -0.1504911 -0.01232229 0.9885345 -0.1060747 -0.0008489064 0.9943577 -0.1033196 0.01206868 0.994575 -0.1131154 -0.008333948 0.9935469 0.1079501 -0.01969209 0.9939612 0.06628214 -0.0234127 0.9975262 0.09449904 0.002234415 0.9955224 -0.2108359 -0.02552002 0.9771883 -0.2405662 -0.02504164 0.9703097 -0.2182594 0.006251966 0.9758708 -0.1477164 -0.02118889 0.9888027 -0.1053445 0.01733611 0.9942847 -0.1085186 -0.02564891 0.9937635 0.4958926 0.02078359 0.8681352 0.002618096 0.003043376 0.999992 -0.06654654 -0.01830843 0.9976153 -0.004884936 -0.005219199 0.9999744 -0.2266355 -0.01753401 0.9738218 -0.2436502 -0.01985316 0.96966 -0.2285418 -0.01064392 0.9734759 -0.2474827 -0.01843269 0.9687169 -0.1175724 0.002916016 0.99306 -0.107787 -0.02334698 0.9938998 -0.06473487 -0.02001234 0.9977018 -0.1609343 -0.00927688 0.9869215 -0.07643006 0.0003849794 0.9970749 -0.04923598 -0.009574583 0.9987413 0.01749163 -0.007170641 0.9998212 0.1908153 0.0005431378 0.9816259 -0.1891017 -0.01230816 0.9818803 -0.1609935 -0.009428331 0.9869104 -0.2014844 0.0005312401 0.9794916 -0.1890606 -0.01246443 0.9818863 -0.1471157 0.004570904 0.9891087 -0.1464172 -0.02281018 0.9889599 -0.1494745 -0.03368676 0.9881915 0.01411314 -0.0201185 0.999698 0.02477686 -0.01438884 0.9995894 -0.07480428 0.008598307 0.9971611 -0.06031488 -0.02353402 0.997902 0.1159134 -0.01630731 0.9931255 0.1186915 -0.01289612 0.9928474 0.04788389 -0.00674545 0.9988301 -0.02124458 0.001222169 0.9997735 0.02289498 -0.01121061 0.999675 0.1930967 -0.006467923 0.9811584 0.07851548 -0.03513553 0.9962935 0.067824 0.00562928 0.9976815 -0.2030089 -0.03270591 0.9786305 -0.1764979 0.004134251 0.9842923 -0.1788526 -0.005639299 0.9838597 0.06614143 0.028229 0.9974108 0.07094121 0.009930896 0.997431 0.04445235 -0.003212465 0.9990063 -0.02796922 -0.01821305 0.9994428 -0.02705005 -0.02286299 0.9993726 0.1376108 0.003430187 0.9904804 0.1423521 -0.0118554 0.9897451 0.2103293 0.002823235 0.9776265 -0.154524 0.0009080989 0.9879885 -0.1887433 -0.008723982 0.9819877 -0.1484267 -0.01822279 0.9887555 -0.1480902 -0.01758375 0.9888175 -0.1019257 -0.005989811 0.994774 0.1785317 -0.01507595 0.9838186 0.2747243 0.00436189 0.9615132 0.1758947 -0.007422931 0.984381 0.4759779 0.007893893 0.8794218 -0.1584356 -0.01867153 0.9871927 -0.1027646 -0.003909908 0.994698 -0.1486834 -0.01574753 0.9887595 -0.1567799 -0.007032743 0.9876085 -0.1068919 -0.02655684 0.993916 -0.129398 -0.006076737 0.9915741 -0.1220691 0.003759351 0.9925145 -0.05455281 -0.001039561 0.9985104 -0.09792839 -0.01624485 0.9950609 0.7274904 0.03592505 0.6851767 0.7735776 0.04072819 0.6323914 0.7301586 0.03621818 0.6823171 0.7207255 0.03527233 0.6923226 0.724907 0.03567262 0.6879225 0.7142186 0.03463348 0.6990654 0.7177055 0.03496133 0.6954686 0.7105871 0.03426581 0.7027743 0.7067002 0.03390696 0.7067002 0.6971785 0.03299009 0.7161381 0.7032467 0.03355471 0.7101536 0.687085 0.03202882 0.7258707 0.694478 0.03270968 0.71877 0.6771621 0.03109898 0.7351764 0.6671152 0.03009292 0.7443464 0.6840501 0.03171688 0.7287452 0.6709318 0.03051608 0.7408908 0.6568527 0.0291971 0.7534534 0.6550388 0.0290083 0.7550382 0.6451968 0.02817291 0.7634969 0.6352879 0.02719409 0.7717965 0.6155527 0.02550899 0.7876828 0.6306505 0.02685392 0.7756022 0.2197357 0.002346374 0.9755566 0.3766122 0.01052338 0.9263113 0.5826719 0.02260493 0.812393 0.5613028 0.02020818 0.8273638 0.5352715 0.01670426 0.8445148 0.6112657 0.0250601 0.7910286 0.6002835 0.02422184 0.7994204 0.3650971 0.003693758 0.9309621 0.01836256 -0.013617 0.9997387 -0.03925463 -0.003986536 0.9992213 0.06028913 -0.002709505 0.9981773 -0.05644818 -0.009594436 0.9983595 -0.05859676 -0.01174296 0.9982127 -0.05454152 -0.01839505 0.9983421 -0.1247091 -0.0117828 0.9921234 -0.1182089 -0.02593849 0.9926499 -0.1019183 -0.006675433 0.9947703 0.03263375 -0.02283372 0.9992065 -0.0360274 -0.01975701 0.9991555 0.05610464 0.01256526 0.9983459 0.5041907 0.01766486 0.8634116 0.3374465 0.009381797 0.9412979 0.3181235 0.002900954 0.9480449 0.1836015 -0.003936747 0.9829929 0.3180607 0.00285435 0.9480661 0.2015242 -0.01002526 0.9794322 0.4668611 0.01280617 0.8842379 0.4684691 0.01306415 0.8833833 0.4146767 0.01209444 0.9098884 0.4585783 0.01271368 0.8885631 0.4233472 0.01102087 0.9059005 -0.128644 -0.01612831 0.9915597 -0.1139436 0.002664205 0.9934837 -0.1576648 -0.009681555 0.9874453 -0.1592587 -0.005585257 0.9872211 -0.2245568 -0.01667724 0.9743183 -0.2115048 -0.01502663 0.9772615 -0.2034516 -0.004353698 0.9790754 0.1722082 0.00981524 0.9850117 0.1824624 -0.004917085 0.9832005 0.3163378 0.003294384 0.9486408 0.321846 -0.003146928 0.9467868 -0.2210541 -0.01143814 0.9751945 -0.1967508 -0.03193711 0.9799332 0.3805477 0.00711925 0.9247339 0.3391558 0.01572418 0.9405988 0.4535295 0.01292803 0.8911474 0.4256405 0.01013193 0.9048356 0.3988174 0.006201402 0.9170094 0.368557 0.0003608906 0.9296051 0.3337022 -0.008568025 0.9426396 0.4585354 0.01319824 0.8885781 0.7027363 0.0415698 0.710235 0.6894906 0.03777837 0.7233087 0.6757154 0.03446314 0.7363566 0.6618979 0.03174887 0.7489214 0.648154 0.02964 0.7609323 0.6342667 0.0280919 0.7726038 0.7295175 0.05114699 0.682047 0.7163543 0.04611078 0.6962115 0.6313702 0.0278875 0.77498 0.6310452 0.04251362 0.7745803 0.6203128 0.02680167 0.7838966 0.6247733 0.02729185 0.7803291 0.624505 0.04002781 0.7799944 0.6042845 0.02543227 0.7963626 0.5846002 0.02473845 0.8109442 0.5639476 0.02523701 0.8254249 0.5435171 0.02692267 0.8389662 0.528237 0.008581106 0.8490536 0.5708561 0.02299549 0.8207279 0.6174015 0.02659948 0.7861984 0.6171877 0.03741087 0.7859262 -0.1088446 -0.007437083 0.9940309 -0.1606684 -0.01578315 0.9868822 -0.1606301 -0.01534041 0.9868954 -0.0764762 0.004992562 0.9970589 -0.1108525 -0.02498138 0.9935229 -0.1280786 -0.01002908 0.9917133 -0.0005719009 -0.00678641 0.9999768 -0.219792 -0.02307078 0.9752738 -0.1949942 -0.01618349 0.9806708 -0.2215101 -0.01636679 0.9750206 -0.1933596 -0.01311874 0.9810402 0.5844362 0.0241993 0.8110787 0.6858949 0.03296061 0.7269538 0.7057778 0.03632092 0.7075016 0.439608 0.01185163 0.8981116 0.4948366 0.02217241 0.8687031 0.4883493 0.02045291 0.8724086 0.4751741 0.01737523 0.8797203 0.4676532 0.01585525 0.8837698 0.4584845 0.01425684 0.8885881 0.4491437 0.01291965 0.8933661 0.4817295 0.0188375 0.8761175 0.4319616 0.01123321 0.901822 0.3285438 -0.01373618 0.9443888 0.3663573 0.005338529 0.9304589 -0.2046851 -0.01363677 0.9787329 -0.1940599 -0.005137905 0.9809762 -0.2120259 -0.03340043 0.9766931 -0.1907917 -0.02135183 0.9813983 -0.1862909 -0.01507325 0.982379 -0.04798814 -0.01236802 0.9987713 -0.09144626 -0.01147771 0.9957439 -0.08662814 -0.008083732 0.996208 -0.07626051 -0.01626441 0.9969553 -0.02597119 -0.02209928 0.9994184 0.5382642 0.01276425 0.8426796 0.5239577 0.01348251 0.8516376 0.4964219 0.01408364 0.8679672 0.4830011 0.01399894 0.8755078 0.4694618 0.01366056 0.8828471 0.4562201 0.01308259 0.8897708 0.4432675 0.01227571 0.8963053 0.5102059 0.01391232 0.8599398 0.4352907 0.01162934 0.9002149 0.6008888 0.02609898 0.7989063 0.7602175 0.03613931 0.6486626 0.732563 0.0363348 0.6797289 0.7041891 0.03545691 0.7091267 0.6752752 0.03353145 0.7368033 0.7265826 0.03758725 0.6860502 0.3812592 0.007820441 0.9244352 0.6532652 0.02340654 0.7567673 0.6460271 0.03072101 0.762696 0.6531239 0.03130251 0.7566038 0.6386891 0.02392501 0.7690929 0.3230756 0.003054491 0.9463682 0.3230478 0.01344698 0.9462872 0.3285725 0.003796545 0.9444711 0.1913983 0.005709935 0.9814958 0.191029 -0.001949758 0.9815825 0.1486773 0.01711199 0.9887378 0.298208 0.01692704 0.9543508 0.2982503 0.001707558 0.9544862 0.2974001 0.001599785 0.9547516 0.2656696 -0.0002476145 0.9640641 0.2305899 0.0006224794 0.9730508 0.0252251 -0.01062651 0.9996253 -0.0310161 -0.01774004 0.9993614 0.02135146 -0.007005353 0.9997475 -0.157183 -0.01431111 0.9874658 -0.1672095 -0.003830282 0.985914 0.3905047 0.005703205 0.9205833 0.3563746 0.005499105 0.934327 0.3221893 0.003332504 0.9466694 0.3260142 -0.006075388 0.9453454 0.3260178 0.003802934 0.945356 0.307153 -0.01107889 0.9515956 0.2901338 0.001214955 0.9569853 0.3071713 0.002067408 0.9516521 0.285066 0.0006480689 0.9585076 0.260012 -0.0009403558 0.9656049 0.2319329 -0.004511689 0.9727213 0.2014629 -0.01039468 0.9794409 0.1676651 -0.02002836 0.9856405 0.135358 -0.03276953 0.9902547 0.1062743 -0.04761161 0.9931962 0.3522862 0.006125492 0.9358723 0.16799 -0.008078285 0.9857556 0.2850208 -0.01781678 0.9583558 -0.1049852 -0.01115941 0.9944112 -0.04927739 -0.01358015 0.9986928 -0.09196897 -0.01649314 0.9956253 -0.03986615 -0.007276656 0.9991785 -0.1056236 -0.009719656 0.9943587 -0.1074558 -0.01525678 0.9940928 -0.0774287 -0.01256236 0.9969187 -0.04783675 -0.01602809 0.9987265 -0.1685144 -0.01514632 0.9855828 -0.1679792 -0.01705144 0.985643 -0.1402755 -0.01689042 0.9899684 -0.141799 -0.01251012 0.9898164 -0.1370792 -0.009628183 0.9905133 0.6679077 -0.004309963 0.7442317 0.7051407 -0.003880112 0.7090569 0.6750863 -0.005215436 0.7377204 0.6449162 -0.003723532 0.7642442 0.6205589 -0.0003277093 0.7841598 0.6829727 -0.004692221 0.7304288 0.6979612 -0.005792918 0.7161121 0.7219313 -0.008758551 0.6919093 0.7219582 -0.001482225 0.6919351 0.534022 0.001435557 0.8454695 0.6205533 -0.004276647 0.7841526 0.6187852 -0.005335189 0.7855422 0.4972258 0.01444829 0.8675008 0.5485213 -0.001478243 0.8361352 0.5172989 0.006279661 0.8557817 0.5631264 -0.0031004 0.826365 0.4433653 0.008736066 0.8962985 0.4170787 0.0007683823 0.9088701 0.3873736 -0.002478369 0.9219196 0.430369 0.002339431 0.90265 0.3789932 0.03817263 0.9246118 0.3792693 -0.00126182 0.9252855 0.3527272 -0.002386324 0.9357232 0.3178037 0.002942862 0.948152 0.28458 0.0180492 0.9584823 0.2529425 0.0420621 0.9665666 0.3609111 -0.001201195 0.9325995 0.3603953 0.05345884 0.9312665 0.6677244 0.02381598 0.7440275 0.6448072 0.0007280583 0.7643449 0.682595 0.03358272 0.7300248 0.5578625 -0.00333332 0.8299267 0.6972693 0.04489214 0.7154021 0.6161363 -0.003854112 0.7876301 0.543298 -0.00531178 0.8395231 0.5288654 -0.0085678 0.8486625 0.4340539 -0.01342143 0.900787 0.3829242 -0.0005011915 0.9237795 0.4240157 -0.007982798 0.9056197 0.4260619 -0.006317528 0.904672 0.4081152 -0.004354232 0.9129199 0.3564991 1.628136e-05 0.9342957 0.2935312 -0.01736805 0.9557917 0.3678049 -0.001164925 0.9299022 0.3678051 -0.001011151 0.9299024 0.3261939 -0.003860476 0.945295 0.06242589 0.003743768 0.9980426 0.0328927 0.0005034676 0.9994588 -0.006435002 -0.001276561 0.9999785 -0.009505082 0.005245286 0.9999411 0.6232858 0.0145609 0.7818585 0.5962412 -0.002876892 0.8028003 0.6058943 0.007376393 0.7955109 0.5628101 -0.001658846 0.8265846 0.5409701 -0.001664929 0.8410402 0.4982976 0.007071777 0.8669772 0.4774224 0.01557459 0.8785359 0.6381677 0.02222385 0.7695765 0.5194668 0.001288388 0.8544897 0.5848688 0.001431109 0.8111266 0.5961331 -0.002978778 0.80288 0.5248441 -0.003053146 0.851193 0.5943524 -0.001828357 0.8042026 0.5464301 -0.0009415042 0.8375043 0.6421754 0.02453825 0.7661649 0.5036016 -0.008030434 0.8638986 0.261158 0.001493103 0.965295 0.261493 0.001081766 0.9652048 0.2599853 0.001143763 0.9656119 0.2573175 -0.001217907 0.9663261 0.3567614 0.0008179708 0.9341952 0.2603287 -0.001230577 0.9655192 0.356739 0.000960678 0.9342036 0.4256265 0.0009619502 0.9048984 0.4379708 0.03798482 0.8981863 0.4444559 0.004382818 0.89579 0.34832 -0.009786944 0.9373245 0.3473361 -0.004005672 0.9377322 0.7699801 -0.0007915529 0.6380675 0.804055 -0.0006613765 0.5945545 0.7688075 -0.0007656736 0.6394798 0.7645525 -0.0007812187 0.6445608 0.7630587 -0.0007484779 0.6463287 0.7591987 -0.0007747839 0.6508584 0.7482716 -0.0006815181 0.6633921 0.7537385 -0.0007650803 0.657174 0.7569566 -0.000733099 0.6534646 0.7419067 -0.0004261862 0.670503 0.7174742 0.002238956 0.6965814 0.7340694 0.0001436122 0.6790745 0.7257703 0.001045396 0.6879364 0.5582153 -0.0005285167 0.8296959 0.5351503 0.0007486697 0.8447565 0.5110681 0.00316915 0.8595344 0.5307946 0.0002611361 0.8475006 0.6211044 -0.001469087 0.7837264 0.5297923 -0.001330266 0.8481264 0.5276515 0.0007680501 0.8494607 0.77822 -0.00349082 0.627982 0.4046805 0.001696246 0.9144565 0.2598936 -0.001733842 0.9656357 0.4015199 -0.01256008 0.9157642 0.3997261 -0.00198443 0.9166325 0.2620892 -0.01617921 0.9649079 0.3378979 0.009245912 0.9411374 0.5639499 -0.006511366 0.8257833 -0.07220212 0.0120937 0.9973167 -0.09774251 -0.006082086 0.9951931 -0.1454303 0.009290245 0.9893249 0.171589 0.01244749 0.9850899 0.250768 -0.005074453 0.9680339 0.3244883 0.02103659 0.9456557 0.1698262 0.00753823 0.9854452 0.3220367 -0.009868706 0.9466757 0.4342299 -0.01064734 0.9007391 0.3135342 -0.005047423 0.9495634 0.4625214 0.004757639 0.8865954 0.3823731 0.004551486 0.9239968 0.3245353 -0.003921066 0.9458655 0.638379 0.00834899 0.769677 -0.07077885 -0.01066311 0.997435 -0.0706158 -0.01026974 0.9974507 -0.09954845 0.0252145 0.9947132 -0.1160067 0.003854448 0.993241 -0.143333 -0.02535122 0.9893497 -0.1171688 0.006743527 0.9930891 -0.1504846 -0.005924814 0.9885946 -0.1486006 -0.003775457 0.9888901 0.4983378 -0.006051092 0.8669618 -0.1926131 -0.02104345 0.9810492 -0.184867 0.03564532 0.9821169 -0.2519915 -0.007972979 0.9676967 -0.2129064 0.006719676 0.9770495 -0.2540415 -0.003925621 0.9671854 -0.2099472 0.008056522 0.9776796 -0.2559682 -0.002186314 0.9666827 0.5145911 0.002857128 0.8574309 0.4390542 -0.00743755 0.8984298 0.7454627 0.00213565 0.666544 0.8176495 0.002575404 0.5757105 0.8444905 0.003652033 0.5355581 -0.2327213 0.004355587 0.9725337 -0.2089316 -0.01499046 0.9778154 -0.190862 0.008858274 0.9815769 0.3484222 0.008448339 0.9372997 0.4796107 0.02080946 0.8772346 0.3565659 -0.007606119 0.9342392 0.4339394 -0.004644333 0.90093 -0.0500968 -0.002114634 0.9987422 -0.2242433 0.03087886 0.9740438 -0.1905318 -0.01145131 0.9816142 -0.2305608 0.007551283 0.9730287 -0.1899062 -0.00938902 0.9817574 0.3832215 0.00771554 0.9236243 0.496176 -0.00936299 0.8681715 -0.06317168 -0.002270865 0.998 -0.07626168 -0.02991158 0.9966391 -0.1698948 -0.004287101 0.9854529 -0.1776067 0.004654034 0.9840905 -0.1324608 0.001601844 0.991187 -0.1823873 -0.004566684 0.9832162 -0.135933 0.006728311 0.9906952 -0.1304964 0.004938021 0.9914365 0.3844275 0.01051714 0.9230953 0.3938182 -0.007490025 0.9191579 0.4976521 -0.006184481 0.8673547 -0.1432268 -0.002246948 0.9896873 -0.06619898 0.02941965 0.9973727 -0.1397656 0.0001904528 0.9901846 -0.09071457 0.0008362966 0.9958766 -0.1397765 -0.002983958 0.9901786 0.4260839 0.01067172 0.9046206 -0.00737516 0.005250853 0.999959 0.01297713 -0.0131915 0.9998288 0.002328617 0.0188355 0.9998199 -0.08014835 0.0009544909 0.9967824 -0.07606644 0.007574415 0.9970739 -0.06638192 -0.006629444 0.9977722 0.5033332 0.007983408 0.8640556 0.8099545 0.005194031 0.5864698 0.7397922 0.004321465 0.6728216 0.2114019 -0.04355854 0.9764282 0.296062 0.007999387 0.9551352 0.3036017 -0.007481385 0.9527696 0.497491 -0.0047287 0.8674563 0.5693504 0.01010882 0.8220328 0.6997344 -0.002729372 0.714398 0.7805097 0.009770679 0.6250674 0.6056173 0.01165297 0.7956707 0.696007 -0.0007426966 0.7180346 0.09282515 -0.0004864854 0.9956823 0.002819683 -0.0010478 0.9999955 -0.01037987 -0.0009023468 0.9999457 -0.0006616247 -0.01380952 0.9999045 0.1927603 -0.0001647389 0.9812459 0.2096792 0.00855672 0.9777328 0.2036396 -0.007682614 0.9790157 0.1378456 0.01898242 0.9902718 0.09257758 -0.0006003716 0.9957053 0.0927477 -0.0007296324 0.9956893 0.08996242 -0.008792159 0.9959064 0.69495 0.01210365 0.7189562 0.782531 0.00345802 0.622602 0.3263762 0.004757367 0.945228 -0.2598946 0.001782326 0.9656354 -0.2531466 0.01095873 0.9673659 -0.2254434 -0.003496914 0.97425 -0.2123639 -0.01243774 0.9771115 -0.2042916 0.02181049 0.978667 0.3284616 0.00976185 0.9444669 0.434325 -0.005899498 0.9007369 0.4577872 0.0105844 0.8889988 0.3335842 -0.007476956 0.9426907 0.4568663 0.01339855 0.8894345 0.4490493 -0.007869805 0.8934723 0.5732664 -0.00261859 0.8193648 0.2830042 -0.008473843 0.9590812 0.2881676 0.00716268 0.9575532 0.4257721 0.01167408 0.9047551 0.330538 -0.004700149 0.943781 0.4922166 0.008834659 0.870428 0.7395602 0.007266317 0.6730512 0.810584 0.008752822 0.585557 0.8542517 0.01210411 0.5197187 0.2442254 0.0280385 0.9693131 0.09147584 -0.001242038 0.9958065 0.2046192 -0.0001863463 0.9788416 0.2178399 -0.01367642 0.9758887 0.1846084 -0.0003572181 0.982812 0.2968612 0.007648919 0.95489 0.2977867 -0.006273524 0.9546118 0.1910527 -0.01203285 0.981506 0.1880756 0.03643572 0.9814785 0.3872195 -0.006920095 0.9219616 0.3653749 0.01175268 0.9307863 0.3493932 -0.005688906 0.9369588 0.4865597 0.0130036 0.8735506 0.3496845 -0.01005055 0.9368136 0.4183287 0.001256121 0.9082949 0.4269616 0.007565089 0.9042381 0.4885684 -0.01388629 0.8724151 0.04729882 0.05132226 0.9975615 -0.07408901 0.01321525 0.9971641 -0.01342233 -0.02517934 0.9995929 -0.07522473 -0.02143535 0.9969362 -0.06653729 -0.008870661 0.9977446 -0.1654376 -0.01110768 0.9861577 -0.1661115 -0.01329838 0.9860173 -0.2167772 0.004225099 0.976212 0.0858231 -0.006245555 0.9962908 -0.01220398 0.003199092 0.9999204 0.08517934 -0.00147093 0.9963645 0.04655218 -0.02771353 0.9985313 -0.01247606 0.005597077 0.9999065 -0.2260268 -0.002466432 0.9741179 -0.1733812 -0.01186628 0.9847834 -0.1778127 -0.002334004 0.9840615 -0.2163915 -0.01056596 0.9762495 -0.1668 0.00985106 0.9859415 -0.2327489 0.0297667 0.9720812 -0.2287322 -0.008693466 0.9734505 0.4945282 0.006133977 0.8691399 0.6320906 0.006925833 0.7748635 0.5147333 0.004396107 0.8573391 0.5544844 0.01211188 0.8321059 0.6442703 0.00506093 0.7647811 0.6391004 0.001421234 0.7691221 0.7455204 0.009892596 0.6664093 0.8215028 0.01204114 0.5700773 0.6952044 0.01395999 0.7186764 -0.1174692 -0.002507705 0.9930734 -0.1113858 -0.01121883 0.9937139 -0.1576825 0.009289135 0.9874462 -0.1571281 -0.0172648 0.9874273 -0.1668573 -0.007763986 0.9859505 -0.1127145 0.005304852 0.9936132 0.4328979 0.003606529 0.9014358 0.7734334 0.01614727 0.6336719 0.3161738 0.004692183 0.9486897 0.2119134 -0.003059376 0.9772836 0.190128 0.001931061 0.9817575 0.3057454 0.0008918057 0.9521129 0.3038905 -0.009740628 0.9526572 0.1919244 0.01379283 0.9813128 0.3364777 0.01478639 0.9415753 0.5911776 -0.006957069 0.8065114 0.6770099 0.01586697 0.7358028 0.5834017 0.001357196 0.8121826 0.6893744 0.00253295 0.7244008 0.6036019 0.01416592 0.79716 0.6037868 0.01596995 0.7969858 0.6897709 0.00629668 0.7240003 0.7084265 0.01957962 0.7055129 0.7098958 0.01821155 0.7040713 0.2082604 -0.01571291 0.9779472 0.3319483 -0.01764984 0.9431325 0.3296561 0.02522689 0.943764 0.1357992 -0.02304325 0.9904683 0.1614662 0.0212106 0.9866502 -0.2582103 -0.0147469 0.9659762 -0.2248417 -0.01862818 0.9742172 -0.2406828 -0.003205744 0.9705985 -0.2181848 0.02108045 0.9756798 -0.2667602 -0.005558933 0.9637469 0.4510889 0.001188299 0.8924782 0.4633634 0.01739657 0.8859975 0.3321807 0.01437304 0.9431063 0.4740522 -0.006336346 0.8804739 0.3089221 -0.001644806 0.9510859 0.2055232 0.001553633 0.978651 0.3211355 -0.001347879 0.9470323 0.2057847 0.001972658 0.9785953 0.3129711 0.004181818 0.9497535 0.604202 0.01559719 0.7966785 0.5830184 0.00132343 0.8124579 0.4825974 -0.0009581884 0.8758417 0.4823706 -0.0007141524 0.8759669 0.5841085 0.0001746191 0.8116755 0.5013034 0.01131332 0.8651977 0.5003706 0.00267699 0.8658072 0.637557 0.01775868 0.7701984 0.642325 0.0135068 0.7663134 0.537233 0.01146226 0.843356 0.584778 0.006217522 0.8111696 0.3303387 0.01350387 0.9437659 0.4105135 -0.007987331 0.9118196 0.1900732 0.006660847 0.9817473 0.1525717 -0.02410002 0.9879985 0.1457306 -0.01399174 0.9892254 0.2537718 0.007002993 0.9672388 0.1462488 -0.007858117 0.9892166 0.2958782 -0.011937 0.9551511 0.2544858 0.01478975 0.9669634 -0.1733796 -0.04471526 0.9838395 -0.1621675 0.006369735 0.9867427 -0.1412322 0.007798292 0.9899458 -0.08309115 -0.01711529 0.9963949 -0.1111172 -0.01726833 0.9936572 -0.07307874 0.03729335 0.9966286 -0.2337208 -0.01547159 0.9721806 -0.2429645 -0.0063229 0.9700146 -0.2149261 -0.003940423 0.9766224 -0.1976734 -0.01931871 0.9800776 -0.1904426 0.02022278 0.98149 0.6082647 0.01050561 0.7936648 0.6265152 0.009752167 0.7793483 0.7134248 0.01513831 0.7005683 0.4011608 0.0126338 0.9159204 0.4040855 0.009952155 0.9146671 0.5409786 -0.02492719 0.8406669 0.3950018 -0.0005079168 0.9186803 0.3951 -0.002312421 0.9186352 0.4989577 0.01261152 0.8665346 0.6932759 0.01128193 0.7205839 0.5575369 0.003880924 0.8301431 0.6453518 0.0158989 0.76372 0.6394434 0.02422469 0.7684565 0.5960501 0.01783466 0.8027491 0.707332 0.0194573 0.7066137 0.6137998 0.006202421 0.7894374 0.5765046 0.005938168 0.8170724 0.5759843 0.003988494 0.817451 0.7041012 0.02408792 0.7096909 0.7035884 0.02196558 0.7102682 0.2318915 -0.01294147 0.9726556 0.1777097 0.004330589 0.9840735 0.1053277 -0.01088338 0.994378 0.1053184 -0.01041961 0.9943839 0.2314309 0.005949456 0.9728332 0.3043942 -0.008490994 0.9525082 0.2851886 0.01151083 0.9584023 0.3292323 0.01158591 0.9441779 0.3122663 0.002149836 0.9499922 0.4290474 -0.00507678 0.9032677 0.6750215 0.01556109 0.7376339 0.7795339 0.02089792 0.6260114 0.6779 0.01166804 0.7350615 0.7690045 0.01796662 0.6389908 0.6870753 0.01357785 0.7264594 0.2220542 -0.006586971 0.9750121 0.223712 0.003786021 0.9746479 0.1883879 -0.007453548 0.9820664 0.1164972 0.003777141 0.9931838 0.116223 0.001778445 0.9932215 0.630536 0.01773441 0.7759573 0.5415622 0.004989603 0.8406458 0.2479496 -0.002414913 0.96877 0.2370431 -0.002204904 0.9714966 0.343105 0.004445752 0.9392865 0.2477566 -0.007252845 0.9687952 0.6238782 0.02073867 0.7812463 0.6182501 0.01539819 0.7858305 0.3429093 -0.000250733 0.9393685 0.3036272 0.005367642 0.9527758 0.4199739 0.01036587 0.907477 -0.2214174 -0.01075787 0.9751198 -0.1791309 -0.01008048 0.9837736 -0.1772256 -0.003029479 0.9841655 -0.21664 -0.0103583 0.9761965 -0.1883984 -0.004511244 0.9820823 -0.2200106 -0.004699357 0.9754862 0.8182423 0.02635165 0.5742692 0.7371603 0.02132095 0.6753814 0.8564879 0.02989616 0.5153008 0.491342 0.009088061 0.8709193 0.4758642 0.006898069 0.8794917 0.3924151 0.00634595 0.9197662 -0.1119526 -0.0105025 0.993658 -0.04148686 -0.007805746 0.9991086 -0.05017411 -0.001726347 0.998739 -0.05847248 -0.02998238 0.9978387 0.3218109 -0.003388521 0.946798 0.4023239 0.001612466 0.915496 0.4586041 0.02348885 0.8883302 0.3195472 0.00856359 0.9475316 0.3532312 0.009158752 0.9354913 0.463537 0.0003920688 0.8860775 0.3553081 0.01120359 0.9346821 0.466231 0.002855077 0.8846583 0.7996244 0.02805269 0.5998447 0.724016 0.022903 0.6894029 -0.1101528 0.003560696 0.9939083 -0.02919688 -0.01215328 0.9994998 -0.1022818 0.02254195 0.9945 -0.1027924 -0.001177817 0.9947021 -0.050414 -0.01215041 0.9986545 -0.02889537 7.32163e-05 0.9995825 0.2639412 0.006304916 0.9645181 0.2659962 -0.005004186 0.9639612 0.1653401 -0.03529366 0.9856049 0.1589032 0.006032155 0.9872758 0.7663423 0.02974329 0.6417435 0.5408992 0.01865393 0.8408806 0.4611212 0.003633416 0.8873298 0.7657008 0.02500154 0.6427109 0.180534 0.00806659 0.9835356 0.2133711 -0.0238227 0.9766807 0.08095028 0.01925677 0.9965321 0.1719784 -0.001805993 0.9850991 0.0657324 -0.004405179 0.9978275 -0.01758349 -0.007120628 0.9998201 -0.03611706 -0.03728579 0.9986517 -0.03421229 0.002053553 0.9994125 -0.02814567 -0.007188173 0.999578 0.06484144 -0.005631162 0.9978797 0.06347012 -0.004630512 0.997973 0.2436794 0.007899659 0.9698237 0.4077151 0.0143428 0.9129966 0.2738903 -0.007513676 0.9617317 0.4208642 0.0007851518 0.9071233 0.4206292 -0.001619245 0.9072312 0.289592 0.007966427 0.9571171 0.2735127 0.01054692 0.9618106 0.2367842 -0.009481113 0.9715161 0.3907769 0.01176689 0.9204102 0.2884214 -0.005435724 0.9574882 0.536273 0.00848467 0.8440019 0.453234 0.01386566 0.8912838 0.7181099 0.02544031 0.6954646 0.7998613 0.03171756 0.5993462 0.8581652 0.03893596 0.5118949 -0.1440801 -0.009579504 0.9895197 -0.1194426 -0.008316197 0.9928063 -0.1183482 0.01960955 0.9927785 -0.1265289 0.0014434 0.9919619 -0.1799868 -0.004933588 0.9836566 -0.174216 -0.01601928 0.9845771 -0.1713993 -0.008751163 0.9851627 -0.1197589 -0.007940087 0.9927713 0.3377918 0.009930377 0.9411684 0.168589 -0.01416332 0.9855847 0.2089832 0.02170324 0.9776784 0.07132394 -0.03013629 0.9969979 0.3323429 -0.003612664 0.9431517 0.444588 0.01474493 0.8956138 0.2451889 -0.005807205 0.969458 0.1439187 -0.003239314 0.9895842 0.1646854 -0.009361266 0.9863017 0.2494143 0.005772488 0.9683796 0.2972514 0.007904398 0.9547665 0.2926082 -0.003911181 0.9562244 0.441916 0.01700124 0.8968953 0.330115 -0.001487495 0.9439396 0.363699 0.004072454 0.9315076 0.3758913 0.009836128 0.9266115 0.4323891 -0.004870899 0.901674 -0.2154269 -0.01679347 0.9763756 -0.2137805 -0.005398453 0.9768668 -0.1746169 -0.004128451 0.9846278 -0.176162 -0.01312406 0.9842737 0.05498592 -0.005506141 0.9984719 -0.04047321 0.02037509 0.9989728 -0.04198305 -0.009114179 0.9990767 0.05213311 -0.005775079 0.9986234 -0.0246537 -0.008254402 0.999662 0.05292864 -0.006957784 0.998574 0.1675746 -0.01434177 0.985755 0.05423946 -0.01285177 0.9984452 0.05198324 -0.005879834 0.9986306 0.191577 0.01179985 0.9814067 0.1435185 -0.004500412 0.9896374 0.1262585 0.001353014 0.9919964 0.2454147 0.01003653 0.9693663 0.1675161 -0.01419515 0.9857671 0.2460624 0.003364439 0.9692481 0.1269457 -0.007310348 0.9918828 0.4668593 0.01063389 0.8842676 0.5887087 0.01868348 0.8081294 0.4401259 0.01109898 0.8978675 0.5939444 0.01471658 0.8043714 0.5033123 0.01797886 0.8639175 0.7189628 0.02783444 0.694491 0.8053193 0.03509511 0.5918015 0.7460886 0.03443498 0.6649556 0.6497533 0.03045102 0.7595348 0.748355 0.02946901 0.6626436 0.1388764 -0.005588826 0.9902939 0.1314691 0.004246352 0.9913112 0.1143939 -0.007079879 0.9934103 0.2561021 0.0006647884 0.9666495 0.2515992 0.0004332896 0.9678314 0.3871568 0.01139967 0.9219434 0.2814653 -0.004131296 0.9595626 0.3809903 -0.001962446 0.9245769 0.4133321 0.01191814 0.9105023 0.5015956 0.007779234 0.8650673 0.2933053 0.005748079 0.9560016 0.2457142 -0.004213827 0.9693331 0.3564259 0.01291763 0.9342344 0.2475293 -0.009501836 0.9688338 0.3609465 0.001501216 0.9325852 0.5709647 0.02382315 0.8206289 0.509377 0.01156809 0.8604658 0.4197082 0.01515044 0.9075327 0.781248 0.03705385 0.62312 0.807324 0.04080452 0.5886959 0.6960502 0.02918026 0.7173999 -0.1994275 0.01001945 0.9798613 -0.2320991 -0.01569147 0.9725655 -0.2121505 -0.01320509 0.9771478 -0.2255847 -0.02422967 0.9739223 -0.2011684 -0.02608543 0.9792093 0.2873078 -0.002170377 0.9578358 0.4161469 0.003275379 0.9092915 0.3236238 0.0019193 0.9461839 0.3339088 0.007091878 0.9425787 -0.2053672 -0.02293446 0.9784162 -0.1780366 0.009573239 0.9839773 -0.21218 -0.01482174 0.9771182 -0.1799091 -0.02513323 0.9833621 -0.1919238 -0.01244494 0.9813309 0.5577742 0.01966828 0.8297597 0.4057395 0.004838602 0.913976 0.4298554 0.009795166 0.9028446 0.4030278 0.01067346 0.9151255 0.689843 0.03003688 0.7233356 0.7733397 0.03808539 0.632847 0.5608135 0.01367277 0.8278293 0.470419 0.01893164 0.8822401 0.4634614 0.01576365 0.8859769 0.7279744 0.03803256 0.6845486 0.73017 0.03578744 0.6823277 0.7603676 0.03820345 0.6483685 0.7249166 0.03531039 0.6879311 0.7195352 0.03474003 0.6935866 0.717715 0.034596 0.6954771 0.7105961 0.03391074 0.7027825 0.7032544 0.03321859 0.7101617 0.6944866 0.03234068 0.7187784 0.6840639 0.03106759 0.7287601 0.6550875 0.02632257 0.7550944 0.6709592 0.02914963 0.7409211 0.7079075 0.03360637 0.7055052 0.2150623 0.003572661 0.9765938 0.3327915 0.0006042417 0.9430003 0.2775513 -0.002624999 0.9607072 0.2160504 0.0009883272 0.9763818 0.3296852 0.007586989 0.9440604 0.4484092 0.01197686 0.8937481 0.5474694 0.01873637 0.8366159 0.5042015 0.01641835 0.86343 0.4668586 0.01321408 0.8842332 0.4483442 0.01193206 0.8937813 0.4481925 0.01209355 0.8938553 0.4233606 0.007608853 0.9059293 0.5826366 0.02514728 0.8123437 0.5612957 0.02082383 0.8273534 0.5352458 0.01937125 0.8444743 0.6153154 0.03769359 0.7873793 0.6302153 0.04582284 0.775067 0.5199438 0.0214687 0.8539307 0.6001703 0.03103899 0.7992697 0.7202556 0.05045953 0.6918712 0.7269475 0.05273116 0.6846654 0.6969047 0.04327621 0.7158569 0.5932419 0.02229863 0.8047153 0.713811 0.04836389 0.6986665 0.6868727 0.04053714 0.7256464 0.7063568 0.04604525 0.7063568 0.645139 0.0311838 0.7634286 0.6567645 0.03347925 0.7533522 0.6769996 0.03803395 0.735 0.6669924 0.0356871 0.7442094 0.5842258 0.0221416 0.8112891 0.5788188 0.02199648 0.8151595 0.5741914 0.02182364 0.8184302 0.5688074 0.0215662 0.822188 0.5640212 0.02128741 0.8254859 0.558695 0.02092181 0.8291093 0.552915 0.02046528 0.8329864 0.5123325 0.01673027 0.8586242 0.604301 0.02433002 0.7963845 0.5846159 0.02363203 0.810966 0.57354 0.02257553 0.8188664 0.5639916 0.02192382 0.8254895 0.5670134 0.02208789 0.8234124 0.5600947 0.02147797 0.8281502 0.553123 0.02082412 0.8328393 0.5436041 0.0201278 0.8391004 0.523394 0.01744538 0.8519122 0.5034885 0.01363103 0.8638944 0.4807017 0.007936507 0.8768482 0.5066805 0.016595 0.8619742 -0.01777845 -0.004839964 0.9998302 -0.02981483 -0.01961371 0.999363 -0.006977095 -0.0134863 0.9998847 0.07448097 -0.009546358 0.9971767 0.0772488 -0.006064958 0.9969934 0.05510133 0.002137691 0.9984784 -0.05844232 -0.01427296 0.9981888 -0.07445493 -0.02961867 0.9967845 -0.1169474 -0.0173964 0.9929858 -0.1164348 0.001692283 0.9931969 -0.06946006 -0.00742062 0.9975572 0.5894573 0.0238713 0.8074467 0.5281609 0.01901725 0.8489313 0.5215688 0.01858902 0.8530068 0.508101 0.01798163 0.8611098 0.5014733 0.01781449 0.8649897 0.5147871 0.01823856 0.857124 0.4785225 0.01753531 0.8779002 0.4882487 0.01612094 0.8725556 0.590091 0.02440777 0.8069677 0.5891161 0.0240417 0.8076907 0.3996097 0.01154755 0.9166127 0.5381639 0.02313721 0.8425226 0.5238922 0.02078233 0.8515311 0.496399 0.0170496 0.867927 0.4829895 0.01561663 0.8754869 0.4694568 0.01442961 0.8828375 0.4562174 0.0135211 0.8897656 0.4432642 0.01287907 0.8962985 0.3996308 0.005302396 0.9166609 0.4461435 0.01226608 0.8948774 0.4200163 0.008754344 0.9074743 0.5101652 0.01878553 0.8598712 0.5496059 0.02524942 0.8350425 0.5497303 0.01359399 0.8352315 0.6383405 0.0407781 0.7686732 0.591334 0.02446092 0.8060557 0.6167018 0.02154185 0.7869021 0.5871052 0.02294111 0.8091856 0.5579365 0.02228291 0.8295845 0.5291807 0.01966825 0.8482812 0.5007952 0.01517449 0.8654328 0.4731552 0.008952041 0.8809336 0.5038667 0.01806899 0.8635924 -0.1923427 -0.01489103 0.9812148 -0.2014179 -0.02208434 0.9792564 -0.1951661 -0.02143956 0.9805358 -0.2121436 0.002627111 0.977235 -0.176508 -0.01608165 0.9841678 -0.1677732 -0.0265979 0.9854667 -0.1696143 -0.005628521 0.9854944 0.5199947 0.001998112 0.8541671 0.5144706 -0.002018661 0.8575057 0.4052208 -0.00194266 0.9142168 0.4211964 -0.006422498 0.9069467 0.5154883 -0.002793923 0.856892 0.4064916 0.01314301 0.9135599 0.5154482 -0.01278788 0.8568253 0.5145796 -0.01241307 0.8573528 0.4993058 -0.007271257 0.8663954 0.4065266 -0.000950792 0.9136385 0.2233451 0.005873288 0.9747218 0.195102 0.001121484 0.9807823 0.1640101 -3.802042e-05 0.9864587 0.1288015 0.005003511 0.9916578 0.09430627 0.01725708 0.9953936 0.2728717 0.02056491 0.9618306 0.255519 0.0008989871 0.9668036 0.09796657 0.01513824 0.9950746 0.0956437 -0.002420326 0.9954127 0.2005073 -0.005508533 0.9796767 0.2616945 -0.0006103421 0.9651506 0.2314691 0.0003821434 0.9728423 0.3024989 -0.01086013 0.9530879 0.2975755 8.051316e-05 0.9546983 0.2046916 -0.003583802 0.97882 0.1658795 0.001240793 0.9861453 0.1295574 -0.001258984 0.9915711 0.4843932 -0.0008973975 0.87485 0.3598761 -0.002801233 0.9329959 0.4536793 0.0004583293 0.8911649 0.4255276 -0.001218821 0.9049446 0.3418811 0.01068652 0.9396825 0.3117074 0.0212574 0.9499403 0.368796 0.004032368 0.9295017 0.3966751 3.329921e-06 0.9179591 0.493925 0.006539957 0.8694799 0.4256268 0.0001613338 0.9048988 0.3629062 -0.0002921558 0.9318256 0.3622411 -0.005401184 0.9320688 0.4545749 -0.004413921 0.8906976 0.4809259 -0.01474496 0.8766373 0.4826611 -0.01575827 0.8756654 0.4847201 -0.00122772 0.8746684 0.6210745 -0.001516609 0.78375 0.708651 0.0007715372 0.7055587 0.6172769 0.0004973971 0.7867458 0.7091299 0.00415024 0.7050657 0.7081001 0.003910116 0.7061012 0.6992688 0.002247722 0.7148554 0.6873675 0.0005960231 0.7263095 0.6747105 -0.0004078746 0.7380824 0.7569568 -0.0002441147 0.6534648 0.7688076 0.0005850273 0.6394799 0.7040402 -0.001444093 0.7101586 0.7919043 0.003285176 0.6106364 0.763059 8.927366e-05 0.6463289 0.702554 0.006978163 0.7115962 0.7932854 -0.0054814 0.6088253 0.7178522 -0.00609214 0.6961689 0.7202083 -0.004117281 0.6937456 0.8088622 0.009056954 0.5879285 0.6172222 0.0007983054 0.7867883 0.5233276 -0.001227956 0.8521307 0.6125919 -0.00133947 0.7903982 0.626782 0.005746229 0.7791735 0.6132693 -0.005119612 0.7898573 0.5219304 0.006425118 0.8529638 0.6917121 0.01147057 0.7220823 0.6418732 -0.006675855 0.7667818 0.6912038 0.01031175 0.7225863 0.7036811 0.0004880321 0.7105158 0.5841826 0.0003306719 0.8116223 0.7271561 -0.0005120051 0.6864719 0.6952759 -0.01807935 0.7185156 0.6522657 0.005333599 0.7579716 0.6482708 0.003155578 0.7614033 0.5040175 0.006327753 0.8636703 0.5389334 0.006633139 0.8423222 0.5449975 -0.004407045 0.8384261 0.4357255 -0.007349868 0.9000496 0.4336609 -0.003431536 0.9010696 0.6266015 -0.01709783 0.7791523 0.5839389 0.005541684 0.8117787 0.5742489 0.0003324218 0.8186806 0.4744512 0.006614752 0.880257 0.4721769 0.01077278 0.881438 0.377348 -0.007004956 0.9260451 0.3754341 -0.00325743 0.9268434 0.720602 0.003236956 0.6933414 0.6161684 0.003032973 0.7876086 0.6608233 0.001147544 0.7505406 0.5372998 -0.00529973 0.8433747 0.6290962 -0.003724217 0.7773187 0.5285401 0.01053505 0.8488429 0.7045397 -0.0009243694 0.709664 0.5897429 0.008148665 0.80755 0.5758155 -0.004495129 0.8175673 0.6403711 0.01631626 0.7678922 0.5720406 -0.001639179 0.8202237 0.6535731 0.006432902 0.7568361 0.6260058 -0.01488383 0.7796763 0.5831841 0.007372445 0.8123066 0.381692 0.005906011 0.9242707 0.454103 -0.004867533 0.8909359 0.3292056 0.007850789 0.9442257 0.3301326 -0.00457346 0.9439235 0.4546122 -0.01155148 0.8906145 0.7068906 0.01345864 0.7071949 0.7094641 0.008709467 0.7046878 0.5950134 -0.002972642 0.8037103 0.6550342 0.0006602312 0.7555989 0.5878232 0.009900843 0.8089289 0.3763424 -0.006367551 0.9264588 0.4734869 0.007759755 0.8807667 0.4793077 -0.002858496 0.8776423 0.4402226 0.007186596 0.8978599 0.374405 -0.002609661 0.9272617 0.801077 -0.002171795 0.5985573 0.7230295 0.009565802 0.690751 0.725467 0.001818149 0.6882547 0.7962266 0.01462264 0.6048219 0.6157343 -0.01950108 0.7877125 0.6527391 0.01981365 0.7573236 0.671308 -0.005121419 0.7411608 0.554104 0.01283496 0.8323485 0.5498049 0.008241724 0.8352524 0.7117822 -0.00202067 0.7023973 0.5904995 0.009567343 0.8069813 0.7155147 0.003075329 0.698591 0.7116253 0.0001939488 0.7025592 0.6257031 0.01134919 0.7799788 0.6070237 -0.00192818 0.7946814 0.590342 0.01150462 0.8070712 0.4791105 0.0064793 0.8777307 0.415078 -0.01757497 0.9096161 0.3841513 0.009136319 0.9232249 0.3710626 0.007776878 0.9285752 0.372129 -0.007475279 0.928151 0.4752645 0.009614491 0.8797904 0.4761888 -0.002641497 0.8793391 0.6473578 -0.006217653 0.7621608 0.6543961 0.0029627 0.7561461 0.700682 0.01084907 0.7133913 0.5699188 0.01048874 0.8216341 0.3342682 -0.01089321 0.942415 0.3313737 -0.005578124 0.9434831 0.4448332 0.01406506 0.895503 0.6185939 0.008054558 0.7856696 0.7194405 0.008032375 0.6945076 0.5039765 -0.001345345 0.8637164 0.5215932 0.01103924 0.8531229 0.4253981 0.008106383 0.90497 0.537783 -0.001578124 0.8430818 0.4252714 0.009730793 0.9050136 0.5376366 0.0003316686 0.8431765 0.586877 0.01245467 0.8095804 0.7093247 0.002705281 0.7048767 0.6932836 0.001497526 0.7206634 0.5878934 -5.413669e-05 0.8089384 0.6944157 0.000594403 0.7195739 0.7078248 0.02086196 0.7060799 0.8115608 0.006619102 0.5842304 0.7138832 0.01473936 0.7001097 0.6972007 0.02204263 0.716537 0.7783229 0.02278258 0.6274507 0.6923509 -0.004353029 0.7215478 0.6861608 0.004658154 0.7274351 0.7898871 0.004750541 0.6132339 0.7196881 0.01005384 0.6942246 0.7243109 0.01642316 0.6892778 0.7993672 0.01898031 0.600543 0.4912758 0.008342826 0.8709641 0.5823264 0.004242858 0.8129441 0.6187495 0.01749334 0.7853935 0.6149031 -0.002646484 0.7885982 0.5720415 0.01576732 0.8200732 0.4879736 -0.008659106 0.8728154 0.4835668 -0.002283582 0.8753045 0.4343311 0.01151826 0.9006796 0.4350612 0.01335846 0.9003018 0.5344133 0.01397707 0.8451077 0.4191197 -0.002114086 0.9079285 0.4160857 0.0009680858 0.9093248 0.5143951 0.0001307464 0.8575533 0.5006619 0.01339211 0.8655393 0.7276241 0.02854513 0.6853819 0.6416419 0.009527287 0.7669452 0.7229064 0.008437134 0.6908944 0.6433936 0.01647981 0.7653582 0.4640359 0.009439731 0.885766 0.4996306 0.001632016 0.866237 0.469426 0.00144407 0.8829706 0.5676545 -0.009355761 0.8232138 0.5924523 0.02110167 0.8053291 0.4845452 0.01215809 0.8746818 0.558049 0.004702156 0.8297947 0.5807701 0.0154212 0.8139216 0.5812388 0.01500402 0.8135947 0.4963128 0.01553428 0.8680048 0.4172896 0.002143767 0.908771 0.5436519 0.02351134 0.8389815 0.5154923 -0.001681731 0.8568925 0.4272599 -0.007292923 0.9040994 0.704477 0.02080752 0.7094217 0.7830904 0.01566803 0.6217105 0.7075905 0.01423897 0.7064793 0.8055222 0.03018927 0.5917961 0.7054907 0.01309508 0.7085981 0.7844144 0.0173028 0.6199958 0.7057843 0.02230083 0.7080756 0.5111759 -0.007463037 0.8594437 0.508395 0.00485708 0.8611103 0.6050949 0.01626081 0.7959874 0.6166828 0.01850476 0.7869942 0.6070324 0.008053337 0.7946363 0.5274172 0.01318473 0.8495041 0.624615 0.008069623 0.7808912 0.5280336 0.006633238 0.8491976 0.5283414 0.01418471 0.8489135 0.6821717 0.02457784 0.7307788 0.6833963 0.0258032 0.7295914 0.6246307 0.008456051 0.7808744 0.5663698 0.01142361 0.824072 0.5720029 0.01680348 0.8200794 0.6910099 0.01745505 0.7226346 0.408488 -0.000862435 0.9127633 0.5201617 0.01489888 0.8539378 0.5060882 0.003816882 0.8624733 0.4836148 0.01423465 0.8751652 0.408162 0.0008208228 0.9129091 0.5197729 0.01673273 0.8541406 0.5998181 0.01270976 0.8000355 0.7045604 0.02063369 0.709344 -0.1065811 -0.002160675 0.9943016 -0.1533186 -0.002700901 0.9881731 -0.1583645 -0.01099584 0.9873195 -0.1062691 -0.002671743 0.9943339 -0.1488976 -0.01107855 0.9887906 0.6045157 0.01067713 0.7965215 0.5039622 0.0170371 0.8635577 0.6849217 0.01680281 0.7284229 0.6318487 0.01981955 0.7748382 0.6215832 0.02710124 0.7828792 0.5455053 0.007269016 0.8380758 0.6954196 0.02437981 0.7181903 0.6030438 0.01049605 0.797639 0.578497 0.0205199 0.8154263 0.2955403 0.007162497 0.9553034 0.2969667 0.01102176 0.9548242 0.7169275 0.02165201 0.6968114 0.6513379 0.02476438 0.7583836 0.6956918 0.002291343 0.7183366 0.5635222 0.009501458 0.8260463 0.6901816 0.0265242 0.7231499 0.5639303 0.007718281 0.8257863 0.6482245 0.02197248 0.7611323 0.7838578 0.02215035 0.6205451 0.7039136 0.02611195 0.7098054 0.7847549 0.03538584 0.6187953 0.703419 0.02007453 0.7104919 0.4420151 0.004428744 0.8969966 0.4036858 0.01066594 0.9148355 0.3352297 -0.002439736 0.9421332 0.3346101 0.0006681746 0.9423564 0.4402239 0.01258915 0.8977997 0.5243315 0.004235984 0.8515037 0.5178491 0.008085396 0.8554338 0.5377425 0.01657585 0.8429462 0.5380673 0.02010752 0.842662 0.5278186 0.01596374 0.8492071 0.6212599 0.03276688 0.7829192 0.652782 0.01684317 0.7573586 0.7142956 0.02609641 0.6993574 0.647662 0.01438115 0.761792 0.6955627 0.04256805 0.7172032 0.5589812 0.01917833 0.8289585 0.6443834 0.01726661 0.7645076 0.6859273 0.01803423 0.7274466 0.559596 0.02065302 0.8285083 0.6912042 0.02061317 0.7223654 0.5959641 0.0222922 0.8027017 0.5711602 0.01066222 0.8207694 0.4359234 0.01169655 0.8999078 0.3284276 0.008134766 0.9444941 0.4003254 0.002649374 0.9163692 0.3275601 0.005861588 0.9448122 0.4328101 0.004109154 0.9014757 0.6113879 0.009148486 0.7912781 0.5339467 0.01859966 0.8453135 0.6228093 0.01703594 0.7821882 0.6745563 0.02598214 0.7377661 0.2815386 -0.008743227 0.9595101 0.280504 -0.004092203 0.9598442 0.4841561 0.005025029 0.8749672 0.5886106 0.02215854 0.8081129 0.6936136 0.02506596 0.719911 0.5811471 0.01874579 0.8135825 0.4468117 0.005705764 0.8946099 0.4694901 0.01567819 0.8827986 0.6068146 0.02030329 0.794584 0.6298315 0.01760837 0.7765321 0.7023121 0.02777604 0.7113271 0.4805848 0.00706976 0.8769197 0.4812313 0.008438727 0.8765531 0.3654954 0.009047895 0.9307691 0.3659494 0.01007729 0.9305802 0.6503294 0.0171872 0.7594579 0.5255578 0.01500782 0.8506255 0.7846002 0.03016211 0.619268 0.6780863 0.02921006 0.7344016 0.5826865 0.02454546 0.8123263 0.5380911 0.005795669 0.8428668 0.7702432 0.0347796 0.6368013 0.6813346 0.02317343 0.7316052 0.7739878 0.04384578 0.6316807 0.4271348 0.01254245 0.904101 0.516323 0.01271601 0.8562995 0.5647725 0.02980416 0.8247082 0.4278612 0.006770221 0.9038191 0.5674232 0.01081519 0.8233553 0.5123609 0.01642705 0.8586131 0.3876611 -0.00147317 0.9218008 0.3722654 0.004847715 0.9281136 0.3933968 0.01131116 0.9192992 0.2582611 0.0012518 0.9660743 0.263619 0.01477078 0.9645138 0.5925899 0.01866322 0.8052881 0.5935634 0.02067596 0.8045216 0.505735 0.0141402 0.8625729 0.507619 0.01804354 0.8613927 0.6163931 0.02251763 0.7871166 0.6953434 0.03106014 0.7180061 0.6196295 0.01533053 0.7847447 0.6961755 0.02920705 0.7172773 0.6915254 0.0292835 0.7217584 0.4249127 0.002961442 0.9052295 0.550546 0.01981064 0.8345698 0.670018 0.02750031 0.7418354 0.6881078 0.03649465 0.7246901 0.6112817 0.0206469 0.7911437 0.4111036 0.01460712 0.9114717 0.5308106 0.01056491 0.8474246 0.5250893 0.0226998 0.8507444 0.5103398 0.01563576 0.8598307 0.5986893 0.01695988 0.8008017 0.6807603 0.02823116 0.7319619 0.679777 0.03010411 0.7328009 0.5770033 0.02092456 0.8164737 0.6554494 0.03172656 0.7545724 0.7651532 0.0314997 0.6430773 0.6574157 0.03070449 0.7529023 0.7195511 0.03409708 0.6936019 0.7495502 0.03500013 0.6610216 0.649148 0.02809545 0.760143 0.7079123 0.03340355 0.70551 0.7509441 0.03936908 0.6591912 0.6482219 0.02548461 0.761025 0.5951578 0.005265053 0.8035916 0.5935364 0.02672736 0.8043633 0.4816238 0.01037666 0.8763167 0.5987931 0.02851777 0.8003958 0.5626985 0.02264227 0.8263521 0.4559566 0.01412375 0.88989 0.5538451 0.01771783 0.8324313 0.4778246 0.01249126 0.8783665 0.6112685 0.02487396 0.7910323 0.648721 0.02495944 0.760617 0.6498011 0.0279626 0.7595897 0.5466902 0.01952166 0.8371074 0.5464994 0.01944231 0.8372338 0.6353177 0.02540872 0.7718328 0.4486958 0.01191198 0.8936052 0.4478571 0.009575695 0.8940538 0.5469577 0.02131485 0.8368888 0.5462518 0.01937748 0.8373969 0.5464594 0.01933402 0.8372623 0.7010177 0.03413465 0.7123265 0.6477485 0.02612151 0.7614062 0.4073942 0.009303726 0.913205 0.4684622 0.01413795 0.8833703 0.407395 0.009074881 0.9132069 0.4585766 0.01300312 0.8885597 0.5000263 0.01546626 0.8658721 0.4999974 0.01883739 0.865822 0.4585363 0.01304776 0.8885799 0.7030585 0.02850152 0.7105606 0.689665 0.03036837 0.7234916 0.6757894 0.03113034 0.7364371 0.6619186 0.03074551 0.7489449 0.6481615 0.02924899 0.760941 0.6342921 0.02663605 0.7726346 0.6203726 0.02292448 0.7839721 0.623407 0.02397569 0.7815298 0.696947 0.03420474 0.7163064 0.6178815 0.02607477 0.7858387 0.7303103 0.02114239 0.6827883 0.7168861 0.02537585 0.6967283 0.3879049 0.008445191 0.9216607 0.3812615 0.0069847 0.9244409 0.3872243 0.00882845 0.9219433 0.4861515 0.01534317 0.8737399 0.4833012 0.01502123 0.8753253 0.4853097 0.01577574 0.8742 0.4352911 0.01159288 0.9002151 0.4319612 0.01129521 0.9018214 0.2036055 -0.00263086 0.9790494 0.3020114 0.003264511 0.9532987 0.2059594 0.001824449 0.9785589 0.2957604 -0.0330831 0.9546891 0.204474 0.003112923 0.9788671 0.1013215 -0.009240271 0.9948108 0.005085079 -0.009964876 0.9999374 0.09502184 -0.006126083 0.9954563 0.007613523 0.007088433 0.9999459 0.1022923 -0.003710391 0.9947475 0.0605072 0.002003452 0.9981658 0.02289113 -0.001128399 0.9997373 0.09817057 -0.00863756 0.9951321 0.5448246 0.01227864 0.8384601 0.5331029 -0.002695546 0.8460461 0.5781568 -0.01255073 0.8158291 0.4489323 0.001938736 0.8935636 0.4554967 0.01054619 0.890175 0.6495141 0.00737058 0.7603138 0.7241763 0.01800039 0.6893799 0.6540771 -0.0009615192 0.7564273 0.7365392 -0.005564908 0.6763721 0.4326091 0.005422101 0.9015652 0.5090775 -0.004897572 0.8607068 0.5303236 0.01428798 0.8476749 0.5532911 -0.01092387 0.8329164 0.4437569 0.01585 0.8960071 0.7299015 0.01593374 0.6833667 0.7314827 -0.005141376 0.6818406 0.6500247 0.00952537 0.7598534 0.6506044 0.002139539 0.7594138 0.5905681 0.0003097995 0.8069878 0.589695 -0.0004678101 0.8076259 0.5992291 -0.005551062 0.8005584 0.5685808 0.009911674 0.8225678 0.4813418 0.00875175 0.8764893 0.4853095 0.01399463 0.8742305 0.4949182 -0.002210621 0.8689368 0.5801519 0.02512665 0.8141206 0.313335 0.007171019 0.9496155 0.4114466 -0.002011468 0.9114316 0.4107829 0.006907556 0.911707 0.380731 -0.002374784 0.9246827 0.3135423 0.004221456 0.9495649 0.5827014 0.0008854255 0.8126858 0.5433908 0.003274682 0.8394734 0.6157811 0.02487956 0.7875245 0.5331417 0.01223438 0.8459375 0.6281545 0.01424698 0.7779582 0.3795363 -0.004209675 0.9251673 0.4818609 0.003955705 0.8762388 0.3732908 0.0007996774 0.927714 0.4879798 0.009022063 0.8728083 0.4105138 0.02259822 0.9115742 0.3921486 0.001169971 0.9199011 0.2944302 -0.004339607 0.9556631 0.3905184 0.009543834 0.9205457 0.3573917 0.008076166 0.9339197 0.2938838 -0.001243702 0.9558403 0.7174499 0.01492361 0.6964502 0.6300681 0.02030426 0.7762744 0.713418 0.03296724 0.6999629 0.6314718 0.01408468 0.775271 0.5099615 -0.01088639 0.8601283 0.5652457 0.01778349 0.8247309 0.5647349 0.01805223 0.8250749 0.4152158 -0.004997737 0.9097092 0.4756123 0.01663516 0.8794976 0.5215069 0.02456268 0.8528934 0.5039594 0.001523929 0.8637261 0.4005427 0.003397382 0.9162719 0.6771129 0.01840212 0.735649 0.6752061 0.01517514 0.737473 0.6011621 0.01896894 0.7989019 0.6202686 0.021109 0.7841054 0.597858 0.0135239 0.8014879 0.5076491 0.0005810584 0.8615637 0.3879602 0.008731051 0.9216347 0.4943737 0.02003089 0.8690187 0.4647128 0.003613017 0.8854542 0.4032248 0.01752461 0.9149331 0.7012208 0.01490551 0.7127884 0.618083 0.02209528 0.7858022 0.7083458 0.03220061 0.7051307 0.6154249 0.01596664 0.7880338 0.5508104 0.0116116 0.8345496 0.5488403 0.01055746 0.8358606 0.4957587 0.03192569 0.8678733 0.6238657 0.02196844 0.7812228 0.7017475 0.02819502 0.7118676 0.697987 0.02572867 0.7156482 0.6224787 0.02218454 0.7823222 0.6335618 0.02919427 0.773141 0.3193843 -0.0001517815 0.9476253 0.2518772 0.002270107 0.9677566 0.34826 0.001168421 0.9373972 0.2525692 0.004021524 0.9675705 0.3511188 0.007738095 0.9362989 0.6843165 0.0273513 0.7286721 0.5945981 0.0201905 0.8037695 0.6833338 0.02747727 0.7295889 0.5946746 0.02035031 0.8037089 0.68425 0.02720626 0.7287399 0.6028057 0.02176283 0.7975911 0.5058267 0.01663482 0.8624747 0.6111211 0.02098584 0.7912588 0.5090637 0.01939264 0.8605103 0.5804655 0.00301157 0.8142793 0.2965536 -0.002886642 0.9550119 0.245466 0.004831779 0.9693931 0.3804475 0.01406173 0.9246956 0.2428351 -0.001435107 0.9700665 0.2476999 -0.005420425 0.9688216 0.3744365 0.00582393 0.9272343 0.3771944 0.007210459 0.926106 0.3836144 -0.0005109193 0.9234933 0.3855362 0.002091279 0.9226904 0.2836133 0.007298741 0.9589109 0.2822443 0.005251395 0.9593282 0.5788048 0.02306887 0.8151398 0.5688019 0.02200502 0.8221801 0.5741821 0.02255691 0.8184168 0.564018 0.02155323 0.8254812 0.6104526 0.0270497 0.7915908 0.5842048 0.02371125 0.8112599 0.5586929 0.02109347 0.8291063 0.552913 0.02064117 0.8329833 0.510662 0.01780434 0.8595971 0.5531245 0.02069395 0.8328416 0.6105066 0.02355715 0.7916607 0.5670159 0.02188677 0.823416 0.5600961 0.02136225 0.8281522 0.510679 0.01582339 0.8596258 0.5735441 0.02225008 0.8188725 0.3864214 0.004369268 0.922312 0.3943094 0.01072178 0.9189152 0.4943854 0.00644939 0.8692189 0.4213028 -0.01720909 0.9067568 0.4992418 0.001672036 0.8664611 0.423098 0.01432034 0.9059708 0.3653924 -0.002740956 0.9308496 0.3572401 0.001482532 0.9340115 0.4670749 0.006024862 0.8841972 0.4711653 0.01077574 0.881979 0.3686261 0.001178044 0.9295769 0.4531605 0.008414945 0.8913892 0.3527241 0.005815087 0.9357094 0.3512332 0.007749585 0.936256 0.4503609 0.01177792 0.8927689 0.4075969 0.0003929558 0.9131618 -1 -0.0001517904 0 -0.9999955 -0.0001223112 -0.003016454 -0.9999945 0.001514953 0.00296811 -0.9999806 0.004655725 -0.004145453 -0.9999824 0.005937033 0 -0.999971 0.006015596 0.004677579 -0.9999595 0.004763969 0.007645683 -0.9999806 0.00154025 -0.00602342 -0.9991218 0.002721135 -0.04181165 -0.9999638 0.003319298 -0.0078452 -0.9969292 0.004207794 0.0781957 -0.9999955 0.002580973 0.001489155 -0.9999943 0.003373309 0 -0.9999966 0.002605193 0 0 -1 0 0 -1 0 0 -1 0 -0 -1 0 0 -1 -0 0 -1 0 0 -1 0 0 -1 -0 0 -1 0 0 -1 -0 0 -1 0 0 -1 -0 -0 -1 -0 0 -1 -0 -0 -1 0 -0 -1 -0 0 -1 -0 -0 -1 0 -0 -1 -0 -0 -1 -0 -0 -1 0 -0 -1 0 0 -1 -0 -0 -1 0 -0 -1 -0 -0 -1 -0 -0 -1 -0 -0 -1 0 -0 -1 0 -0 -1 0 -0 -1 0 -0 -1 0 -0 -1 0 -0 -1 0 -0 -1 0 -0 -1 0 -0 -1 0 0 -1 -0 0 -1 0 -0 -1 -0 0 -1 0 -0 -1 -0 0.9999798 0.006355143 0 0.999979 0.006329607 0.001435173 0.9999833 -0.005604107 -0.001433561 0.9999799 -0.005661346 0.002888081 0.9998285 -0.01824489 -0.003197606 0.9998195 -0.0182998 0.005108949 0.9989647 -0.04489959 -0.007307205 0.998946 -0.04481371 0.009939047 0.998252 -0.05825134 -0.009980006 0.9982272 -0.05798861 0.01340297 0.9975529 -0.06933431 -0.008994331 0.9975922 -0.06917612 0.004953169 0.9969304 -0.07813053 -0.005045876 0.9969497 -0.07804705 0 0.9559498 -0.03376595 -0.2915815 0.9995401 -0.03006388 -0.003962973 0.9679902 -0.02771305 0.2494534 0.9993259 -0.0366716 0.001706581 0.999548 -0.03006411 0 0.9993288 -0.03663201 0 -1 0.0001517904 3.370423e-20 -0.9999955 0.0001223112 -0.003016454 -0.9999945 -0.001514953 0.002968121 -0.9999806 -0.004655726 -0.004145457 -0.9999824 -0.005937033 -0 -0.999971 -0.006015595 0.004677582 -0.9999595 -0.004763969 0.0076457 -0.9999806 -0.00154025 -0.006023405 -0.9991218 -0.002721135 -0.04181164 -0.9999637 -0.003319298 -0.007845202 -0.9969292 -0.004207794 0.0781957 -0.9999955 -0.002580973 0.001489156 -0.9999943 -0.003373309 0 -0.9999966 -0.002605193 -0 -0 1 0 0 1 0 0 1 0 0 1 0 0 1 0 -0 1 0 0 1 -0 -0 1 0 0 1 -0 -0 1 0 0 1 -0 -0 1 0 0 1 0 0 1 0 0 1 0 0 1 0 0 1 0 0 1 0 0 1 0 0 1 0 0 1 0 0 1 0 0 1 0 0 1 0 0 1 0 0 1 0 0 1 0 0 1 0 0 1 0 0 1 0 0 1 0 0 1 0 0 1 0 0 1 0 0 1 0 0 1 0 0 1 0 0 1 0 0 1 -0 0 1 0 0 1 0 0 1 0 0.9999798 -0.006355144 -1.411125e-18 0.999979 -0.006329608 0.001435173 0.9999833 0.005604106 -0.00143357 0.9999799 0.005661346 0.002888081 0.9998285 0.01824489 -0.00319761 0.9998195 0.0182998 0.005108949 0.9989647 0.04489959 -0.007307078 0.998946 0.04481371 0.009939055 0.998252 0.05825135 -0.009980166 0.9982273 0.05798861 0.01340297 0.9975529 0.06933431 -0.008994331 0.9975922 0.06917612 0.004953169 0.9969304 0.07813054 -0.005045791 0.9969497 0.07804705 -0 0.9559499 0.03376595 -0.2915815 0.9995401 0.03006388 -0.003962985 0.9679902 0.02771305 0.2494534 0.9993288 0.03663201 0 0.9993259 0.03667159 0.001706544 0.999548 0.03006411 -0 -0.003951984 0.002003283 -0.9999902 -0.005471686 0.004711831 -0.999974 -0.01007455 0.002661884 -0.9999457 0.03749155 0.006072266 -0.9992785 0.002544962 0.00168826 -0.9999954 0.05136451 -0.0004696969 -0.9986799 0.1101684 0.005556183 -0.9938974 0.5665156 0.005672861 -0.8240315 0.1101074 -0.01399415 -0.9938212 0.1064776 -0.01523328 -0.9941984 0.09632257 -0.01045572 -0.9952952 0.07997087 -0.03793918 -0.996075 0.05533417 -0.02972623 -0.9980253 0.3057366 -0.05333745 -0.9506209 0.1143439 -0.04145331 -0.9925759 0.1143532 -0.03945358 -0.9926564 0.1381166 -0.03910804 -0.9896436 0.1249136 -0.04147638 -0.9913003 0.1678637 -0.04513059 -0.9847766 0.1676574 -0.04513 -0.9848118 0.1931265 -0.04540733 -0.9801226 0.2281993 -0.05171254 -0.9722401 0.2510828 -0.0586366 -0.966188 0.1676586 -0.04496968 -0.9848189 0.2120544 -0.04922844 -0.9760172 0.2576192 -0.04855144 -0.9650259 0.2919906 -0.04428787 -0.9553952 0.3176351 -0.03890042 -0.9474147 0.1269836 0.03033425 -0.9914409 0.07954577 -0.007582894 -0.9968024 0.0352258 0.00178533 -0.9993778 0.06960574 0.00499745 -0.997562 0.0646285 -0.008983002 -0.997869 0.1168287 -1.614062e-05 -0.9931521 0.08047982 0.003459672 -0.9967502 0.07586532 0.004677481 -0.9971071 0.03318942 0.007144869 -0.9994236 0.06463104 0.001590398 -0.997908 0.1245729 0.0006766464 -0.9922103 0.1143366 -0.001635224 -0.9934407 -0.005167945 0.01985074 -0.9997897 -0.01007457 0.001959975 -0.9999473 -0.005168958 0.001435058 -0.9999856 0.1869417 -0.005212924 -0.9823571 0.1392308 0.03372199 -0.9896857 0.1679935 -0.01539891 -0.9856678 0.2515938 0.004960075 -0.9678202 0.2071779 0.01146462 -0.9782361 0.2851226 0.004450935 -0.9584807 0.3216848 0.005941641 -0.9468282 0.3526468 0.009786446 -0.9357053 0.3845122 0.01619514 -0.9229778 0.4127635 0.02369427 -0.91053 0.2898673 0.004247862 -0.9570574 0.3534943 0.005098602 -0.9354228 0.2449297 0.007532989 -0.9695116 0.2850604 0.02134752 -0.9582717 0.1153741 0.002822724 -0.9933181 0.07232337 -0.006612186 -0.9973594 0.05136421 -0.003491171 -0.9986739 0.07519113 -0.0085376 -0.9971326 0.004611628 0.008999486 -0.9999489 -0.007121298 0.001670445 -0.9999733 0.003078199 -0.004770697 -0.9999839 0.5147191 0.004021636 -0.8573495 0.03326404 0.008865715 -0.9994072 0.0756157 -0.004103544 -0.9971285 0.04257288 0.01348825 -0.9990023 0.003582293 0.002013889 -0.9999916 -0.005352365 -0.0002590837 -0.9999856 0.04667006 -0.00727291 -0.9988839 0.03666354 -0.01817381 -0.9991624 0.08388756 -0.002099648 -0.9964731 0.0441011 0.001748191 -0.9990255 0.117986 -0.00754572 -0.9929866 0.1227113 -0.00666728 -0.9924201 0.1161351 -0.005268564 -0.9932194 0.002277911 -0.01077238 -0.9999394 0.05212221 -0.003149359 -0.9986358 0.1075617 0.0009781684 -0.994198 0.08333484 -0.01044119 -0.996467 0.04284649 -0.002339064 -0.9990789 0.002145199 -0.005096404 -0.9999847 0.1100094 -0.009747785 -0.9938827 0.1100414 -0.009113614 -0.9938852 0.06175882 -0.00954641 -0.9980454 0.04949582 -0.0265917 -0.9984203 0.0617923 -0.008925413 -0.9980491 0.001510003 -0.01144968 -0.9999333 0.02844138 -0.01039836 -0.9995414 -0.001833512 -0.01004742 -0.9999479 0.001848661 -0.01539398 -0.9998798 0.0011933 -0.01050058 -0.9999442 0.001494805 -0.006030581 -0.9999807 0.005718883 -0.01140552 -0.9999186 0.04187589 0.006763424 -0.9990999 0.002161444 -0.01080724 -0.9999393 0.02839895 -0.01113234 -0.9995347 0.04567216 -0.03572339 -0.9983175 0.03093062 -0.01239237 -0.9994447 0.04702705 -0.01185891 -0.9988232 0.08137118 -0.008789252 -0.9966451 0.07391254 -0.01306878 -0.9971791 4.099141e-05 -0.01125552 -0.9999366 0.1884564 -0.01919377 -0.981894 0.06132956 -0.01338299 -0.9980279 0.03489527 -0.007190901 -0.9993651 0.07809328 -0.008178345 -0.9969125 -0.0002904698 -0.01196298 -0.9999284 2.652291e-05 -0.01148067 -0.9999341 0.0748043 -0.01739271 -0.9970465 0.07699972 -0.006137606 -0.9970122 0.000909424 -0.01421984 -0.9998985 0.03593592 -0.01825526 -0.9991874 0.03864136 -0.01354783 -0.9991612 0.001451104 -0.01299562 -0.9999145 0.03439033 -0.01431597 -0.9993059 0.04871658 -0.00288021 -0.9988085 0.03417006 -0.01486561 -0.9993055 0.05369904 -0.0160263 -0.9984285 0.004085148 -0.01437267 -0.9998883 0.08201996 -0.02310806 -0.9963628 0.1020461 -0.01388734 -0.9946827 0.05463946 -0.01359978 -0.9984136 0.1027625 -0.01460147 -0.9945987 0.01010652 -0.01623229 -0.9998172 0.006669589 -0.01659685 -0.99984 0.05956594 -0.02374229 -0.997942 0.07617879 -0.01518678 -0.9969785 0.1032728 -0.01536394 -0.9945344 0.06120468 -0.005328199 -0.9981111 0.1031959 -0.01640954 -0.9945257 0.05930841 -0.02773282 -0.9978544 0.07919373 -0.01624246 -0.9967269 0.04304109 -0.007505251 -0.9990451 0.01070467 -0.01982822 -0.9997461 0.05843738 -0.0311961 -0.9978034 0.08731192 -0.01999183 -0.9959804 0.09513607 -0.02005862 -0.9952621 0.07617889 -0.02273706 -0.9968349 0.08254726 -0.01610039 -0.996457 0.09522749 -0.02104656 -0.9952331 0.02833881 -0.02319234 -0.9993293 0.0292067 -0.02758503 -0.9991927 0.02843199 -0.02281303 -0.9993353 0.02650488 -0.02970015 -0.9992074 0.02422248 -0.02547429 -0.9993819 0.07842445 -0.03686745 -0.9962382 0.07710272 -0.04054834 -0.9961982 0.3013802 -0.04697482 -0.9523463 0.0856626 -0.04769303 -0.995182 0.09579102 -0.01990601 -0.9952024 0.09359459 -0.01818413 -0.9954443 0.09023313 -0.02706134 -0.9955529 0.1932384 -0.03009108 -0.9806904 0.1381052 -0.04116992 -0.9895616 0.05532865 -0.03291311 -0.9979256 0.2883812 -0.04923365 -0.9562491 0.2282395 -0.04819096 -0.9724116 0.1619295 -0.04148332 -0.9859301 0.1635144 -0.04313023 -0.9855977 0.03886694 -0.01156632 -0.9991775 0.002813064 -0.001323311 -0.9999952 0.004943151 0.00803827 -0.9999555 0.01909112 -0.001284382 -0.9998169 0.07331371 0.01363428 -0.9972157 0.0403012 -0.004774168 -0.9991762 0.07323224 0.005264871 -0.997301 0.02472696 0.008661331 -0.9996567 0.07050045 0.008274816 -0.9974775 0.1073114 0.005936443 -0.9942077 0.1491125 0.006898367 -0.9887962 0.1877756 0.006431007 -0.9821909 0.1468844 0.006423827 -0.9891328 0.1468314 -0.02763021 -0.9887756 0.3597017 0.006155706 -0.933047 0.4000727 0.009376497 -0.9164354 0.4418494 0.009228799 -0.8970417 0.4772089 0.006364712 -0.8787668 0.506437 0.002489974 -0.8622733 0.4781702 0.007611385 -0.8782341 0.376673 0.006494309 -0.9263235 0.2963796 -0.0317704 -0.9545416 0.3091191 -0.03850059 -0.9502437 0.1680121 0.003846647 -0.9857774 0.2209321 0.01239842 -0.9752104 0.3194264 -0.04424482 -0.9465776 0.1101668 0.007668726 -0.9938835 0.2059075 0.01156659 -0.9785031 0.1393092 -0.003519447 -0.9902427 0.156402 0.006875232 -0.9876695 0.2071893 0.00457054 -0.9782902 0.08629958 -0.00255259 -0.9962659 0.002544951 -0.003511603 -0.9999906 0.00119617 -0.004263336 -0.9999902 0.004194297 0.02144473 -0.9997612 0.07226944 0.01057399 -0.9973291 0.1727884 0.005590321 -0.9849431 0.1899434 -0.006351092 -0.9817745 0.223085 0.0003611032 -0.9747989 0.02250728 0.001547447 -0.9997455 0.08693732 0.0006702153 -0.9962136 0.02081733 -0.000993479 -0.9997828 -0.002928559 -0.001015036 -0.9999952 -0.004303884 -0.005387924 -0.9999762 0.03491425 0.003445091 -0.9993843 0.03306409 0.006899235 -0.9994293 0.001200711 -0.008022374 -0.9999672 0.09120309 0.001677792 -0.9958309 0.08033384 -0.01776001 -0.9966097 0.1376014 -0.01315126 -0.9904004 0.08183365 0.02054324 -0.9964343 0.08120482 0.004769122 -0.996686 0.1934289 -0.002914227 -0.98111 0.1899456 -0.00422922 -0.9817855 0.2817504 0.002999813 -0.9594831 0.03855506 -0.01606871 -0.9991273 0.08001186 0.003213105 -0.9967887 0.3238951 0.0005509523 -0.9460928 0.3371851 0.001517486 -0.9414371 0.3691452 0.002098608 -0.9293694 0.01225096 0.01463576 -0.9998178 0.04373583 0.01915708 -0.9988595 0.01915872 -0.01321129 -0.9997292 0.4728349 0.001491404 -0.8811498 0.4148006 0.002103972 -0.9099099 0.38947 0.001648613 -0.9210377 0.3947272 0.001867009 -0.9187965 0.08560111 0.01011153 -0.9962782 0.09295001 -0.00278002 -0.9956669 0.132688 -0.00280686 -0.9911539 0.09035797 -0.006651818 -0.9958872 0.07446987 -0.02395454 -0.9969354 0.1366855 0.001741708 -0.990613 0.1063419 -0.00527428 -0.9943156 0.07132453 -0.01098961 -0.9973926 0.1150224 0.004198059 -0.993354 0.06641161 0.007002458 -0.9977677 0.1840716 -0.007068825 -0.9828874 0.02714225 -0.003118996 -0.9996267 -0.007103644 -0.001949739 -0.9999729 0.03287644 -0.03538509 -0.9988328 0.03910987 -0.002054117 -0.9992328 0.151461 -0.007665932 -0.9884335 0.181324 0.001213973 -0.9834226 0.2669181 -0.006386003 -0.9636981 0.2657459 -0.00316373 -0.9640379 0.04349794 0.005010081 -0.999041 0.02681854 -0.007686786 -0.9996108 0.1222112 0.001697951 -0.9925027 0.1539175 -0.0154588 -0.9879628 0.01132934 0.006039938 -0.9999176 0.1011592 -0.01168129 -0.9948017 0.01239386 0.001505277 -0.999922 0.001344247 -0.00798398 -0.9999672 -1.065169e-05 -6.869248e-05 -1 0.03902008 -0.009817952 -0.9991902 0.04550036 0.02489877 -0.998654 -0.005869223 -0.004113212 -0.9999743 0.03667774 -0.00554101 -0.9993117 -0.004823865 -0.003308896 -0.9999829 0.02793497 -0.004274724 -0.9996006 -0.006160844 -0.005279153 -0.9999671 -0.004014735 -0.005489031 -0.9999769 0.07138258 -0.01270608 -0.9973681 0.07284296 -0.01805113 -0.99718 0.1805314 0.0001155214 -0.9835693 0.06014439 -0.01506007 -0.998076 0.08013508 0.006344167 -0.9967639 0.05589648 0.005580395 -0.9984209 0.008903841 -0.006943949 -0.9999363 0.0507849 -0.0001956499 -0.9987096 0.1705461 -0.01776028 -0.9851896 -0.004978156 -0.006955189 -0.9999634 -0.002473997 -0.007222867 -0.9999709 0.1547706 -0.003670514 -0.9879436 0.01133727 -0.009941446 -0.9998863 0.01027047 -0.01126042 -0.9998838 0.01507696 0.01611877 -0.9997564 0.1081383 -0.0003342147 -0.9941358 0.01220137 -0.01366993 -0.9998321 0.04215027 -0.01419239 -0.9990104 0.1131935 -0.00513313 -0.9935598 -0.001611638 -0.006394067 -0.9999782 -0.002114446 -0.01121807 -0.9999348 0.002912861 -0.005245226 -0.999982 0.04442313 0.001920615 -0.999011 0.00548166 -0.01375881 -0.9998903 0.08083799 -9.954763e-05 -0.9967273 0.02349534 -0.01577034 -0.9995995 0.1092992 -0.01629411 -0.9938754 0.1908473 -0.007446074 -0.9815915 0.1985404 -0.0007979629 -0.9800924 0.1089609 -0.004992958 -0.9940335 0.02334758 -0.009924723 -0.9996781 0.08365633 -0.01124884 -0.9964312 0.01310241 -0.01946375 -0.9997247 0.01589058 0.003065198 -0.999869 0.08786917 -0.02919543 -0.9957041 0.08100497 -0.01283566 -0.996631 0.08048697 -0.01234044 -0.9966793 0.08049078 -0.01229825 -0.9966795 0.2206053 -0.0157837 -0.9752354 0.312547 -0.01873797 -0.9497174 0.5165526 -0.02695506 -0.8558311 0.4009854 -0.02630374 -0.9157067 0.4163885 -0.01904019 -0.9089874 0.1960217 -0.02352756 -0.9803172 0.07170303 -0.009942517 -0.9973765 0.1906984 -0.02189965 -0.9814043 0.2255011 0.0006917879 -0.9742426 0.2432251 -0.01945127 -0.9697748 0.1462601 -0.02340307 -0.9889693 0.1430547 -0.01933707 -0.9895259 0.02727507 -0.001025084 -0.9996275 0.01268912 -0.01764119 -0.9997638 0.00930661 -0.01207298 -0.9998838 0.008280416 -0.01405335 -0.9998669 0.002643886 -0.01392197 -0.9998996 0.00320002 -0.01382376 -0.9998993 0.003758764 -0.01509288 -0.9998789 0.002896319 -0.01449953 -0.9998907 0.009563491 -0.01530796 -0.9998371 0.009599351 -0.01524008 -0.9998378 0.008573959 -0.01463728 -0.9998561 0.4269014 -0.02532857 -0.9039434 0.2949672 -0.02424438 -0.9551997 0.08508524 -0.01832927 -0.996205 0.08593391 -0.01777808 -0.9961422 0.005685386 -0.01520335 -0.9998682 0.004969135 -0.01636528 -0.9998537 0.006250659 -0.01561398 -0.9998586 0.009705048 -0.0169845 -0.9998086 0.007768747 -0.01348806 -0.9998789 0.370082 -0.03641043 -0.9282853 0.2334339 -0.009724687 -0.972324 0.2230528 -0.02331004 -0.9745276 0.0869286 -0.01876388 -0.9960378 0.07967315 -0.01861846 -0.9966471 0.08244176 -0.01145375 -0.9965301 0.1894914 -0.02658811 -0.9815223 0.04823971 -0.01835869 -0.9986671 0.006954403 -0.01635567 -0.9998421 0.4134228 -0.03466557 -0.909879 0.03971134 -0.02333473 -0.9989387 0.05430382 -0.01379824 -0.9984291 0.1181446 -0.03001845 -0.9925426 0.02189129 -0.01199285 -0.9996884 0.02383358 -0.0158782 -0.9995899 0.0643182 -0.02672714 -0.9975715 0.1009475 -0.02049808 -0.9946806 0.09402755 -0.01896319 -0.995389 0.09930909 -0.0211253 -0.9948324 0.01404071 -0.01710724 -0.999755 0.01112392 -0.02098381 -0.999718 0.01165633 -0.02112164 -0.999709 0.0164066 -0.02347388 -0.9995898 0.08606414 -0.008208741 -0.9962558 0.05751535 -0.0145796 -0.9982381 0.07607904 -0.01197765 -0.9970299 0.02449638 -0.03029261 -0.9992408 0.06804859 -0.02778545 -0.9972951 0.04089307 -0.0307343 -0.9986907 0.02616889 -0.01412262 -0.9995578 0.3924119 -0.034777 -0.9191319 0.2539664 -0.0291866 -0.9667726 0.06791687 -0.03326463 -0.9971363 0.08203186 -0.01416102 -0.9965291 0.1912394 -0.01915817 -0.9813564 0.325395 -0.04133286 -0.9446744 0.1900071 -0.01980168 -0.981583 0.09431428 -0.03543726 -0.9949116 0.1934457 -0.02519905 -0.9807873 0.08101944 -0.03269643 -0.9961761 0.07323268 -0.01471822 -0.9972063 0.09731458 -0.01506627 -0.9951397 0.188866 -0.03921914 -0.9812194 0.085241 -0.02223592 -0.9961122 0.01816742 -0.02393723 -0.9995484 0.0205829 -0.01890272 -0.9996094 0.1135983 -0.03981112 -0.9927288 0.02957811 -0.02672583 -0.9992052 0.2818658 -0.04265161 -0.9585054 0.3872055 -0.0436895 -0.9209577 0.1910669 -0.04083459 -0.9807273 0.3270678 -0.03192409 -0.9444615 0.01689997 -0.02345957 -0.9995819 0.01915717 -0.02754801 -0.9994369 0.04551451 -0.01380202 -0.9988683 0.01828624 -0.02376135 -0.9995504 0.0234602 -0.02110023 -0.9995021 0.065007 -0.01826822 -0.9977176 0.02258134 -0.02333165 -0.9994727 0.04359579 -0.02946258 -0.9986147 0.02230069 -0.02144927 -0.9995213 0.08089411 -0.0169331 -0.9965789 0.0665088 -0.03118973 -0.9972982 0.05736145 -0.02422086 -0.9980596 0.08877347 -0.02098886 -0.9958307 0.06244922 -0.01975979 -0.9978525 0.08650024 -0.02577605 -0.9959183 0.09529794 -0.02087892 -0.9952298 0.08346408 -0.02614725 -0.9961677 0.08559552 -0.01630535 -0.9961965 0.04658892 -0.01634 -0.9987805 0.07005139 -0.02954728 -0.9971057 0.05115557 -0.03066496 -0.9982198 0.09341831 -0.03582856 -0.9949821 0.0773876 -0.05157021 -0.9956664 0.07332804 -0.02163188 -0.9970732 0.09256294 -0.01901635 -0.9955252 0.0884684 -0.02757755 -0.9956972 0.3473943 -0.03851195 -0.936928 0.1790886 -0.03637335 -0.9831603 0.2143682 -0.02839067 -0.9763403 0.2088803 -0.03345108 -0.9773689 0.06560989 -0.01872857 -0.9976695 0.06570973 -0.01859991 -0.9976653 0.1592955 -0.03630206 -0.9865633 0.1142177 -0.04366534 -0.9924957 0.1092705 -0.01912837 -0.993828 0.1074137 -0.02425234 -0.9939186 0.3298804 -0.05475797 -0.9424333 0.1864201 -0.03645792 -0.9817934 0.20552 -0.04487858 -0.9776233 0.2035405 -0.05002724 -0.9777876 0.09618397 -0.02343676 -0.9950876 0.09564114 -0.02461947 -0.9951113 0.03257708 -0.029127 -0.9990448 0.03421205 -0.03401578 -0.9988356 0.03463509 -0.02951392 -0.9989642 0.07237684 -0.0282994 -0.9969758 0.09847713 -0.0248435 -0.9948291 0.06910436 -0.02324698 -0.9973385 0.09622433 -0.02342002 -0.9950841 0.09956398 -0.02566558 -0.9947001 0.09932146 -0.02570388 -0.9947234 0.1057893 -0.02942707 -0.9939531 0.0991476 -0.02616809 -0.9947286 0.1004011 -0.02315351 -0.9946775 0.07752671 -0.03273987 -0.9964526 0.07533634 -0.02765044 -0.9967748 0.11248 -0.04426889 -0.9926674 0.03580244 -0.03006354 -0.9989066 0.06479251 -0.0333274 -0.9973421 0.06129425 -0.03666988 -0.9974458 0.1193764 -0.02673284 -0.9924891 0.08040026 -0.03874531 -0.9960093 0.1631824 -0.0444273 -0.9855951 0.2159867 -0.03895295 -0.975619 0.3224502 -0.044368 -0.945546 0.1907006 -0.04396548 -0.9806632 0.2182795 -0.0331268 -0.9753239 0.09330912 -0.05417277 -0.9941623 0.1559133 -0.03587896 -0.9871189 0.06610893 -0.03631897 -0.9971513 0.0916438 -0.0269719 -0.9954265 0.09263618 -0.04843011 -0.9945215 0.1634783 -0.04796887 -0.9853801 0.1045842 -0.02335434 -0.9942418 0.0955519 -0.03150102 -0.9949259 0.01648165 0.01284288 -0.9997817 0.06529454 -0.002214916 -0.9978635 0.06900238 -0.006813239 -0.9975933 0.07716586 0.008739738 -0.99698 0.09395651 0.0007161112 -0.9955761 0.2289405 0.006043313 -0.9734216 0.274914 0.008547569 -0.9614308 0.3188339 0.005085246 -0.9477969 0.3349666 0.002069854 -0.9422277 0.2118541 0.0022739 -0.9772986 0.2965181 0.008639777 -0.9549882 0.3093327 0.01011845 -0.9509001 0.211854 0.002429993 -0.9772983 0.319718 0.01159701 -0.9474418 0.3349337 0.01417373 -0.9421352 0.09858312 0.009149335 -0.9950867 0.03748973 -0.01155962 -0.9992302 0.09391735 0.0165865 -0.9954418 0.2176654 0.02834182 -0.9756118 0.3216872 0.004563142 -0.946835 0.3526635 0.0009657868 -0.9357497 0.3845515 -0.007609445 -0.9230722 0.4128062 -0.01881856 -0.9106244 0.2898678 0.003774773 -0.9570593 0.2515944 -0.004463991 -0.9678225 0.2627731 0.0008974496 -0.9648573 0.3671505 0.00372832 -0.9301541 0.2177438 -0.009181389 -0.9759628 0.2047867 0.03404417 -0.9782144 0.2230207 0.02400774 -0.9745181 0.3673141 0.003708576 -0.9300895 0.2048879 -0.01312014 -0.9786975 0.2651635 0.003457318 -0.9641973 0.4142812 0.05007595 -0.9087703 0.2724076 0.007061407 -0.9621561 0.2676772 0.002206899 -0.9635061 0.3371829 0.003915051 -0.941431 0.2817516 2.625651e-05 -0.9594873 0.3690941 0.01675875 -0.9292409 0.3663237 0.003523182 -0.9304808 0.3945082 0.03335525 -0.9182869 0.3238939 -0.002785737 -0.9460893 0.4498247 -0.001482639 -0.8931157 0.3894698 0.001896445 -0.9210373 0.3251123 -0.002380438 -0.9456724 0.1740789 -0.003523282 -0.9847254 0.176355 0.008480976 -0.9842901 0.1894367 0.005509319 -0.9818774 0.2265385 -0.008088851 -0.9739686 0.3162681 0.004544292 -0.9486589 0.4252816 0.004874207 -0.905048 -0.006190116 -0.003002673 -0.9999763 -0.005534346 -0.00360311 -0.9999782 -0.006740191 -0.003777642 -0.9999701 -0.0003750997 0.0005796964 -0.9999998 0.001436401 -0.007602411 -0.9999701 -0.003720362 -0.003613865 -0.9999866 0.09210927 0.01941322 -0.9955597 0.05446053 -0.007277017 -0.9984894 0.04632547 -0.006838461 -0.998903 0.04940962 -0.01034992 -0.9987249 0.0523307 -0.005541648 -0.9986144 0.1488372 -0.001207727 -0.988861 0.538567 -0.004884165 -0.8425686 0.4933093 -0.003556136 -0.8698466 0.375206 -0.003145906 -0.9269361 0.4770149 -0.007252092 -0.8788652 0.3657317 -0.006444769 -0.930698 0.3144429 0.001528455 -0.9492751 0.4264459 -0.01377676 -0.9044082 0.1955737 0.004253599 -0.9806797 0.3091023 -0.001169182 -0.951028 0.2157518 -0.01468562 -0.9763378 0.2139142 -0.01956452 -0.9766566 0.3040855 -0.01398438 -0.9525421 -0.0008285576 -0.007242292 -0.9999734 -0.0008522348 -0.007274752 -0.9999732 0.03425473 -0.007543222 -0.9993847 -0.003138247 -0.004189907 -0.9999864 0.3118621 -0.01320378 -0.9500357 0.2800033 0.002519996 -0.9599957 0.4303914 -0.00511681 -0.9026278 0.307446 -0.01657626 -0.9514211 0.1532163 -0.005098976 -0.9881795 0.05875711 -0.008727894 -0.9982342 0.06508633 -0.001868974 -0.9978778 0.1020951 -0.02655387 -0.9944202 0.1353019 0.005222105 -0.9907907 0.2382177 -0.03078427 -0.9707238 0.04524078 -0.001091058 -0.9989755 0.08294738 -0.009540781 -0.9965082 0.08043353 -0.01168822 -0.9966915 0.08187236 -0.0147348 -0.9965339 0.03572537 -0.00560859 -0.9993459 0.03893756 -0.01192235 -0.9991705 0.5475217 -0.01601269 -0.8366383 0.4776797 -0.01224518 -0.8784487 0.3650628 -0.01086656 -0.9309195 0.2278976 -0.02540941 -0.9733534 0.1377323 -0.0100753 -0.9904182 0.08386978 0.003061357 -0.996472 0.09530053 -0.04907159 -0.9942383 0.484726 -0.0165261 -0.8745099 0.3740619 -0.0147195 -0.9272869 0.3096249 -0.02030556 -0.9506419 0.4096786 -0.0228116 -0.9119446 0.179443 0.01330089 -0.9836785 0.1727245 0.003425916 -0.9849643 0.1268127 -0.02925876 -0.991495 0.1323045 0.004402703 -0.9911994 0.2282837 -0.03037636 -0.9731206 0.2205697 -0.01580804 -0.9752431 0.3389935 -0.01859228 -0.940605 0.4614464 -0.02700263 -0.8867571 0.3339419 -0.01662693 -0.942447 0.1984601 -0.01584889 -0.9799808 0.2231205 0.00712924 -0.9747648 0.2848029 -0.02680692 -0.9582112 0.2947932 -0.01836304 -0.9553847 0.1987702 -0.01596873 -0.979916 0.2087145 -0.01451498 -0.9778689 0.3176248 -0.02425451 -0.9479062 0.2924786 -0.01582858 -0.9561411 0.2021049 -0.01993812 -0.9791608 0.3192003 -0.02308642 -0.9474061 0.003090926 -0.01035764 -0.9999416 0.04420684 -0.02696423 -0.9986584 0.06007921 -0.0107344 -0.9981359 0.0645292 -0.01715546 -0.9977683 0.002149513 -0.008754546 -0.9999594 0.001889103 -0.01000303 -0.9999483 0.08598831 -0.02860987 -0.9958853 0.1722214 -0.01734892 -0.9849055 0.1769015 -0.006438255 -0.9842075 0.07129508 -0.01920058 -0.9972705 0.07217 -0.01683906 -0.9972503 0.1864098 -0.01779977 -0.9823109 0.1852822 -0.01872996 -0.9825068 0.2813815 -0.02701606 -0.9592156 0.2615306 -0.04190064 -0.9642853 0.3763812 -0.02891176 -0.9260136 0.2234136 -0.02361737 -0.9744375 0.2233706 -0.02378497 -0.9744433 0.06228133 -0.03364876 -0.9974913 0.07240319 -0.01942489 -0.9971862 0.07095423 -0.01440245 -0.9973756 0.0449525 -0.009129038 -0.9989474 0.04102933 -0.01698619 -0.9990135 0.2371802 -0.04321519 -0.970504 0.4260106 -0.03656258 -0.9039791 0.3675119 -0.01741329 -0.9298558 0.2513797 -0.01317547 -0.9677988 0.2887341 -0.02593708 -0.9570579 0.1919428 -0.02115105 -0.9811781 0.1231394 0.01650945 -0.992252 0.0900052 -0.02904927 -0.9955176 0.2476773 -0.03027132 -0.9683695 0.1258063 -0.02574259 -0.9917208 0.1443294 -0.01853804 -0.9893561 0.2518411 -0.03670341 -0.9670724 0.2289494 -0.02512033 -0.9731141 0.1286346 -0.02731668 -0.9913157 0.0118363 -0.01645922 -0.9997944 0.01285895 -0.01923874 -0.9997322 0.00945746 -0.01913523 -0.9997722 0.01462291 -0.02227291 -0.999645 0.01036804 -0.0176106 -0.9997912 0.008516081 -0.02005854 -0.9997626 0.1098219 -0.01576056 -0.9938263 0.08827036 -0.02823746 -0.9956962 0.2123352 -0.03340733 -0.9766256 0.07990932 -0.01741013 -0.9966501 0.2042045 -0.03965272 -0.9781248 0.08075941 -0.01497404 -0.9966211 0.2053082 -0.03694765 -0.9779997 0.0945352 -0.0187807 -0.9953443 0.08125456 -0.01867371 -0.9965184 0.06857865 -0.03227779 -0.9971234 0.06579076 -0.006704709 -0.9978109 0.08786572 -0.02661751 -0.9957767 0.3608358 -0.02411225 -0.9323177 0.2266541 -0.03737264 -0.973258 0.2258908 -0.04182853 -0.9732542 0.2064928 -0.02224191 -0.9781953 0.3558005 -0.05202088 -0.933113 0.0619721 -0.03414344 -0.9974937 0.05918244 0.008118717 -0.9982141 0.2091274 -0.02353073 -0.9776053 0.1172839 -0.03614191 -0.9924406 0.2176311 -0.02959201 -0.9755825 0.3574651 -0.03616022 -0.9332262 0.2237047 -0.04397893 -0.9736643 0.1983408 -0.05584677 -0.9785407 0.2047342 -0.02619622 -0.978467 0.336603 -0.04649555 -0.9404981 0.3396088 -0.0628163 -0.9384668 0.2335724 -0.04043907 -0.9714981 0.232239 -0.03384844 -0.9720696 0.03699767 -0.0262289 -0.998971 0.07021159 -0.02715701 -0.9971624 0.07472854 -0.02303033 -0.9969379 0.07559321 -0.02429581 -0.9968427 0.07372814 -0.0293095 -0.9968476 0.04880686 -0.04100725 -0.9979661 0.03697763 -0.02865457 -0.9989052 0.05203737 -0.02931461 -0.9982148 0.07129669 -0.02612084 -0.9971131 0.07339647 -0.02993014 -0.9968536 0.3130258 -0.06055463 -0.9478123 0.2257828 -0.04661242 -0.9730619 0.2187243 -0.04344808 -0.9748189 0.2129931 -0.05052363 -0.9757465 0.2116773 -0.03874546 -0.9765713 0.3119566 -0.04896128 -0.9488339 0.1026923 -0.02807786 -0.9943169 0.1040649 -0.02120332 -0.9943445 0.101782 -0.02529459 -0.9944851 0.100061 -0.004284447 -0.9949721 0.09829177 -0.01313258 -0.9950709 0.1057958 -0.02725321 -0.9940144 0.06283001 -0.02892129 -0.9976051 0.05326739 -0.03135941 -0.9980877 0.05392316 -0.03325394 -0.9979913 0.0605027 -0.0310115 -0.9976862 0.06810674 -0.03659468 -0.9970067 0.05475271 -0.03305763 -0.9979526 0.02489111 0.01223983 -0.9996153 -0.005471746 -0.0007532351 -0.9999847 0.02260287 0.0006505719 -0.9997444 0.3124728 0.004340358 -0.9499168 0.4454278 -0.002859521 -0.8953133 0.3128538 0.006087688 -0.9497818 0.4484009 0.009821506 -0.8937785 0.3512443 -0.005087879 -0.9362701 0.4768256 -0.01280792 -0.8789046 0.3390446 0.00512616 -0.9407563 0.1955105 -0.0005835977 -0.9807014 0.1847384 0.0309474 -0.9823003 0.3021076 -0.01325409 -0.9531817 0.3182744 -0.0006956321 -0.9479983 0.3018064 -0.01244364 -0.953288 0.230803 -0.001068463 -0.9729999 0.3401029 -0.004618484 -0.9403769 0.1293468 -0.006604882 -0.9915774 0.2294903 -0.001781557 -0.9733094 0.1373737 -0.0006870019 -0.990519 0.1438313 -0.008101499 -0.9895691 0.1291181 -0.007674953 -0.9915995 0.2520459 -0.003258287 -0.9677098 0.2659227 -0.007626694 -0.9639642 0.349597 -0.004241365 -0.9368906 0.2645729 -0.003907911 -0.9643578 0.3500702 -0.008576028 -0.9366842 0.3220209 -0.01853141 -0.9465512 0.08797944 -0.001294866 -0.9961214 0.03617313 -0.006923996 -0.9993215 0.08314132 -0.004309312 -0.9965284 0.03786908 -0.01111882 -0.9992208 0.03943265 -0.007309041 -0.9991955 0.08952659 -0.004551244 -0.995974 0.03983391 -0.01709539 -0.9990601 0.08908506 0.006959989 -0.9959998 0.08932711 0.009294036 -0.9959589 0.03933785 -0.01485707 -0.9991155 0.4519727 -0.02050923 -0.891796 0.4623076 0.002937885 -0.8867148 0.3419101 -0.01335412 -0.9396378 0.3459035 -0.003820041 -0.9382623 0.130097 -0.05499402 -0.989975 0.1973676 0.003401119 -0.9803236 0.1157568 0.007259802 -0.993251 0.3109035 -0.01583381 -0.9503096 0.3384276 -0.01258369 -0.9409083 0.2277927 -0.01168153 -0.9736396 0.2428886 -0.01332547 -0.9699627 0.2299577 -0.0134659 -0.9731075 0.3266649 -0.003774181 -0.9451327 0.3267076 -0.00731075 -0.9450971 0.2043027 -0.01891189 -0.9787251 0.206053 -0.006796267 -0.9785172 0.1810515 -0.03638348 -0.9828004 0.3084748 -0.006004448 -0.9512135 0.1768268 -0.0314444 -0.9837396 0.3093385 -0.005334977 -0.9509371 0.3233114 -0.02813602 -0.9458743 0.468477 -0.009550753 -0.8834241 0.3305386 -0.02154283 -0.9435465 0.3103891 -0.03023847 -0.9501285 0.4149595 -0.03192801 -0.9092795 0.2814048 -0.03428369 -0.9589765 0.2738492 -0.001627367 -0.9617712 0.3093114 0.001077536 -0.9509602 0.4359197 -0.007099167 -0.8999575 0.3395954 -0.01821814 -0.9403952 0.4440275 -0.02047056 -0.8957793 0.3427877 -0.02372588 -0.9391132 0.03569933 -0.0272107 -0.9989921 0.03553151 -0.02735167 -0.9989942 0.04063087 -0.03004005 -0.9987226 0.03799677 -0.02987958 -0.998831 0.04040448 -0.03027595 -0.9987245 -0.003951959 0.004069456 -0.9999839 -0.003736541 0.0002001622 -0.9999931 -0.00798857 0.003689989 -0.9999613 0.009681795 0.0205115 -0.9997427 0.01769375 0.02263363 -0.9995872 0.02069045 -0.009926433 -0.9997367 0.003028082 -2.207426e-05 -0.9999954 0.006946688 -0.008603653 -0.9999388 0.3458125 -0.001817791 -0.9383019 0.2372801 -0.006498024 -0.9714196 0.3456056 -0.002585127 -0.9383763 0.2436636 -0.002357382 -0.969857 0.2486479 -0.007362839 -0.9685659 0.3463902 -0.003308542 -0.9380847 0.2371146 -0.007167393 -0.9714552 0.2377044 0.001170038 -0.9713368 0.1345882 -0.001367394 -0.9909006 0.1428962 0.01743137 -0.9895842 0.1843501 -0.01141165 -0.9827944 0.227952 -0.01799179 -0.9735062 -0.003951984 -0.002003283 -0.9999902 -0.005471686 -0.004711831 -0.999974 -0.01007455 -0.002661884 -0.9999457 0.03749155 -0.006072266 -0.9992785 0.002544962 -0.00168826 -0.9999954 0.05136451 0.0004696969 -0.9986799 0.1101684 -0.005556183 -0.9938974 0.5665156 -0.00567286 -0.8240315 0.1101074 0.01399415 -0.9938211 0.1064776 0.01523328 -0.9941984 0.09632257 0.01045572 -0.9952952 0.07997089 0.03793918 -0.996075 0.05533418 0.02972623 -0.9980253 0.3057366 0.05333745 -0.9506209 0.1143439 0.04145331 -0.9925759 0.1143532 0.03945359 -0.9926564 0.1381166 0.03910803 -0.9896436 0.1249136 0.04147639 -0.9913003 0.1678636 0.04513058 -0.9847766 0.1676574 0.04513 -0.9848118 0.1931265 0.04540733 -0.9801226 0.2281993 0.05171255 -0.9722401 0.2510828 0.0586366 -0.966188 0.1676586 0.04496968 -0.9848189 0.2120543 0.04922844 -0.9760172 0.2576192 0.04855144 -0.9650259 0.2919905 0.04428787 -0.9553952 0.3176351 0.03890041 -0.9474147 0.1269836 -0.03033427 -0.9914409 0.07954577 0.007582899 -0.9968024 0.0352258 -0.00178533 -0.9993778 0.06960573 -0.00499745 -0.997562 0.0646285 0.008982987 -0.997869 0.1168286 1.614677e-05 -0.9931521 0.08047982 -0.003459671 -0.9967502 0.07586532 -0.004677481 -0.9971071 0.03318943 -0.00714487 -0.9994236 0.06463103 -0.001590398 -0.997908 0.1245729 -0.0006766465 -0.9922103 0.1143366 0.001635224 -0.9934407 -0.005167947 -0.01985074 -0.9997895 -0.01007457 -0.001959976 -0.9999473 -0.005168958 -0.001435058 -0.9999856 0.1869417 0.005212923 -0.9823571 0.1392308 -0.03372199 -0.9896857 0.1679935 0.01539892 -0.9856678 0.2515938 -0.004960074 -0.9678202 0.2071779 -0.01146462 -0.9782361 0.2851226 -0.004450936 -0.9584807 0.3216848 -0.005941639 -0.9468282 0.3526468 -0.009786442 -0.9357053 0.3845122 -0.01619515 -0.9229778 0.4127633 -0.02369426 -0.91053 0.2898673 -0.004247862 -0.9570574 0.3534943 -0.005098602 -0.9354228 0.2449297 -0.007532989 -0.9695116 0.2850604 -0.02134753 -0.9582717 0.1153741 -0.002822722 -0.9933181 0.07232337 0.006612186 -0.9973594 0.05136421 0.003491171 -0.9986739 0.07519113 0.008537599 -0.9971326 0.004611628 -0.008999486 -0.9999489 -0.007121299 -0.001670445 -0.9999733 0.003078199 0.004770697 -0.9999839 0.5147191 -0.004021636 -0.8573495 0.03326404 -0.008865716 -0.9994072 0.0756157 0.004103545 -0.9971285 0.04257289 -0.01348825 -0.9990023 0.003582293 -0.002013889 -0.9999916 -0.005352365 0.0002590837 -0.9999856 0.04667006 0.007272908 -0.9988839 0.03666354 0.01817381 -0.9991624 0.08388757 0.002099648 -0.9964731 0.0441011 -0.001748192 -0.9990256 0.117986 0.007545723 -0.9929866 0.1227112 0.00666728 -0.9924201 0.1161351 0.005268564 -0.9932194 0.002277911 0.01077238 -0.9999394 0.05212221 0.003149359 -0.9986358 0.1075617 -0.0009781684 -0.994198 0.08333484 0.01044119 -0.996467 0.04284649 0.002339064 -0.9990789 0.002145199 0.005096404 -0.9999847 0.1100094 0.009747785 -0.9938827 0.1100414 0.009113599 -0.9938852 0.06175883 0.00954641 -0.9980455 0.04949582 0.0265917 -0.9984203 0.0617923 0.008925409 -0.9980491 0.001510003 0.01144967 -0.9999333 0.02844138 0.01039836 -0.9995414 -0.001833511 0.01004742 -0.9999479 0.001848661 0.01539398 -0.9998798 0.0011933 0.01050057 -0.9999442 0.001494805 0.006030581 -0.9999807 0.005718882 0.01140552 -0.9999186 0.04187589 -0.006763427 -0.9990999 0.002161443 0.01080724 -0.9999393 0.02839895 0.01113234 -0.9995347 0.04567216 0.03572339 -0.9983175 0.03093061 0.01239237 -0.9994447 0.04702704 0.0118589 -0.9988232 0.08137117 0.008789252 -0.9966451 0.07391255 0.01306878 -0.9971791 4.099135e-05 0.01125552 -0.9999366 0.1884564 0.01919377 -0.981894 0.06132956 0.01338298 -0.9980279 0.03489527 0.007190901 -0.9993652 0.07809328 0.008178345 -0.9969125 -0.0002904698 0.01196298 -0.9999284 2.652314e-05 0.01148067 -0.9999341 0.07480431 0.01739271 -0.9970465 0.07699972 0.006137611 -0.9970122 0.000909424 0.01421984 -0.9998985 0.03593592 0.01825526 -0.9991874 0.03864135 0.01354784 -0.9991612 0.001451106 0.01299562 -0.9999145 0.03439032 0.01431597 -0.9993059 0.04871658 0.002880207 -0.9988085 0.03417006 0.01486561 -0.9993055 0.05369904 0.0160263 -0.9984285 0.004085148 0.01437267 -0.9998883 0.08201995 0.02310806 -0.9963627 0.1020461 0.01388734 -0.9946827 0.05463945 0.01359978 -0.9984136 0.1027625 0.01460147 -0.9945987 0.01010652 0.01623229 -0.9998172 0.006669589 0.01659685 -0.99984 0.05956595 0.02374229 -0.997942 0.07617879 0.01518678 -0.9969785 0.1032728 0.01536394 -0.9945344 0.06120468 0.005328199 -0.9981111 0.1031959 0.01640955 -0.9945257 0.05930841 0.02773282 -0.9978544 0.07919373 0.01624246 -0.9967269 0.04304109 0.007505249 -0.9990451 0.01070467 0.01982822 -0.9997461 0.05843738 0.0311961 -0.9978034 0.08731192 0.01999183 -0.9959804 0.09513608 0.02005862 -0.9952621 0.0761789 0.02273706 -0.9968349 0.08254725 0.01610039 -0.996457 0.09522749 0.02104657 -0.9952331 0.02833881 0.02319234 -0.9993293 0.0292067 0.02758503 -0.9991927 0.028432 0.02281304 -0.9993353 0.02650488 0.02970015 -0.9992074 0.02422248 0.02547429 -0.9993819 0.07842445 0.03686746 -0.9962382 0.07710272 0.04054834 -0.9961982 0.3013802 0.04697483 -0.9523462 0.0856626 0.04769303 -0.995182 0.09579101 0.01990601 -0.9952024 0.09359459 0.01818413 -0.9954443 0.09023313 0.02706134 -0.9955529 0.1932383 0.03009108 -0.9806904 0.1381052 0.04116992 -0.9895616 0.05532866 0.03291311 -0.9979256 0.2883812 0.04923365 -0.9562491 0.2282395 0.04819096 -0.9724116 0.1619295 0.04148333 -0.9859301 0.1635144 0.04313022 -0.9855977 0.03886695 0.01156633 -0.9991775 0.002813064 0.001323311 -0.9999952 0.004943151 -0.00803827 -0.9999555 0.01909112 0.001284382 -0.9998169 0.07331371 -0.01363428 -0.9972157 0.0403012 0.004774166 -0.9991761 0.07323224 -0.00526487 -0.997301 0.02472696 -0.008661331 -0.9996567 0.07050045 -0.008274814 -0.9974775 0.1073114 -0.005936442 -0.9942077 0.1491125 -0.006898367 -0.9887962 0.1877756 -0.006431008 -0.9821908 0.1468844 -0.006423828 -0.9891328 0.1468314 0.0276302 -0.9887756 0.3597018 -0.006155707 -0.9330471 0.4000727 -0.009376498 -0.9164354 0.4418494 -0.009228799 -0.8970418 0.4772089 -0.006364708 -0.8787668 0.5064371 -0.002489975 -0.8622733 0.4781702 -0.007611386 -0.8782341 0.3766729 -0.006494309 -0.9263235 0.2963795 0.03177032 -0.9545417 0.3091192 0.03850073 -0.9502436 0.1680121 -0.003846647 -0.9857775 0.2209321 -0.01239842 -0.9752104 0.3194264 0.04424477 -0.9465776 0.1101668 -0.007668725 -0.9938835 0.2059075 -0.01156659 -0.9785031 0.1393092 0.003519444 -0.9902427 0.156402 -0.006875231 -0.9876695 0.2071893 -0.004570539 -0.9782902 0.08629958 0.002552588 -0.9962659 0.00254495 0.003511603 -0.9999906 0.00119617 0.004263336 -0.9999902 0.004194297 -0.02144473 -0.9997612 0.07226943 -0.01057399 -0.9973291 0.1727884 -0.005590318 -0.9849431 0.1899434 0.006351095 -0.9817745 0.2230849 -0.0003611031 -0.9747989 0.02250728 -0.001547446 -0.9997455 0.08693732 -0.0006702154 -0.9962136 0.02081733 0.0009934782 -0.9997828 -0.00292856 0.001015036 -0.9999952 -0.004303883 0.005387923 -0.9999762 0.03306409 -0.006899235 -0.9994295 0.03491425 -0.003445091 -0.9993843 0.001200711 0.008022374 -0.9999672 0.09120309 -0.001677791 -0.9958309 0.08033383 0.01776 -0.9966097 0.08183365 -0.02054324 -0.9964343 0.1376014 0.01315126 -0.9904004 0.08120482 -0.004769123 -0.996686 0.1934289 0.002914227 -0.98111 0.1899456 0.004229222 -0.9817855 0.2817504 -0.002999812 -0.9594831 0.03855506 0.01606871 -0.9991273 0.08001187 -0.003213103 -0.9967887 0.3238951 -0.0005509523 -0.9460928 0.3371851 -0.001517488 -0.9414371 0.3691452 -0.002098608 -0.9293694 0.01225096 -0.01463576 -0.9998178 0.04373583 -0.01915708 -0.9988595 0.01915872 0.01321129 -0.9997292 0.4728349 -0.001491404 -0.8811498 0.4148006 -0.002103972 -0.9099099 0.38947 -0.001648613 -0.9210377 0.3947271 -0.001867009 -0.9187965 0.08560111 -0.01011152 -0.9962782 0.09294999 0.002780019 -0.9956669 0.132688 0.002806854 -0.9911539 0.09035797 0.006651815 -0.9958872 0.07446989 0.02395454 -0.9969355 0.1366855 -0.001741708 -0.990613 0.1063419 0.005274281 -0.9943156 0.1150224 -0.00419806 -0.993354 0.06641161 -0.007002458 -0.9977677 0.07132453 0.01098962 -0.9973926 0.1840716 0.007068821 -0.9828874 0.02714225 0.003118996 -0.9996267 -0.007103644 0.001949739 -0.9999729 0.03287644 0.0353851 -0.9988328 0.03910987 0.00205412 -0.9992328 0.151461 0.007665934 -0.9884335 0.181324 -0.001213972 -0.9834226 0.2669181 0.006386003 -0.963698 0.2657459 0.00316373 -0.9640379 0.04349794 -0.005010082 -0.999041 0.02681854 0.007686787 -0.9996108 0.1222112 -0.001697952 -0.9925027 0.1539175 0.0154588 -0.9879628 0.01132934 -0.006039939 -0.9999176 0.1011591 0.01168129 -0.9948017 0.01239386 -0.001505277 -0.999922 0.001344247 0.00798398 -0.9999672 -1.065169e-05 6.869248e-05 -1 0.03902008 0.009817956 -0.9991902 0.04550036 -0.02489877 -0.998654 -0.005869223 0.004113213 -0.9999743 0.03667774 0.00554101 -0.9993117 -0.004823865 0.003308896 -0.9999829 0.02793497 0.004274722 -0.9996006 -0.006160844 0.005279154 -0.9999671 -0.004014733 0.00548903 -0.9999768 0.07138258 0.01270608 -0.9973681 0.07284296 0.01805113 -0.99718 0.1805314 -0.0001155214 -0.9835693 0.06014439 0.01506007 -0.998076 0.08013508 -0.006344171 -0.9967639 0.05589649 -0.005580395 -0.998421 0.008903841 0.00694395 -0.9999363 0.05078491 0.0001956499 -0.9987096 0.1705461 0.01776028 -0.9851896 -0.004978155 0.006955188 -0.9999634 -0.002473997 0.007222868 -0.9999709 0.1547706 0.003670512 -0.9879436 0.01133728 0.009941446 -0.9998863 0.01027047 0.01126042 -0.9998838 0.01507696 -0.01611877 -0.9997564 0.1081383 0.0003342135 -0.9941358 0.01220137 0.01366993 -0.9998321 0.04215027 0.01419239 -0.9990104 0.1131935 0.00513313 -0.9935598 -0.001611639 0.006394069 -0.9999783 -0.002114446 0.01121807 -0.9999348 0.002912861 0.005245226 -0.999982 0.04442313 -0.001920615 -0.999011 0.00548166 0.01375881 -0.9998903 0.08083799 9.954888e-05 -0.9967273 0.02349534 0.01577034 -0.9995995 0.1092992 0.01629411 -0.9938754 0.1908473 0.007446079 -0.9815915 0.1985403 0.0007979601 -0.9800924 0.1089609 0.004992958 -0.9940335 0.02334758 0.009924723 -0.9996781 0.08365632 0.01124884 -0.9964311 0.01310241 0.01946375 -0.9997247 0.01589058 -0.003065198 -0.999869 0.08786916 0.02919543 -0.9957041 0.08100497 0.01283566 -0.996631 0.08048698 0.01234044 -0.9966793 0.08049078 0.01229824 -0.9966795 0.2206053 0.0157837 -0.9752354 0.312547 0.01873797 -0.9497174 0.5165526 0.02695506 -0.8558311 0.4009854 0.02630373 -0.9157067 0.4163885 0.01904019 -0.9089875 0.1960217 0.02352756 -0.9803172 0.07170303 0.009942513 -0.9973765 0.1906984 0.02189965 -0.9814044 0.2255011 -0.0006917879 -0.9742426 0.2432251 0.01945127 -0.9697748 0.1462601 0.02340306 -0.9889693 0.1430547 0.01933707 -0.9895259 0.02727507 0.001025084 -0.9996275 0.01268912 0.01764119 -0.9997638 0.009306608 0.01207297 -0.9998838 0.008280416 0.01405335 -0.9998669 0.002643886 0.01392197 -0.9998996 0.00320002 0.01382376 -0.9998993 0.003758763 0.01509287 -0.9998789 0.002896319 0.01449953 -0.9998907 0.009563491 0.01530796 -0.9998371 0.009599349 0.01524008 -0.9998378 0.008573959 0.01463728 -0.9998561 0.4269014 0.02532857 -0.9039434 0.2949673 0.02424438 -0.9551997 0.08508525 0.01832927 -0.996205 0.08593391 0.01777808 -0.9961422 0.005685386 0.01520335 -0.9998682 0.004969136 0.01636528 -0.9998537 0.006250659 0.01561398 -0.9998586 0.009705049 0.0169845 -0.9998086 0.007768747 0.01348806 -0.9998789 0.370082 0.03641042 -0.9282853 0.2334339 0.009724678 -0.972324 0.2230528 0.02331003 -0.9745276 0.0869286 0.01876389 -0.9960378 0.07967315 0.01861846 -0.9966471 0.08244176 0.01145375 -0.9965301 0.1894914 0.0265881 -0.9815223 0.04823971 0.01835869 -0.9986671 0.006954403 0.01635567 -0.9998421 0.4134228 0.03466557 -0.9098791 0.03971134 0.02333473 -0.9989387 0.05430381 0.01379824 -0.9984291 0.1181446 0.03001845 -0.9925426 0.02189129 0.01199285 -0.9996884 0.02383358 0.0158782 -0.9995899 0.06431819 0.02672714 -0.9975715 0.1009475 0.02049808 -0.9946806 0.09402755 0.0189632 -0.995389 0.09930909 0.0211253 -0.9948324 0.01404071 0.01710724 -0.999755 0.01112392 0.02098382 -0.999718 0.0164066 0.02347388 -0.9995898 0.01165633 0.02112164 -0.999709 0.08606414 0.008208741 -0.9962558 0.05751535 0.0145796 -0.9982381 0.07607904 0.01197765 -0.9970299 0.02449638 0.03029261 -0.9992408 0.04089307 0.0307343 -0.9986907 0.06804859 0.02778546 -0.9972951 0.02616889 0.01412262 -0.9995577 0.3924119 0.034777 -0.9191319 0.2539665 0.0291866 -0.9667726 0.08203186 0.01416102 -0.9965291 0.06791687 0.03326463 -0.9971363 0.1912394 0.01915817 -0.9813564 0.325395 0.04133286 -0.9446744 0.1900071 0.01980169 -0.981583 0.09431428 0.03543726 -0.9949116 0.1934457 0.02519905 -0.9807873 0.08101944 0.03269644 -0.9961761 0.07323268 0.01471822 -0.9972063 0.09731458 0.01506627 -0.9951396 0.188866 0.03921914 -0.9812195 0.08524099 0.02223592 -0.9961122 0.01816743 0.02393723 -0.9995484 0.02058289 0.01890272 -0.9996094 0.02957812 0.02672583 -0.9992052 0.1135983 0.03981112 -0.9927288 0.3270678 0.03192409 -0.9444615 0.2818658 0.04265161 -0.9585054 0.3872055 0.04368951 -0.9209577 0.1910669 0.04083459 -0.9807273 0.01689997 0.02345957 -0.9995819 0.01915717 0.02754801 -0.9994369 0.04551451 0.01380202 -0.9988683 0.01828623 0.02376136 -0.9995504 0.0234602 0.02110023 -0.9995021 0.06500699 0.01826822 -0.9977176 0.02258134 0.02333165 -0.9994727 0.04359579 0.02946258 -0.9986147 0.02230069 0.02144927 -0.9995213 0.08089411 0.0169331 -0.9965789 0.0665088 0.03118973 -0.9972982 0.05736144 0.02422086 -0.9980596 0.08877347 0.02098886 -0.9958307 0.06244922 0.01975979 -0.9978525 0.08650024 0.02577605 -0.9959183 0.09529795 0.02087893 -0.9952298 0.08346407 0.02614725 -0.9961677 0.05115557 0.03066496 -0.9982198 0.08559553 0.01630534 -0.9961965 0.04658892 0.01634 -0.9987805 0.07005139 0.02954728 -0.9971057 0.09341831 0.03582856 -0.9949821 0.07738761 0.05157021 -0.9956664 0.07332804 0.02163189 -0.9970732 0.09256294 0.01901635 -0.9955252 0.08846839 0.02757755 -0.9956972 0.3473943 0.03851195 -0.936928 0.1790887 0.03637335 -0.9831603 0.2143682 0.02839066 -0.9763403 0.2088803 0.03345109 -0.9773689 0.06560989 0.01872856 -0.9976695 0.1592955 0.03630206 -0.9865633 0.06570974 0.01859991 -0.9976655 0.1142177 0.04366534 -0.9924957 0.1074137 0.02425234 -0.9939186 0.1092705 0.01912837 -0.993828 0.3298804 0.05475798 -0.9424333 0.1864201 0.03645792 -0.9817934 0.2035405 0.05002724 -0.9777876 0.2055201 0.04487859 -0.9776234 0.09618398 0.02343676 -0.9950876 0.09564114 0.02461947 -0.9951113 0.03257708 0.02912699 -0.9990447 0.03421205 0.03401578 -0.9988356 0.03463508 0.02951392 -0.9989642 0.07237685 0.0282994 -0.9969758 0.09847712 0.0248435 -0.9948291 0.06910436 0.02324698 -0.9973385 0.09622434 0.02342002 -0.9950841 0.09956397 0.02566558 -0.9947001 0.09932146 0.02570388 -0.9947234 0.1057893 0.02942707 -0.9939531 0.0991476 0.02616809 -0.9947286 0.1004011 0.02315351 -0.9946775 0.0775267 0.03273987 -0.9964525 0.07533632 0.02765044 -0.9967747 0.11248 0.04426889 -0.9926674 0.03580244 0.03006353 -0.9989066 0.06479251 0.0333274 -0.9973421 0.06129424 0.03666987 -0.9974458 0.1193764 0.02673284 -0.9924891 0.08040027 0.03874532 -0.9960093 0.1631824 0.04442729 -0.9855951 0.2159867 0.03895295 -0.975619 0.3224502 0.044368 -0.945546 0.1907006 0.04396548 -0.9806632 0.2182795 0.0331268 -0.9753239 0.09330913 0.05417278 -0.9941623 0.1559133 0.03587897 -0.987119 0.06610893 0.03631897 -0.9971513 0.0916438 0.0269719 -0.9954265 0.09263619 0.0484301 -0.9945215 0.1634783 0.04796887 -0.9853801 0.1045842 0.02335434 -0.9942418 0.0955519 0.03150102 -0.9949259 0.01648165 -0.01284288 -0.9997817 0.06529454 0.002214917 -0.9978635 0.06900238 0.006813242 -0.9975933 0.07716588 -0.008739741 -0.99698 0.09395652 -0.0007161113 -0.9955761 0.2289406 -0.006043313 -0.9734216 0.274914 -0.008547569 -0.9614308 0.3188339 -0.005085245 -0.9477969 0.3349666 -0.002069852 -0.9422277 0.2118541 -0.0022739 -0.9772986 0.2965181 -0.008639779 -0.9549882 0.3093327 -0.01011845 -0.9509 0.211854 -0.002429993 -0.9772983 0.319718 -0.01159702 -0.9474418 0.3349337 -0.01417373 -0.9421352 0.09858313 -0.009149335 -0.9950867 0.03748973 0.01155962 -0.9992302 0.09391736 -0.0165865 -0.9954418 0.2176655 -0.02834187 -0.9756118 0.3216872 -0.004563142 -0.946835 0.3526635 -0.0009657907 -0.9357497 0.3845515 0.007609454 -0.9230722 0.4128061 0.01881857 -0.9106244 0.2898678 -0.003774768 -0.9570593 0.2515944 0.004463991 -0.9678225 0.2627731 -0.0008974496 -0.9648573 0.3671505 -0.003728319 -0.9301541 0.2177438 0.009181392 -0.9759628 0.2047867 -0.03404417 -0.9782144 0.2230207 -0.02400773 -0.9745181 0.3673141 -0.003708576 -0.9300895 0.2048879 0.01312014 -0.9786975 0.2651635 -0.00345732 -0.9641973 0.4142811 -0.05007595 -0.9087703 0.2724076 -0.007061404 -0.9621559 0.2676772 -0.002206897 -0.9635061 0.3371829 -0.003915054 -0.941431 0.2817516 -2.625651e-05 -0.9594873 0.3690942 -0.01675877 -0.9292409 0.3663238 -0.003523183 -0.9304808 0.3945082 -0.0333552 -0.9182869 0.3238939 0.002785739 -0.9460893 0.4498247 0.001482639 -0.8931157 0.3894698 -0.001896446 -0.9210373 0.3251123 0.002380438 -0.9456724 0.1740789 0.003523288 -0.9847254 0.176355 -0.008480976 -0.9842901 0.1894367 -0.005509322 -0.9818774 0.2265385 0.008088855 -0.9739686 0.3162682 -0.004544294 -0.948659 0.4252816 -0.004874209 -0.905048 -0.005534346 0.00360311 -0.9999782 -0.006190116 0.003002673 -0.9999763 -0.006740191 0.003777642 -0.9999701 -0.0003750997 -0.0005796964 -0.9999997 0.001436401 0.007602411 -0.9999701 -0.003720362 0.003613865 -0.9999865 0.09210927 -0.01941322 -0.9955597 0.05446053 0.007277016 -0.9984894 0.04632547 0.006838461 -0.998903 0.04940961 0.01034991 -0.9987249 0.0523307 0.005541649 -0.9986144 0.1488372 0.001207722 -0.988861 0.538567 0.004884166 -0.8425686 0.4933093 0.003556136 -0.8698466 0.375206 0.003145905 -0.9269361 0.4770149 0.007252092 -0.8788652 0.3657317 0.00644477 -0.930698 0.3144429 -0.001528453 -0.9492751 0.4264459 0.01377676 -0.9044082 0.1955738 -0.004253602 -0.9806798 0.3091024 0.001169182 -0.951028 0.2157518 0.01468562 -0.9763378 0.2139142 0.01956452 -0.9766566 0.3040854 0.01398438 -0.9525421 -0.0008285576 0.007242291 -0.9999734 -0.0008522348 0.007274752 -0.9999732 0.03425473 0.007543222 -0.9993847 -0.003138248 0.004189907 -0.9999864 0.3118621 0.01320378 -0.9500357 0.2800033 -0.002519996 -0.9599957 0.4303914 0.00511681 -0.9026278 0.307446 0.01657626 -0.9514211 0.1532163 0.005098975 -0.9881795 0.05875711 0.008727893 -0.9982342 0.06508633 0.001868974 -0.9978778 0.1020951 0.02655387 -0.9944202 0.1353019 -0.005222105 -0.9907907 0.2382177 0.03078428 -0.9707238 0.04524078 0.001091059 -0.9989755 0.08294739 0.00954078 -0.9965082 0.08043353 0.01168822 -0.9966915 0.08187237 0.0147348 -0.9965339 0.03572537 0.005608589 -0.9993459 0.03893756 0.01192235 -0.9991705 0.5475217 0.01601269 -0.8366383 0.4776797 0.01224518 -0.8784487 0.3650627 0.01086656 -0.9309195 0.2278976 0.02540941 -0.9733534 0.1377323 0.0100753 -0.9904183 0.08386979 -0.003061358 -0.996472 0.09530053 0.04907159 -0.9942383 0.484726 0.0165261 -0.8745099 0.3740619 0.0147195 -0.9272869 0.3096249 0.02030556 -0.9506419 0.4096786 0.0228116 -0.9119446 0.179443 -0.01330088 -0.9836785 0.1727245 -0.003425927 -0.9849643 0.1268127 0.02925877 -0.991495 0.1323045 -0.0044027 -0.9911994 0.2282837 0.03037636 -0.9731206 0.2205697 0.01580804 -0.9752431 0.3389935 0.01859228 -0.940605 0.4614464 0.02700263 -0.886757 0.3339419 0.01662693 -0.942447 0.1984601 0.01584889 -0.9799808 0.2231205 -0.007129254 -0.9747648 0.2848029 0.02680692 -0.9582112 0.2947932 0.01836305 -0.9553846 0.1987702 0.01596873 -0.979916 0.2087145 0.01451498 -0.9778689 0.2021049 0.01993812 -0.9791608 0.2924786 0.01582858 -0.9561411 0.3176248 0.02425452 -0.9479062 0.3192003 0.02308642 -0.9474061 0.003090927 0.01035764 -0.9999416 0.04420684 0.02696424 -0.9986584 0.06007921 0.0107344 -0.9981359 0.0645292 0.01715546 -0.9977683 0.002149513 0.008754546 -0.9999594 0.001889103 0.01000303 -0.9999483 0.08598831 0.02860987 -0.9958853 0.1722214 0.01734892 -0.9849055 0.1769016 0.006438256 -0.9842075 0.07129508 0.01920058 -0.9972705 0.07217 0.01683906 -0.9972501 0.1864098 0.01779978 -0.9823109 0.1852822 0.01872996 -0.9825068 0.2813815 0.02701606 -0.9592156 0.2615306 0.04190064 -0.9642853 0.3763811 0.02891176 -0.9260136 0.2234136 0.02361737 -0.9744375 0.2233706 0.02378496 -0.9744433 0.06228133 0.03364877 -0.9974913 0.07240319 0.01942489 -0.9971862 0.07095423 0.01440245 -0.9973756 0.0449525 0.009129041 -0.9989474 0.04102933 0.0169862 -0.9990135 0.2371802 0.04321519 -0.970504 0.4260106 0.03656258 -0.9039791 0.367512 0.01741329 -0.9298558 0.2513798 0.01317548 -0.9677988 0.2887341 0.02593708 -0.9570579 0.1919428 0.02115105 -0.9811781 0.1231394 -0.01650945 -0.992252 0.0900052 0.02904928 -0.9955176 0.2476773 0.03027131 -0.9683696 0.1258062 0.02574259 -0.9917208 0.1443294 0.01853804 -0.9893561 0.2518412 0.03670341 -0.9670724 0.2289494 0.02512033 -0.9731141 0.1286346 0.02731668 -0.9913157 0.0118363 0.01645922 -0.9997944 0.009457459 0.01913523 -0.9997722 0.01285895 0.01923874 -0.9997322 0.01462291 0.02227291 -0.999645 0.01036804 0.0176106 -0.9997911 0.008516081 0.02005854 -0.9997626 0.1098219 0.01576056 -0.9938263 0.08827037 0.02823746 -0.9956962 0.2123352 0.03340733 -0.9766256 0.07990932 0.01741013 -0.9966501 0.2042045 0.03965273 -0.9781248 0.0807594 0.01497403 -0.9966211 0.2053082 0.03694765 -0.9779997 0.09453519 0.01878069 -0.9953443 0.08125456 0.01867371 -0.9965184 0.06857865 0.03227779 -0.9971234 0.06579076 0.006704712 -0.9978109 0.08786572 0.02661751 -0.9957767 0.3558005 0.05202087 -0.933113 0.3608358 0.02411225 -0.9323177 0.2266541 0.03737264 -0.973258 0.2258908 0.04182854 -0.9732542 0.2064928 0.02224191 -0.9781953 0.0619721 0.03414345 -0.9974937 0.1172839 0.03614191 -0.9924406 0.2091274 0.02353073 -0.9776053 0.2176311 0.02959201 -0.9755824 0.05918244 -0.008118716 -0.9982141 0.357465 0.03616022 -0.9332263 0.2237048 0.04397893 -0.9736642 0.1983408 0.05584677 -0.9785407 0.2047343 0.02619623 -0.978467 0.336603 0.04649554 -0.9404981 0.3396089 0.06281628 -0.9384668 0.2335724 0.04043906 -0.9714981 0.232239 0.03384844 -0.9720696 0.03699767 0.0262289 -0.998971 0.07472854 0.02303033 -0.9969379 0.07021157 0.027157 -0.9971623 0.07559321 0.02429581 -0.9968427 0.07372814 0.02930951 -0.9968476 0.04880686 0.04100725 -0.9979661 0.03697763 0.02865457 -0.9989052 0.05203737 0.02931461 -0.9982148 0.0712967 0.02612084 -0.9971131 0.07339647 0.02993014 -0.9968536 0.3130258 0.06055462 -0.9478123 0.2257828 0.04661241 -0.9730619 0.2187243 0.04344808 -0.9748189 0.2129931 0.05052363 -0.9757465 0.2116773 0.03874544 -0.9765713 0.3119566 0.04896128 -0.9488339 0.1026923 0.02807786 -0.9943169 0.1040649 0.0212033 -0.9943445 0.101782 0.02529459 -0.9944851 0.1000609 0.004284447 -0.9949721 0.09829177 0.01313258 -0.9950709 0.1057958 0.02725321 -0.9940144 0.06283001 0.02892129 -0.9976051 0.05326739 0.03135941 -0.9980877 0.05392316 0.03325393 -0.9979913 0.0605027 0.0310115 -0.9976862 0.06810673 0.03659467 -0.9970067 0.05475271 0.03305763 -0.9979526 0.02489111 -0.01223984 -0.9996153 -0.005471746 0.0007532351 -0.9999847 0.02260288 -0.0006505711 -0.9997444 0.3124729 -0.004340359 -0.9499168 0.4454278 0.002859521 -0.8953133 0.3128538 -0.006087685 -0.9497818 0.448401 -0.009821504 -0.8937786 0.3512443 0.005087886 -0.9362701 0.4768256 0.01280793 -0.8789046 0.3390446 -0.005126163 -0.9407564 0.1955105 0.0005835977 -0.9807014 0.1847384 -0.03094739 -0.9823003 0.3021076 0.0132541 -0.9531817 0.3182744 0.0006956313 -0.9479983 0.3018064 0.01244363 -0.953288 0.230803 0.001068462 -0.9729999 0.3401029 0.004618484 -0.9403769 0.1293468 0.00660488 -0.9915774 0.2294903 0.001781557 -0.9733093 0.1373737 0.0006869992 -0.990519 0.1438313 0.008101498 -0.9895691 0.1291182 0.007674955 -0.9915995 0.2520459 0.003258284 -0.9677098 0.2659227 0.007626694 -0.9639642 0.349597 0.004241366 -0.9368906 0.2645729 0.00390791 -0.9643578 0.3500702 0.008576027 -0.9366842 0.3220209 0.01853142 -0.9465512 0.08797944 0.001294867 -0.9961214 0.03617312 0.006923995 -0.9993215 0.08314132 0.004309311 -0.9965284 0.03786908 0.01111882 -0.9992208 0.03943265 0.007309041 -0.9991955 0.08952659 0.004551244 -0.995974 0.0398339 0.01709539 -0.9990601 0.08908506 -0.006959986 -0.9959998 0.08932711 -0.009294039 -0.9959589 0.03933785 0.01485707 -0.9991155 0.4519727 0.02050924 -0.8917959 0.4623076 -0.002937884 -0.8867148 0.3419101 0.01335412 -0.9396378 0.3459035 0.003820043 -0.9382623 0.130097 0.05499402 -0.989975 0.1973676 -0.003401119 -0.9803237 0.1157568 -0.007259803 -0.993251 0.3109036 0.01583381 -0.9503096 0.3384276 0.01258369 -0.9409083 0.2277927 0.01168153 -0.9736396 0.2428887 0.01332547 -0.9699627 0.2299577 0.0134659 -0.9731075 0.3266649 0.003774181 -0.9451327 0.3267076 0.007310747 -0.9450971 0.2043027 0.01891189 -0.9787251 0.206053 0.006796272 -0.9785172 0.1810515 0.03638347 -0.9828004 0.3084748 0.006004443 -0.9512135 0.1768268 0.03144441 -0.9837396 0.3093385 0.005334977 -0.9509371 0.3233113 0.02813602 -0.9458743 0.468477 0.009550753 -0.8834241 0.3305386 0.02154283 -0.9435465 0.3103891 0.03023846 -0.9501285 0.4149595 0.03192801 -0.9092795 0.2814048 0.03428367 -0.9589765 0.2738492 0.001627367 -0.9617712 0.3093114 -0.001077547 -0.9509602 0.4359197 0.007099173 -0.8999575 0.3395954 0.01821814 -0.9403952 0.4440275 0.02047057 -0.8957793 0.3427877 0.02372588 -0.9391132 0.04063087 0.03004005 -0.9987226 0.03569933 0.0272107 -0.9989921 0.0355315 0.02735167 -0.9989942 0.03799677 0.02987958 -0.998831 0.04040448 0.03027595 -0.9987245 -0.00395196 -0.004069457 -0.9999839 -0.003736541 -0.0002001621 -0.9999931 -0.007988569 -0.003689989 -0.9999613 0.009681796 -0.02051151 -0.9997427 0.01769375 -0.02263363 -0.9995872 0.02069045 0.009926433 -0.9997367 0.003028083 2.207405e-05 -0.9999954 0.006946687 0.008603653 -0.9999388 0.3458124 0.001817792 -0.9383019 0.2372801 0.006498024 -0.9714196 0.2436636 0.002357375 -0.969857 0.3456056 0.002585129 -0.9383763 0.2486478 0.007362837 -0.9685659 0.3463902 0.00330855 -0.9380847 0.2371145 0.00716739 -0.9714553 0.2377044 -0.001170036 -0.9713368 0.1345882 0.001367394 -0.9909006 0.1428962 -0.01743137 -0.9895842 0.18435 0.01141165 -0.9827944 0.227952 0.01799179 -0.9735062</float_array>
          <technique_common>
            <accessor count="6380" source="#cubenormals-array1-array" stride="3">
              <param type="float" name="X"/>
              <param type="float" name="Y"/>
              <param type="float" name="Z"/>
            </accessor>
          </technique_common>
        </source>
        <vertices id="cubeverts-array1-vertices">
          <input semantic="POSITION" source="#cubeverts-array1"/>
        </vertices>
        <triangles count="6380" material="ref_Body001">
          <input offset="0" semantic="VERTEX" source="#cubeverts-array1-vertices"/>
          <input offset="1" semantic="NORMAL" source="#cubenormals-array1"/>
          <p>0 0 1 0 2 0 3 1 2 1 4 1 3 2 0 2 2 2 5 3 4 3 6 3 5 4 3 4 4 4 7 5 5 5 6 5 7 6 6 6 8 6 9 7 8 7 10 7 9 8 7 8 8 8 11 9 10 9 12 9 11 10 9 10 10 10 13 11 12 11 14 11 13 12 11 12 12 12 15 13 14 13 16 13 15 14 13 14 14 14 17 15 16 15 18 15 17 16 15 16 16 16 19 17 18 17 20 17 19 18 20 18 21 18 19 19 17 19 18 19 22 20 19 20 21 20 22 21 21 21 23 21 24 22 25 22 26 22 27 23 28 23 29 23 30 24 27 24 29 24 30 25 29 25 31 25 32 26 30 26 31 26 33 27 31 27 34 27 33 28 32 28 31 28 35 29 34 29 36 29 35 30 33 30 34 30 37 31 38 31 35 31 37 32 39 32 38 32 37 33 40 33 39 33 37 34 35 34 36 34 37 35 36 35 41 35 42 36 37 36 41 36 42 37 40 37 37 37 42 38 43 38 40 38 44 39 42 39 41 39 45 40 46 40 47 40 48 41 49 41 50 41 48 42 51 42 52 42 48 43 52 43 53 43 48 44 53 44 54 44 48 45 54 45 55 45 48 46 50 46 51 46 48 47 56 47 49 47 57 48 58 48 53 48 57 49 59 49 58 49 60 50 61 50 62 50 63 51 62 51 64 51 63 52 60 52 62 52 65 53 60 53 63 53 66 54 67 54 68 54 69 55 66 55 68 55 69 56 68 56 70 56 71 57 63 57 64 57 71 58 64 58 72 58 73 59 69 59 70 59 73 60 74 60 75 60 73 61 76 61 74 61 73 62 70 62 76 62 77 63 63 63 71 63 77 64 65 64 63 64 78 65 71 65 72 65 78 66 72 66 79 66 80 67 71 67 78 67 80 68 77 68 71 68 81 69 19 69 22 69 82 70 81 70 22 70 83 71 82 71 22 71 84 72 83 72 22 72 85 73 81 73 82 73 85 74 82 74 83 74 85 75 83 75 84 75 86 76 85 76 84 76 87 77 86 77 84 77 88 78 87 78 84 78 89 79 80 79 78 79 90 80 88 80 84 80 91 81 92 81 93 81 94 82 95 82 96 82 97 83 98 83 99 83 100 84 101 84 98 84 102 85 103 85 104 85 105 86 106 86 107 86 108 87 105 87 107 87 108 88 107 88 109 88 110 89 111 89 112 89 110 90 112 90 108 90 110 91 108 91 109 91 113 92 107 92 106 92 114 93 109 93 107 93 114 94 113 94 115 94 114 95 107 95 113 95 116 96 102 96 117 96 116 97 117 97 118 97 119 98 120 98 115 98 119 99 118 99 120 99 119 100 116 100 118 100 121 101 117 101 122 101 123 102 124 102 117 102 123 103 117 103 121 103 125 104 120 104 118 104 125 105 118 105 117 105 125 106 117 106 124 106 126 107 109 107 114 107 126 108 114 108 115 108 127 109 124 109 123 109 127 110 123 110 121 110 128 111 129 111 130 111 131 112 132 112 126 112 131 113 126 113 115 113 131 114 115 114 120 114 133 115 129 115 128 115 134 116 135 116 136 116 134 117 124 117 127 117 134 118 127 118 135 118 137 119 138 119 139 119 140 120 137 120 139 120 141 121 140 121 139 121 141 122 139 122 142 122 143 123 141 123 142 123 143 124 144 124 145 124 146 125 143 125 142 125 146 126 144 126 143 126 147 127 146 127 142 127 148 128 134 128 136 128 148 129 147 129 142 129 148 130 139 130 134 130 148 131 149 131 147 131 148 132 142 132 139 132 150 133 151 133 152 133 153 134 154 134 155 134 156 135 24 135 26 135 157 136 158 136 159 136 160 137 161 137 162 137 163 138 161 138 160 138 164 139 34 139 31 139 164 140 29 140 28 140 164 141 31 141 29 141 164 142 36 142 34 142 164 143 165 143 166 143 167 144 168 144 157 144 169 145 36 145 164 145 170 146 171 146 172 146 170 147 173 147 171 147 174 148 170 148 172 148 175 149 174 149 172 149 176 150 172 150 177 150 176 151 175 151 172 151 178 152 176 152 177 152 179 153 178 153 177 153 180 154 177 154 181 154 180 155 179 155 177 155 182 156 180 156 181 156 183 157 182 157 181 157 184 158 183 158 181 158 185 159 181 159 186 159 185 160 184 160 181 160 187 161 186 161 188 161 187 162 188 162 189 162 187 163 189 163 190 163 187 164 190 164 28 164 187 165 185 165 186 165 187 166 28 166 27 166 187 167 27 167 191 167 192 168 36 168 169 168 192 169 169 169 193 169 192 170 41 170 36 170 194 171 192 171 193 171 195 172 192 172 194 172 196 173 197 173 198 173 199 174 200 174 47 174 199 175 201 175 200 175 202 176 197 176 196 176 202 177 196 177 46 177 202 178 203 178 197 178 202 179 46 179 45 179 204 180 42 180 44 180 204 181 205 181 43 181 204 182 43 182 42 182 204 183 206 183 205 183 207 184 206 184 204 184 207 185 208 185 206 185 207 186 209 186 208 186 210 187 209 187 207 187 211 188 210 188 212 188 211 189 209 189 210 189 211 190 213 190 209 190 214 191 47 191 200 191 214 192 45 192 47 192 214 193 211 193 45 193 214 194 213 194 211 194 214 195 200 195 213 195 215 196 58 196 216 196 215 197 216 197 217 197 215 198 217 198 218 198 215 199 218 199 219 199 215 200 54 200 53 200 215 201 53 201 58 201 220 202 221 202 222 202 220 203 222 203 223 203 224 204 223 204 225 204 224 205 220 205 223 205 226 206 224 206 225 206 227 207 225 207 228 207 227 208 226 208 225 208 229 209 228 209 230 209 229 210 227 210 228 210 231 211 230 211 232 211 231 212 229 212 230 212 233 213 234 213 55 213 233 214 55 214 54 214 235 215 234 215 233 215 236 216 234 216 235 216 236 217 237 217 234 217 238 218 237 218 236 218 238 219 239 219 237 219 240 220 239 220 238 220 241 221 242 221 243 221 241 222 243 222 239 222 241 223 239 223 240 223 244 224 55 224 234 224 244 225 48 225 55 225 244 226 242 226 1 226 244 227 243 227 242 227 244 228 239 228 243 228 244 229 234 229 237 229 244 230 237 230 239 230 245 231 246 231 247 231 245 232 56 232 48 232 245 233 248 233 246 233 245 234 249 234 56 234 245 235 247 235 249 235 245 236 250 236 248 236 251 237 244 237 1 237 251 238 48 238 244 238 251 239 252 239 250 239 251 240 253 240 252 240 251 241 254 241 255 241 251 242 256 242 257 242 251 243 245 243 48 243 251 244 1 244 0 244 251 245 257 245 254 245 251 246 0 246 256 246 251 247 255 247 253 247 251 248 250 248 245 248 258 249 62 249 61 249 258 250 259 250 260 250 258 251 260 251 261 251 258 252 261 252 262 252 258 253 262 253 62 253 263 254 50 254 49 254 263 255 52 255 51 255 263 256 53 256 52 256 263 257 56 257 249 257 263 258 57 258 53 258 263 259 51 259 50 259 263 260 49 260 56 260 264 261 263 261 249 261 265 262 57 262 263 262 265 263 263 263 67 263 265 264 266 264 267 264 265 265 267 265 268 265 265 266 268 266 269 266 265 267 270 267 266 267 265 268 271 268 270 268 265 269 269 269 57 269 265 270 272 270 271 270 265 271 273 271 272 271 265 272 274 272 275 272 265 273 275 273 273 273 265 274 276 274 274 274 265 275 277 275 276 275 278 276 277 276 265 276 278 277 265 277 67 277 279 278 278 278 67 278 279 279 277 279 278 279 279 280 280 280 277 280 281 281 280 281 279 281 281 282 279 282 67 282 282 283 281 283 67 283 282 284 280 284 281 284 283 285 280 285 282 285 283 286 282 286 67 286 284 287 283 287 67 287 284 288 280 288 283 288 284 289 285 289 280 289 286 290 287 290 285 290 286 291 288 291 287 291 286 292 289 292 288 292 286 293 284 293 67 293 286 294 67 294 66 294 286 295 66 295 290 295 286 296 285 296 284 296 286 297 290 297 289 297 291 298 292 298 293 298 291 299 258 299 61 299 294 300 59 300 57 300 295 301 57 301 269 301 295 302 294 302 57 302 296 303 295 303 269 303 296 304 269 304 268 304 297 305 296 305 268 305 297 306 268 306 267 306 298 307 297 307 267 307 299 308 267 308 266 308 299 309 298 309 267 309 300 310 15 310 17 310 300 311 17 311 19 311 300 312 19 312 81 312 300 313 11 313 13 313 300 314 9 314 11 314 300 315 13 315 15 315 301 316 299 316 266 316 301 317 266 317 270 317 302 318 301 318 270 318 302 319 270 319 271 319 303 320 302 320 271 320 303 321 271 321 272 321 304 322 303 322 272 322 304 323 272 323 273 323 305 324 273 324 275 324 305 325 304 325 273 325 306 326 275 326 274 326 306 327 305 327 275 327 307 328 306 328 274 328 307 329 274 329 276 329 308 330 285 330 287 330 308 331 287 331 288 331 308 332 288 332 289 332 308 333 307 333 276 333 308 334 289 334 290 334 308 335 276 335 277 335 308 336 277 336 280 336 308 337 280 337 285 337 309 338 300 338 81 338 310 339 78 339 79 339 310 340 79 340 311 340 310 341 311 341 312 341 313 342 293 342 292 342 313 343 22 343 23 343 313 344 23 344 293 344 314 345 315 345 316 345 317 346 309 346 81 346 317 347 316 347 315 347 318 348 313 348 292 348 318 349 61 349 60 349 318 350 291 350 61 350 318 351 292 351 291 351 318 352 60 352 65 352 318 353 65 353 77 353 319 354 318 354 320 354 319 355 313 355 318 355 321 356 313 356 319 356 321 357 22 357 313 357 321 358 84 358 22 358 322 359 73 359 314 359 322 360 323 360 73 360 322 361 316 361 324 361 322 362 314 362 316 362 325 363 321 363 319 363 326 364 316 364 317 364 326 365 81 365 85 365 326 366 317 366 81 366 327 367 312 367 328 367 327 368 78 368 310 368 327 369 89 369 78 369 327 370 310 370 312 370 329 371 321 371 325 371 329 372 90 372 84 372 329 373 84 373 321 373 330 374 318 374 77 374 330 375 320 375 318 375 330 376 77 376 80 376 330 377 80 377 89 377 330 378 331 378 320 378 330 379 332 379 331 379 330 380 89 380 332 380 333 381 329 381 325 381 334 382 325 382 319 382 334 383 333 383 325 383 334 384 320 384 331 384 334 385 319 385 320 385 335 386 324 386 316 386 335 387 316 387 326 387 336 388 333 388 334 388 336 389 329 389 333 389 337 390 338 390 339 390 340 391 326 391 85 391 340 392 335 392 326 392 340 393 85 393 86 393 341 394 340 394 86 394 341 395 86 395 87 395 341 396 87 396 88 396 341 397 88 397 90 397 342 398 343 398 341 398 342 399 341 399 90 399 344 400 342 400 90 400 344 401 343 401 342 401 345 402 335 402 340 402 345 403 324 403 335 403 345 404 341 404 343 404 345 405 340 405 341 405 346 406 324 406 345 406 346 407 347 407 324 407 348 408 336 408 334 408 349 409 89 409 327 409 349 410 328 410 350 410 349 411 327 411 328 411 349 412 332 412 89 412 351 413 345 413 343 413 351 414 347 414 346 414 351 415 346 415 345 415 352 416 353 416 354 416 355 417 343 417 344 417 356 418 352 418 354 418 357 419 347 419 351 419 358 420 353 420 347 420 358 421 354 421 353 421 359 422 355 422 360 422 361 423 358 423 347 423 361 424 347 424 357 424 362 425 356 425 354 425 363 426 354 426 358 426 363 427 358 427 361 427 364 428 365 428 362 428 364 429 354 429 363 429 364 430 366 430 365 430 364 431 362 431 354 431 367 432 362 432 365 432 368 433 369 433 366 433 368 434 363 434 369 434 368 435 364 435 363 435 368 436 366 436 364 436 370 437 359 437 371 437 372 438 93 438 92 438 373 439 374 439 375 439 373 440 376 440 374 440 377 441 378 441 379 441 380 442 366 442 369 442 380 443 369 443 381 443 382 444 381 444 92 444 382 445 92 445 91 445 383 446 380 446 381 446 383 447 381 447 382 447 384 448 380 448 383 448 385 449 380 449 384 449 386 450 380 450 385 450 387 451 375 451 374 451 387 452 374 452 388 452 389 453 390 453 385 453 389 454 91 454 390 454 389 455 382 455 91 455 389 456 383 456 382 456 389 457 384 457 383 457 389 458 385 458 384 458 391 459 387 459 388 459 391 460 388 460 392 460 393 461 394 461 386 461 393 462 385 462 390 462 393 463 386 463 385 463 395 464 391 464 392 464 395 465 387 465 391 465 396 466 394 466 393 466 396 467 388 467 394 467 396 468 392 468 388 468 397 469 349 469 350 469 397 470 371 470 349 470 398 471 399 471 375 471 398 472 375 472 387 472 398 473 387 473 395 473 400 474 401 474 398 474 400 475 398 475 395 475 400 476 395 476 392 476 402 477 396 477 393 477 402 478 392 478 396 478 402 479 393 479 390 479 403 480 404 480 405 480 406 481 402 481 390 481 406 482 390 482 407 482 408 483 91 483 93 483 409 484 392 484 402 484 409 485 402 485 406 485 409 486 406 486 407 486 410 487 93 487 397 487 410 488 408 488 93 488 410 489 397 489 350 489 411 490 400 490 392 490 411 491 401 491 400 491 412 492 392 492 409 492 412 493 411 493 392 493 413 494 412 494 409 494 413 495 414 495 412 495 415 496 91 496 408 496 415 497 408 497 410 497 415 498 410 498 350 498 416 499 91 499 415 499 416 500 390 500 91 500 416 501 407 501 390 501 417 502 401 502 411 502 417 503 411 503 412 503 417 504 412 504 414 504 418 505 419 505 420 505 421 506 418 506 422 506 423 507 415 507 350 507 423 508 416 508 415 508 423 509 407 509 416 509 424 510 417 510 414 510 424 511 414 511 96 511 425 512 407 512 423 512 426 513 420 513 427 513 426 514 422 514 418 514 426 515 418 515 420 515 428 516 429 516 421 516 428 517 421 517 422 517 428 518 422 518 430 518 431 519 426 519 427 519 431 520 427 520 432 520 433 521 423 521 350 521 433 522 425 522 423 522 434 523 426 523 431 523 434 524 422 524 426 524 435 525 436 525 437 525 438 526 427 526 436 526 438 527 432 527 427 527 438 528 436 528 435 528 439 529 94 529 96 529 440 530 432 530 441 530 440 531 431 531 432 531 440 532 434 532 431 532 442 533 433 533 350 533 442 534 439 534 433 534 443 535 444 535 445 535 446 536 432 536 438 536 446 537 438 537 435 537 447 538 434 538 440 538 447 539 440 539 441 539 447 540 422 540 434 540 448 541 430 541 422 541 448 542 449 542 450 542 451 543 422 543 447 543 451 544 448 544 422 544 451 545 449 545 448 545 452 546 443 546 445 546 453 547 443 547 452 547 454 548 432 548 446 548 454 549 446 549 95 549 454 550 441 550 432 550 455 551 451 551 447 551 455 552 447 552 441 552 455 553 449 553 451 553 456 554 457 554 458 554 456 555 459 555 460 555 461 556 94 556 439 556 461 557 439 557 442 557 461 558 350 558 135 558 461 559 135 559 462 559 461 560 442 560 350 560 463 561 455 561 441 561 464 562 441 562 454 562 465 563 449 563 455 563 465 564 463 564 466 564 465 565 455 565 463 565 467 566 450 566 449 566 468 567 454 567 95 567 468 568 464 568 454 568 469 569 470 569 471 569 472 570 449 570 465 570 472 571 467 571 449 571 473 572 469 572 471 572 474 573 441 573 464 573 474 574 464 574 468 574 474 575 468 575 462 575 475 576 465 576 466 576 475 577 472 577 465 577 476 578 466 578 463 578 476 579 463 579 441 579 476 580 441 580 474 580 477 581 473 581 471 581 478 582 450 582 467 582 478 583 479 583 450 583 480 584 478 584 467 584 480 585 472 585 481 585 480 586 467 586 472 586 482 587 478 587 480 587 482 588 480 588 481 588 482 589 479 589 478 589 483 590 482 590 484 590 483 591 479 591 482 591 483 592 470 592 485 592 483 593 485 593 479 593 486 594 466 594 476 594 486 595 476 595 474 595 486 596 474 596 462 596 487 597 470 597 483 597 487 598 483 598 484 598 488 599 99 599 98 599 489 600 101 600 490 600 489 601 98 601 101 601 489 602 490 602 488 602 489 603 488 603 98 603 491 604 459 604 456 604 491 605 456 605 458 605 491 606 492 606 459 606 493 607 494 607 97 607 493 608 97 608 99 608 493 609 495 609 487 609 493 610 103 610 494 610 493 611 484 611 103 611 493 612 99 612 495 612 493 613 487 613 484 613 496 614 497 614 498 614 496 615 490 615 101 615 496 616 498 616 490 616 499 617 481 617 500 617 501 618 496 618 101 618 502 619 503 619 504 619 502 620 500 620 503 620 502 621 499 621 500 621 505 622 101 622 100 622 505 623 100 623 506 623 505 624 501 624 101 624 507 625 502 625 504 625 507 626 508 626 499 626 507 627 499 627 502 627 507 628 504 628 508 628 509 629 506 629 510 629 509 630 505 630 506 630 509 631 501 631 505 631 511 632 482 632 481 632 511 633 484 633 482 633 511 634 481 634 499 634 511 635 499 635 508 635 512 636 509 636 510 636 513 637 100 637 98 637 513 638 97 638 494 638 513 639 98 639 97 639 514 640 512 640 510 640 515 641 506 641 100 641 515 642 100 642 513 642 516 643 508 643 517 643 516 644 511 644 508 644 518 645 484 645 511 645 518 646 516 646 517 646 518 647 511 647 516 647 519 648 491 648 520 648 519 649 492 649 491 649 521 650 494 650 103 650 521 651 515 651 513 651 521 652 103 652 102 652 521 653 513 653 494 653 522 654 104 654 103 654 522 655 484 655 518 655 522 656 103 656 484 656 523 657 515 657 521 657 523 658 506 658 515 658 524 659 519 659 525 659 524 660 492 660 519 660 526 661 527 661 510 661 526 662 106 662 105 662 528 663 529 663 112 663 528 664 112 664 111 664 530 665 517 665 122 665 530 666 104 666 522 666 530 667 518 667 517 667 530 668 522 668 518 668 531 669 524 669 525 669 532 670 528 670 111 670 532 671 525 671 528 671 532 672 531 672 525 672 533 673 102 673 116 673 533 674 521 674 102 674 533 675 523 675 521 675 534 676 113 676 106 676 535 677 523 677 533 677 535 678 534 678 506 678 535 679 506 679 523 679 536 680 122 680 117 680 536 681 102 681 104 681 536 682 117 682 102 682 536 683 104 683 530 683 536 684 530 684 122 684 537 685 534 685 535 685 537 686 535 686 533 686 537 687 113 687 534 687 537 688 115 688 113 688 537 689 119 689 115 689 537 690 533 690 116 690 537 691 116 691 119 691 538 692 517 692 508 692 538 693 508 693 504 693 539 694 532 694 111 694 539 695 531 695 532 695 540 696 504 696 462 696 540 697 538 697 504 697 540 698 462 698 135 698 541 699 539 699 111 699 541 700 111 700 110 700 542 701 540 701 135 701 542 702 538 702 540 702 542 703 517 703 538 703 543 704 539 704 541 704 543 705 544 705 539 705 543 706 541 706 545 706 546 707 542 707 135 707 546 708 122 708 517 708 546 709 121 709 122 709 546 710 517 710 542 710 546 711 135 711 127 711 546 712 127 712 121 712 547 713 548 713 544 713 547 714 544 714 543 714 549 715 550 715 548 715 549 716 548 716 547 716 551 717 126 717 132 717 551 718 109 718 126 718 552 719 128 719 130 719 552 720 551 720 132 720 552 721 545 721 551 721 552 722 130 722 545 722 553 723 124 723 134 723 553 724 125 724 124 724 554 725 129 725 133 725 555 726 131 726 120 726 555 727 138 727 137 727 555 728 137 728 131 728 556 729 557 729 554 729 556 730 554 730 133 730 558 731 139 731 138 731 558 732 134 732 139 732 558 733 553 733 134 733 559 734 128 734 552 734 559 735 552 735 132 735 560 736 133 736 128 736 561 737 556 737 133 737 562 738 128 738 559 738 562 739 560 739 128 739 563 740 561 740 564 740 565 741 564 741 561 741 565 742 566 742 564 742 565 743 561 743 133 743 567 744 560 744 562 744 567 745 133 745 560 745 567 746 565 746 133 746 567 747 566 747 565 747 567 748 568 748 566 748 567 749 562 749 568 749 569 750 140 750 141 750 569 751 143 751 145 751 569 752 141 752 143 752 570 753 571 753 572 753 573 754 566 754 568 754 574 755 568 755 146 755 574 756 146 756 147 756 575 757 573 757 568 757 575 758 568 758 574 758 576 759 577 759 573 759 578 760 576 760 573 760 578 761 573 761 575 761 579 762 580 762 581 762 582 763 578 763 575 763 582 764 574 764 147 764 582 765 575 765 574 765 583 766 581 766 584 766 583 767 579 767 581 767 585 768 583 768 586 768 585 769 579 769 583 769 587 770 580 770 579 770 587 771 588 771 580 771 587 772 579 772 585 772 589 773 584 773 590 773 589 774 590 774 577 774 591 775 584 775 589 775 591 776 583 776 584 776 591 777 586 777 583 777 592 778 585 778 586 778 592 779 588 779 587 779 592 780 593 780 588 780 592 781 587 781 585 781 592 782 586 782 593 782 594 783 595 783 596 783 597 784 589 784 598 784 597 785 591 785 589 785 597 786 586 786 591 786 599 787 597 787 598 787 599 788 598 788 600 788 599 789 600 789 601 789 599 790 586 790 597 790 602 791 599 791 601 791 602 792 586 792 599 792 603 793 602 793 601 793 603 794 586 794 602 794 603 795 593 795 586 795 604 796 593 796 603 796 605 797 148 797 136 797 605 798 149 798 148 798 606 799 604 799 603 799 606 800 603 800 601 800 607 801 608 801 609 801 607 802 610 802 608 802 607 803 609 803 611 803 612 804 600 804 605 804 612 805 605 805 136 805 613 806 600 806 612 806 613 807 601 807 600 807 613 808 152 808 601 808 614 809 606 809 601 809 614 810 601 810 152 810 614 811 152 811 151 811 615 812 616 812 617 812 615 813 617 813 618 813 615 814 609 814 616 814 619 815 620 815 621 815 622 816 617 816 606 816 622 817 606 817 614 817 623 818 617 818 622 818 623 819 618 819 617 819 624 820 152 820 613 820 624 821 612 821 136 821 624 822 613 822 612 822 625 823 615 823 618 823 625 824 618 824 626 824 627 825 625 825 626 825 627 826 609 826 615 826 627 827 615 827 625 827 628 828 614 828 151 828 628 829 623 829 622 829 628 830 618 830 623 830 628 831 622 831 614 831 629 832 630 832 611 832 629 833 609 833 627 833 629 834 611 834 609 834 631 835 150 835 152 835 631 836 624 836 136 836 631 837 152 837 624 837 632 838 628 838 151 838 632 839 618 839 628 839 632 840 626 840 618 840 633 841 634 841 635 841 636 842 630 842 629 842 636 843 627 843 626 843 636 844 629 844 627 844 637 845 201 845 638 845 637 846 136 846 201 846 637 847 150 847 631 847 637 848 631 848 136 848 639 849 626 849 640 849 639 850 640 850 641 850 639 851 636 851 626 851 642 852 632 852 151 852 643 853 639 853 641 853 643 854 636 854 639 854 643 855 630 855 636 855 644 856 645 856 646 856 647 857 642 857 151 857 648 858 632 858 642 858 648 859 647 859 638 859 648 860 642 860 647 860 648 861 626 861 632 861 649 862 640 862 626 862 649 863 626 863 648 863 650 864 630 864 643 864 650 865 651 865 630 865 650 866 643 866 641 866 650 867 641 867 652 867 653 868 646 868 645 868 653 869 645 869 651 869 654 870 653 870 651 870 654 871 650 871 652 871 654 872 651 872 650 872 655 873 644 873 646 873 655 874 155 874 154 874 655 875 646 875 155 875 656 876 648 876 638 876 656 877 640 877 649 877 656 878 649 878 648 878 657 879 646 879 653 879 657 880 155 880 646 880 657 881 653 881 654 881 657 882 652 882 155 882 657 883 654 883 652 883 658 884 655 884 154 884 658 885 154 885 162 885 659 886 658 886 162 886 660 887 641 887 640 887 660 888 159 888 158 888 660 889 158 889 641 889 661 890 641 890 158 890 661 891 652 891 641 891 662 892 659 892 162 892 662 893 663 893 659 893 662 894 162 894 161 894 664 895 665 895 666 895 667 896 157 896 168 896 667 897 652 897 661 897 667 898 661 898 158 898 667 899 158 899 157 899 668 900 652 900 667 900 668 901 667 901 168 901 669 902 668 902 168 902 669 903 155 903 652 903 669 904 652 904 668 904 670 905 671 905 156 905 670 906 156 906 26 906 672 907 671 907 670 907 673 908 674 908 671 908 673 909 671 909 672 909 675 910 676 910 674 910 675 911 674 911 673 911 677 912 676 912 675 912 677 913 678 913 676 913 679 914 680 914 678 914 679 915 678 915 677 915 681 916 682 916 680 916 681 917 680 917 679 917 683 918 684 918 682 918 683 919 685 919 684 919 683 920 682 920 681 920 686 921 685 921 683 921 686 922 687 922 685 922 688 923 687 923 686 923 688 924 689 924 687 924 690 925 689 925 688 925 690 926 691 926 692 926 690 927 692 927 689 927 693 928 161 928 163 928 693 929 664 929 666 929 694 930 695 930 696 930 694 931 697 931 695 931 694 932 698 932 697 932 694 933 691 933 690 933 694 934 696 934 691 934 699 935 664 935 693 935 700 936 154 936 153 936 700 937 153 937 701 937 700 938 162 938 154 938 702 939 155 939 669 939 702 940 153 940 155 940 702 941 701 941 153 941 702 942 669 942 168 942 703 943 702 943 168 943 703 944 701 944 702 944 704 945 160 945 162 945 704 946 700 946 701 946 704 947 162 947 700 947 705 948 698 948 706 948 707 949 699 949 693 949 707 950 708 950 699 950 707 951 163 951 169 951 707 952 166 952 708 952 707 953 693 953 163 953 709 954 706 954 710 954 709 955 705 955 706 955 711 956 166 956 165 956 711 957 709 957 710 957 711 958 710 958 166 958 712 959 703 959 168 959 712 960 701 960 703 960 712 961 167 961 713 961 712 962 168 962 167 962 714 963 638 963 201 963 714 964 159 964 638 964 714 965 157 965 159 965 715 966 169 966 164 966 715 967 707 967 169 967 715 968 166 968 707 968 715 969 164 969 166 969 716 970 714 970 201 970 716 971 157 971 714 971 717 972 164 972 28 972 717 973 165 973 164 973 717 974 186 974 181 974 717 975 188 975 186 975 717 976 189 976 188 976 717 977 190 977 189 977 717 978 28 978 190 978 717 979 181 979 718 979 719 980 720 980 721 980 719 981 721 981 722 981 719 982 722 982 723 982 719 983 723 983 724 983 719 984 724 984 725 984 719 985 725 985 726 985 719 986 24 986 727 986 719 987 727 987 720 987 728 988 719 988 726 988 728 989 729 989 719 989 730 990 726 990 731 990 730 991 728 991 726 991 730 992 729 992 728 992 732 993 731 993 733 993 732 994 733 994 734 994 732 995 734 995 735 995 732 996 735 996 171 996 732 997 173 997 729 997 732 998 171 998 173 998 732 999 730 999 731 999 732 1000 729 1000 730 1000 736 1001 701 1001 712 1001 736 1002 712 1002 713 1002 736 1003 713 1003 198 1003 737 1004 704 1004 701 1004 737 1005 701 1005 736 1005 737 1006 736 1006 198 1006 738 1007 160 1007 704 1007 739 1008 201 1008 199 1008 739 1009 157 1009 716 1009 739 1010 716 1010 201 1010 739 1011 167 1011 157 1011 740 1012 719 1012 729 1012 740 1013 24 1013 719 1013 740 1014 25 1014 24 1014 741 1015 185 1015 187 1015 741 1016 176 1016 178 1016 741 1017 178 1017 179 1017 741 1018 180 1018 182 1018 741 1019 182 1019 183 1019 741 1020 183 1020 184 1020 741 1021 184 1021 185 1021 741 1022 179 1022 180 1022 742 1023 741 1023 187 1023 742 1024 191 1024 743 1024 742 1025 187 1025 191 1025 744 1026 739 1026 199 1026 744 1027 745 1027 713 1027 744 1028 199 1028 745 1028 744 1029 167 1029 739 1029 744 1030 713 1030 167 1030 746 1031 195 1031 194 1031 746 1032 203 1032 195 1032 746 1033 197 1033 203 1033 746 1034 738 1034 197 1034 746 1035 194 1035 193 1035 747 1036 748 1036 749 1036 747 1037 750 1037 748 1037 747 1038 751 1038 752 1038 747 1039 753 1039 751 1039 747 1040 754 1040 753 1040 747 1041 755 1041 754 1041 747 1042 756 1042 755 1042 747 1043 752 1043 750 1043 757 1044 756 1044 747 1044 758 1045 740 1045 749 1045 758 1046 759 1046 25 1046 758 1047 760 1047 759 1047 758 1048 761 1048 760 1048 758 1049 762 1049 761 1049 758 1050 25 1050 740 1050 763 1051 756 1051 757 1051 764 1052 758 1052 749 1052 764 1053 765 1053 762 1053 764 1054 762 1054 758 1054 766 1055 764 1055 749 1055 767 1056 763 1056 743 1056 767 1057 756 1057 763 1057 767 1058 743 1058 191 1058 768 1059 32 1059 33 1059 768 1060 35 1060 38 1060 768 1061 33 1061 35 1061 768 1062 756 1062 767 1062 768 1063 767 1063 191 1063 768 1064 191 1064 27 1064 768 1065 27 1065 30 1065 768 1066 30 1066 32 1066 769 1067 44 1067 41 1067 769 1068 192 1068 195 1068 769 1069 41 1069 192 1069 770 1070 196 1070 198 1070 770 1071 46 1071 196 1071 771 1072 772 1072 773 1072 771 1073 774 1073 772 1073 771 1074 775 1074 774 1074 776 1075 771 1075 756 1075 776 1076 775 1076 771 1076 777 1077 776 1077 756 1077 777 1078 778 1078 775 1078 777 1079 775 1079 776 1079 779 1080 778 1080 777 1080 779 1081 780 1081 778 1081 779 1082 781 1082 780 1082 779 1083 782 1083 781 1083 779 1084 783 1084 782 1084 779 1085 784 1085 783 1085 779 1086 38 1086 784 1086 779 1087 756 1087 768 1087 779 1088 768 1088 38 1088 779 1089 777 1089 756 1089 785 1090 212 1090 210 1090 785 1091 44 1091 769 1091 785 1092 195 1092 203 1092 785 1093 769 1093 195 1093 785 1094 203 1094 212 1094 785 1095 210 1095 207 1095 785 1096 207 1096 204 1096 785 1097 204 1097 44 1097 786 1098 45 1098 211 1098 786 1099 202 1099 45 1099 786 1100 212 1100 203 1100 786 1101 211 1101 212 1101 786 1102 203 1102 202 1102 787 1103 788 1103 789 1103 787 1104 219 1104 790 1104 787 1105 790 1105 791 1105 787 1106 791 1106 221 1106 787 1107 221 1107 220 1107 787 1108 789 1108 792 1108 787 1109 792 1109 54 1109 787 1110 54 1110 215 1110 787 1111 215 1111 219 1111 793 1112 226 1112 227 1112 793 1113 787 1113 220 1113 793 1114 788 1114 787 1114 793 1115 229 1115 231 1115 793 1116 224 1116 226 1116 793 1117 227 1117 229 1117 793 1118 220 1118 224 1118 794 1119 232 1119 795 1119 794 1120 795 1120 796 1120 794 1121 796 1121 797 1121 794 1122 231 1122 232 1122 798 1123 231 1123 794 1123 798 1124 794 1124 797 1124 799 1125 797 1125 800 1125 799 1126 800 1126 801 1126 799 1127 801 1127 802 1127 799 1128 802 1128 803 1128 799 1129 798 1129 797 1129 799 1130 231 1130 798 1130 804 1131 789 1131 788 1131 804 1132 233 1132 54 1132 804 1133 792 1133 789 1133 804 1134 235 1134 233 1134 804 1135 54 1135 792 1135 804 1136 788 1136 793 1136 804 1137 236 1137 235 1137 804 1138 238 1138 236 1138 805 1139 1 1139 242 1139 805 1140 4 1140 2 1140 805 1141 242 1141 241 1141 805 1142 241 1142 806 1142 805 1143 2 1143 1 1143 807 1144 6 1144 4 1144 807 1145 10 1145 8 1145 807 1146 4 1146 805 1146 807 1147 805 1147 806 1147 807 1148 8 1148 6 1148 808 1149 809 1149 810 1149 808 1150 810 1150 259 1150 808 1151 258 1151 291 1151 808 1152 259 1152 258 1152 811 1153 247 1153 246 1153 811 1154 264 1154 249 1154 811 1155 246 1155 248 1155 811 1156 250 1156 252 1156 811 1157 252 1157 253 1157 811 1158 255 1158 254 1158 811 1159 254 1159 257 1159 811 1160 249 1160 247 1160 811 1161 253 1161 255 1161 811 1162 248 1162 250 1162 812 1163 67 1163 263 1163 812 1164 70 1164 68 1164 812 1165 264 1165 811 1165 812 1166 68 1166 67 1166 812 1167 263 1167 264 1167 812 1168 76 1168 70 1168 813 1169 9 1169 300 1169 813 1170 300 1170 309 1170 814 1171 309 1171 317 1171 814 1172 317 1172 315 1172 814 1173 815 1173 813 1173 814 1174 813 1174 309 1174 814 1175 315 1175 815 1175 816 1176 75 1176 815 1176 816 1177 314 1177 73 1177 816 1178 73 1178 75 1178 816 1179 315 1179 314 1179 816 1180 815 1180 315 1180 817 1181 294 1181 295 1181 817 1182 59 1182 294 1182 818 1183 817 1183 295 1183 818 1184 295 1184 296 1184 819 1185 818 1185 296 1185 819 1186 296 1186 297 1186 820 1187 298 1187 299 1187 820 1188 297 1188 298 1188 820 1189 819 1189 297 1189 820 1190 299 1190 301 1190 820 1191 303 1191 304 1191 820 1192 301 1192 302 1192 820 1193 302 1193 303 1193 821 1194 290 1194 66 1194 821 1195 66 1195 69 1195 821 1196 69 1196 73 1196 821 1197 73 1197 323 1197 821 1198 308 1198 290 1198 822 1199 821 1199 323 1199 822 1200 323 1200 823 1200 824 1201 59 1201 825 1201 826 1202 323 1202 322 1202 826 1203 322 1203 324 1203 826 1204 827 1204 823 1204 826 1205 823 1205 323 1205 828 1206 826 1206 324 1206 828 1207 827 1207 826 1207 829 1208 338 1208 337 1208 830 1209 90 1209 329 1209 830 1210 329 1210 336 1210 830 1211 336 1211 348 1211 831 1212 347 1212 353 1212 831 1213 828 1213 324 1213 831 1214 827 1214 828 1214 831 1215 324 1215 347 1215 832 1216 831 1216 353 1216 832 1217 337 1217 339 1217 832 1218 827 1218 831 1218 832 1219 339 1219 827 1219 832 1220 352 1220 833 1220 832 1221 353 1221 352 1221 834 1222 835 1222 829 1222 836 1223 344 1223 90 1223 836 1224 90 1224 830 1224 836 1225 355 1225 344 1225 837 1226 836 1226 830 1226 837 1227 830 1227 348 1227 837 1228 355 1228 836 1228 837 1229 348 1229 360 1229 837 1230 360 1230 355 1230 838 1231 834 1231 833 1231 839 1232 348 1232 334 1232 839 1233 334 1233 331 1233 839 1234 332 1234 349 1234 839 1235 331 1235 332 1235 840 1236 839 1236 349 1236 840 1237 348 1237 839 1237 840 1238 349 1238 371 1238 841 1239 842 1239 838 1239 841 1240 838 1240 356 1240 843 1241 824 1241 835 1241 843 1242 59 1242 824 1242 843 1243 844 1243 59 1243 845 1244 840 1244 371 1244 845 1245 348 1245 840 1245 845 1246 360 1246 348 1246 846 1247 356 1247 362 1247 846 1248 842 1248 841 1248 846 1249 362 1249 367 1249 846 1250 841 1250 356 1250 847 1251 357 1251 351 1251 848 1252 371 1252 359 1252 848 1253 359 1253 360 1253 848 1254 845 1254 371 1254 848 1255 360 1255 845 1255 849 1256 846 1256 367 1256 849 1257 842 1257 846 1257 850 1258 351 1258 343 1258 850 1259 847 1259 351 1259 851 1260 355 1260 359 1260 851 1261 359 1261 370 1261 851 1262 850 1262 343 1262 851 1263 370 1263 372 1263 851 1264 372 1264 850 1264 851 1265 343 1265 355 1265 852 1266 849 1266 367 1266 852 1267 367 1267 853 1267 852 1268 842 1268 849 1268 854 1269 92 1269 381 1269 854 1270 357 1270 847 1270 854 1271 372 1271 92 1271 854 1272 847 1272 850 1272 854 1273 850 1273 372 1273 855 1274 852 1274 853 1274 856 1275 361 1275 357 1275 856 1276 369 1276 363 1276 856 1277 363 1277 361 1277 856 1278 854 1278 381 1278 856 1279 381 1279 369 1279 856 1280 357 1280 854 1280 857 1281 855 1281 858 1281 859 1282 844 1282 843 1282 859 1283 843 1283 860 1283 861 1284 367 1284 365 1284 861 1285 853 1285 367 1285 861 1286 376 1286 853 1286 862 1287 857 1287 858 1287 862 1288 379 1288 378 1288 863 1289 859 1289 378 1289 863 1290 844 1290 859 1290 864 1291 378 1291 377 1291 864 1292 863 1292 378 1292 865 1293 365 1293 366 1293 865 1294 386 1294 394 1294 865 1295 366 1295 380 1295 865 1296 380 1296 386 1296 866 1297 861 1297 365 1297 866 1298 376 1298 861 1298 866 1299 374 1299 376 1299 866 1300 388 1300 374 1300 866 1301 865 1301 394 1301 866 1302 365 1302 865 1302 866 1303 394 1303 388 1303 867 1304 868 1304 869 1304 867 1305 844 1305 868 1305 870 1306 373 1306 375 1306 871 1307 371 1307 397 1307 871 1308 397 1308 93 1308 871 1309 370 1309 371 1309 871 1310 93 1310 372 1310 871 1311 372 1311 370 1311 872 1312 870 1312 375 1312 872 1313 379 1313 870 1313 872 1314 377 1314 379 1314 873 1315 872 1315 375 1315 873 1316 377 1316 872 1316 873 1317 874 1317 377 1317 875 1318 869 1318 874 1318 876 1319 399 1319 405 1319 876 1320 375 1320 399 1320 876 1321 874 1321 873 1321 876 1322 873 1322 375 1322 877 1323 875 1323 404 1323 878 1324 867 1324 879 1324 878 1325 844 1325 867 1325 878 1326 459 1326 844 1326 880 1327 405 1327 399 1327 880 1328 398 1328 401 1328 880 1329 420 1329 403 1329 880 1330 403 1330 405 1330 880 1331 399 1331 398 1331 881 1332 882 1332 403 1332 881 1333 419 1333 882 1333 881 1334 403 1334 420 1334 881 1335 420 1335 419 1335 883 1336 884 1336 419 1336 883 1337 419 1337 418 1337 885 1338 418 1338 421 1338 885 1339 886 1339 883 1339 885 1340 883 1340 418 1340 887 1341 421 1341 429 1341 887 1342 885 1342 421 1342 887 1343 886 1343 885 1343 888 1344 880 1344 401 1344 888 1345 417 1345 424 1345 888 1346 401 1346 417 1346 888 1347 424 1347 437 1347 888 1348 437 1348 436 1348 889 1349 409 1349 407 1349 889 1350 413 1350 409 1350 889 1351 407 1351 425 1351 890 1352 427 1352 420 1352 890 1353 436 1353 427 1353 890 1354 420 1354 880 1354 890 1355 880 1355 888 1355 890 1356 888 1356 436 1356 891 1357 439 1357 96 1357 891 1358 414 1358 413 1358 891 1359 96 1359 414 1359 891 1360 889 1360 425 1360 891 1361 413 1361 889 1361 891 1362 425 1362 433 1362 891 1363 433 1363 439 1363 892 1364 887 1364 429 1364 892 1365 893 1365 886 1365 892 1366 886 1366 887 1366 894 1367 445 1367 444 1367 894 1368 444 1368 893 1368 894 1369 893 1369 892 1369 895 1370 878 1370 893 1370 895 1371 459 1371 878 1371 895 1372 893 1372 444 1372 896 1373 435 1373 437 1373 896 1374 446 1374 435 1374 896 1375 95 1375 446 1375 896 1376 424 1376 96 1376 896 1377 96 1377 95 1377 896 1378 437 1378 424 1378 897 1379 452 1379 445 1379 898 1380 459 1380 895 1380 899 1381 897 1381 430 1381 899 1382 430 1382 448 1382 899 1383 448 1383 450 1383 899 1384 452 1384 897 1384 900 1385 452 1385 899 1385 900 1386 899 1386 450 1386 900 1387 453 1387 452 1387 901 1388 902 1388 903 1388 901 1389 460 1389 902 1389 901 1390 903 1390 904 1390 905 1391 460 1391 901 1391 905 1392 901 1392 904 1392 906 1393 905 1393 904 1393 906 1394 460 1394 905 1394 906 1395 457 1395 456 1395 906 1396 456 1396 460 1396 907 1397 900 1397 450 1397 907 1398 908 1398 453 1398 907 1399 453 1399 900 1399 907 1400 479 1400 485 1400 907 1401 450 1401 479 1401 909 1402 94 1402 461 1402 909 1403 468 1403 95 1403 909 1404 462 1404 468 1404 909 1405 95 1405 94 1405 909 1406 461 1406 462 1406 910 1407 903 1407 908 1407 910 1408 904 1408 903 1408 910 1409 470 1409 469 1409 910 1410 469 1410 904 1410 911 1411 908 1411 907 1411 911 1412 907 1412 485 1412 911 1413 470 1413 910 1413 911 1414 485 1414 470 1414 911 1415 910 1415 908 1415 912 1416 906 1416 904 1416 912 1417 457 1417 906 1417 912 1418 904 1418 469 1418 912 1419 469 1419 473 1419 913 1420 457 1420 912 1420 913 1421 912 1421 473 1421 913 1422 473 1422 477 1422 914 1423 498 1423 458 1423 914 1424 458 1424 457 1424 914 1425 913 1425 477 1425 914 1426 457 1426 913 1426 915 1427 488 1427 490 1427 915 1428 477 1428 471 1428 916 1429 99 1429 488 1429 916 1430 470 1430 487 1430 916 1431 487 1431 495 1431 916 1432 471 1432 470 1432 916 1433 495 1433 99 1433 916 1434 488 1434 915 1434 916 1435 915 1435 471 1435 917 1436 503 1436 500 1436 917 1437 466 1437 503 1437 917 1438 500 1438 481 1438 917 1439 481 1439 472 1439 917 1440 475 1440 466 1440 917 1441 472 1441 475 1441 918 1442 486 1442 462 1442 918 1443 462 1443 504 1443 918 1444 504 1444 503 1444 918 1445 503 1445 466 1445 918 1446 466 1446 486 1446 919 1447 498 1447 497 1447 919 1448 458 1448 498 1448 919 1449 491 1449 458 1449 920 1450 496 1450 501 1450 920 1451 501 1451 509 1451 920 1452 497 1452 496 1452 921 1453 509 1453 512 1453 921 1454 920 1454 509 1454 921 1455 497 1455 920 1455 922 1456 520 1456 491 1456 923 1457 922 1457 924 1457 923 1458 520 1458 922 1458 923 1459 529 1459 520 1459 925 1460 529 1460 528 1460 925 1461 519 1461 520 1461 925 1462 520 1462 529 1462 926 1463 528 1463 525 1463 926 1464 925 1464 528 1464 926 1465 525 1465 519 1465 926 1466 519 1466 925 1466 927 1467 526 1467 510 1467 927 1468 106 1468 526 1468 927 1469 534 1469 106 1469 927 1470 506 1470 534 1470 927 1471 510 1471 506 1471 928 1472 526 1472 105 1472 928 1473 527 1473 526 1473 928 1474 108 1474 112 1474 928 1475 105 1475 108 1475 928 1476 924 1476 527 1476 929 1477 524 1477 531 1477 929 1478 492 1478 524 1478 930 1479 929 1479 531 1479 931 1480 492 1480 932 1480 931 1481 550 1481 933 1481 934 1482 545 1482 541 1482 934 1483 541 1483 110 1483 934 1484 110 1484 109 1484 934 1485 551 1485 545 1485 934 1486 109 1486 551 1486 935 1487 933 1487 550 1487 935 1488 550 1488 549 1488 936 1489 130 1489 129 1489 936 1490 543 1490 545 1490 936 1491 547 1491 543 1491 936 1492 545 1492 130 1492 937 1493 933 1493 935 1493 937 1494 938 1494 933 1494 939 1495 547 1495 936 1495 939 1496 936 1496 129 1496 939 1497 549 1497 547 1497 940 1498 558 1498 138 1498 940 1499 555 1499 120 1499 940 1500 120 1500 125 1500 940 1501 125 1501 553 1501 940 1502 138 1502 555 1502 940 1503 553 1503 558 1503 941 1504 492 1504 931 1504 941 1505 931 1505 933 1505 941 1506 942 1506 492 1506 943 1507 938 1507 937 1507 943 1508 937 1508 557 1508 943 1509 557 1509 556 1509 944 1510 569 1510 145 1510 944 1511 559 1511 132 1511 944 1512 145 1512 559 1512 944 1513 132 1513 131 1513 945 1514 561 1514 563 1514 945 1515 943 1515 556 1515 945 1516 938 1516 943 1516 945 1517 556 1517 561 1517 946 1518 945 1518 563 1518 946 1519 938 1519 945 1519 947 1520 946 1520 563 1520 947 1521 938 1521 946 1521 948 1522 942 1522 941 1522 948 1523 941 1523 949 1523 950 1524 146 1524 568 1524 950 1525 568 1525 562 1525 950 1526 144 1526 146 1526 950 1527 145 1527 144 1527 950 1528 559 1528 145 1528 950 1529 562 1529 559 1529 951 1530 952 1530 563 1530 951 1531 572 1531 952 1531 951 1532 563 1532 564 1532 951 1533 564 1533 572 1533 953 1534 942 1534 948 1534 954 1535 955 1535 956 1535 954 1536 957 1536 571 1536 958 1537 942 1537 959 1537 960 1538 570 1538 572 1538 960 1539 581 1539 570 1539 960 1540 584 1540 581 1540 960 1541 572 1541 564 1541 961 1542 564 1542 566 1542 961 1543 590 1543 584 1543 961 1544 577 1544 590 1544 961 1545 573 1545 577 1545 961 1546 566 1546 573 1546 961 1547 960 1547 564 1547 961 1548 584 1548 960 1548 962 1549 570 1549 581 1549 962 1550 963 1550 955 1550 962 1551 581 1551 580 1551 964 1552 965 1552 963 1552 964 1553 963 1553 962 1553 964 1554 962 1554 580 1554 966 1555 580 1555 588 1555 966 1556 588 1556 596 1556 966 1557 965 1557 964 1557 966 1558 964 1558 580 1558 967 1559 968 1559 965 1559 969 1560 967 1560 595 1560 970 1561 958 1561 971 1561 970 1562 942 1562 958 1562 970 1563 972 1563 942 1563 973 1564 578 1564 582 1564 973 1565 589 1565 577 1565 973 1566 577 1566 576 1566 973 1567 576 1567 578 1567 973 1568 582 1568 147 1568 973 1569 147 1569 149 1569 973 1570 149 1570 598 1570 973 1571 598 1571 589 1571 974 1572 975 1572 976 1572 977 1573 594 1573 596 1573 977 1574 596 1574 588 1574 977 1575 588 1575 593 1575 978 1576 974 1576 976 1576 978 1577 979 1577 974 1577 980 1578 976 1578 975 1578 980 1579 977 1579 981 1579 980 1580 594 1580 977 1580 980 1581 975 1581 594 1581 982 1582 976 1582 983 1582 982 1583 983 1583 608 1583 982 1584 979 1584 978 1584 982 1585 978 1585 976 1585 984 1586 608 1586 610 1586 984 1587 982 1587 608 1587 984 1588 979 1588 982 1588 985 1589 149 1589 605 1589 985 1590 605 1590 600 1590 985 1591 598 1591 149 1591 985 1592 600 1592 598 1592 986 1593 977 1593 593 1593 986 1594 604 1594 606 1594 986 1595 606 1595 617 1595 986 1596 617 1596 981 1596 986 1597 593 1597 604 1597 986 1598 981 1598 977 1598 987 1599 983 1599 976 1599 987 1600 617 1600 616 1600 987 1601 981 1601 617 1601 987 1602 976 1602 980 1602 987 1603 980 1603 981 1603 988 1604 987 1604 616 1604 988 1605 608 1605 983 1605 988 1606 983 1606 987 1606 988 1607 609 1607 608 1607 988 1608 616 1608 609 1608 989 1609 979 1609 984 1609 989 1610 990 1610 979 1610 989 1611 984 1611 610 1611 991 1612 990 1612 989 1612 991 1613 621 1613 620 1613 992 1614 970 1614 990 1614 992 1615 972 1615 970 1615 993 1616 972 1616 992 1616 994 1617 995 1617 634 1617 996 1618 972 1618 994 1618 997 1619 611 1619 630 1619 997 1620 630 1620 651 1620 997 1621 651 1621 645 1621 997 1622 998 1622 611 1622 999 1623 997 1623 645 1623 999 1624 635 1624 1000 1624 999 1625 1000 1625 997 1625 999 1626 633 1626 635 1626 1001 1627 633 1627 1002 1627 1001 1628 634 1628 633 1628 1003 1629 644 1629 1002 1629 1003 1630 645 1630 644 1630 1003 1631 633 1631 999 1631 1003 1632 999 1632 645 1632 1003 1633 1002 1633 633 1633 1004 1634 1005 1634 634 1634 1004 1635 634 1635 1001 1635 1004 1636 1001 1636 1002 1636 1006 1637 972 1637 996 1637 1006 1638 26 1638 972 1638 1006 1639 996 1639 1005 1639 1007 1640 151 1640 150 1640 1007 1641 637 1641 638 1641 1007 1642 638 1642 647 1642 1007 1643 150 1643 637 1643 1007 1644 647 1644 151 1644 1008 1645 658 1645 659 1645 1009 1646 1010 1646 1008 1646 1009 1647 659 1647 663 1647 1009 1648 1008 1648 659 1648 1011 1649 656 1649 638 1649 1011 1650 640 1650 656 1650 1011 1651 638 1651 159 1651 1011 1652 660 1652 640 1652 1011 1653 159 1653 660 1653 1012 1654 1013 1654 1010 1654 1012 1655 663 1655 666 1655 1012 1656 1010 1656 1009 1656 1012 1657 1009 1657 663 1657 1014 1658 1006 1658 1013 1658 1014 1659 26 1659 1006 1659 1015 1660 1013 1660 1012 1660 1015 1661 666 1661 665 1661 1015 1662 1012 1662 666 1662 1016 1663 26 1663 1014 1663 1017 1664 672 1664 670 1664 1017 1665 670 1665 26 1665 1017 1666 673 1666 672 1666 1018 1667 673 1667 1017 1667 1018 1668 675 1668 673 1668 1018 1669 677 1669 675 1669 1019 1670 679 1670 677 1670 1019 1671 681 1671 679 1671 1019 1672 683 1672 681 1672 1019 1673 688 1673 686 1673 1019 1674 686 1674 683 1674 1019 1675 677 1675 1018 1675 1020 1676 161 1676 693 1676 1020 1677 693 1677 666 1677 1020 1678 663 1678 662 1678 1020 1679 662 1679 161 1679 1020 1680 666 1680 663 1680 1021 1681 699 1681 708 1681 1022 1682 698 1682 694 1682 1022 1683 706 1683 698 1683 1022 1684 710 1684 706 1684 1022 1685 1021 1685 708 1685 1022 1686 708 1686 166 1686 1022 1687 166 1687 710 1687 1023 1688 696 1688 695 1688 1023 1689 695 1689 697 1689 1023 1690 697 1690 698 1690 1023 1691 692 1691 691 1691 1023 1692 689 1692 692 1692 1023 1693 698 1693 705 1693 1023 1694 691 1694 696 1694 1024 1695 671 1695 674 1695 1024 1696 156 1696 671 1696 1024 1697 678 1697 680 1697 1024 1698 689 1698 1023 1698 1024 1699 674 1699 676 1699 1024 1700 680 1700 682 1700 1024 1701 676 1701 678 1701 1024 1702 687 1702 689 1702 1024 1703 685 1703 687 1703 1024 1704 682 1704 684 1704 1024 1705 684 1705 685 1705 1025 1706 1024 1706 1023 1706 1026 1707 1025 1707 1023 1707 1027 1708 1026 1708 1023 1708 1028 1709 1027 1709 1023 1709 1029 1710 1028 1710 1023 1710 1030 1711 1029 1711 1023 1711 1031 1712 1030 1712 1023 1712 1031 1713 1023 1713 705 1713 1032 1714 733 1714 731 1714 1032 1715 734 1715 733 1715 1033 1716 734 1716 1032 1716 1034 1717 735 1717 734 1717 1034 1718 734 1718 1033 1718 1035 1719 735 1719 1034 1719 1036 1720 735 1720 1035 1720 1036 1721 171 1721 735 1721 1036 1722 172 1722 171 1722 1036 1723 177 1723 172 1723 1036 1724 181 1724 177 1724 1036 1725 718 1725 181 1725 1037 1726 738 1726 746 1726 1037 1727 746 1727 193 1727 1037 1728 160 1728 738 1728 1037 1729 169 1729 163 1729 1037 1730 163 1730 160 1730 1037 1731 193 1731 169 1731 1038 1732 738 1732 704 1732 1038 1733 704 1733 737 1733 1038 1734 198 1734 197 1734 1038 1735 737 1735 198 1735 1038 1736 197 1736 738 1736 1039 1737 740 1737 729 1737 1039 1738 729 1738 173 1738 1039 1739 173 1739 170 1739 1039 1740 174 1740 175 1740 1039 1741 175 1741 176 1741 1039 1742 170 1742 174 1742 1039 1743 176 1743 741 1743 1040 1744 747 1744 749 1744 1040 1745 749 1745 740 1745 1040 1746 740 1746 1039 1746 1041 1747 756 1747 771 1747 1041 1748 749 1748 748 1748 1041 1749 748 1749 750 1749 1041 1750 752 1750 751 1750 1041 1751 751 1751 753 1751 1041 1752 753 1752 754 1752 1041 1753 754 1753 755 1753 1041 1754 755 1754 756 1754 1041 1755 771 1755 773 1755 1041 1756 1042 1756 1043 1756 1041 1757 773 1757 1042 1757 1041 1758 750 1758 752 1758 1041 1759 766 1759 749 1759 1044 1760 766 1760 1041 1760 1044 1761 764 1761 766 1761 1044 1762 765 1762 764 1762 1044 1763 1045 1763 765 1763 1044 1764 1046 1764 1045 1764 1044 1765 1047 1765 1046 1765 1044 1766 1048 1766 1047 1766 1044 1767 1049 1767 1048 1767 1044 1768 1043 1768 1049 1768 1044 1769 1041 1769 1043 1769 1050 1770 47 1770 46 1770 1050 1771 199 1771 47 1771 1050 1772 713 1772 745 1772 1050 1773 745 1773 199 1773 1050 1774 46 1774 770 1774 1050 1775 770 1775 198 1775 1050 1776 198 1776 713 1776 1051 1777 793 1777 231 1777 1051 1778 804 1778 793 1778 1051 1779 799 1779 806 1779 1051 1780 231 1780 799 1780 1052 1781 804 1781 1051 1781 1052 1782 806 1782 241 1782 1052 1783 238 1783 804 1783 1052 1784 240 1784 238 1784 1052 1785 241 1785 240 1785 1052 1786 1051 1786 806 1786 1053 1787 803 1787 1054 1787 1053 1788 1054 1788 1055 1788 1053 1789 1055 1789 1056 1789 1053 1790 1056 1790 1057 1790 1053 1791 1057 1791 809 1791 1053 1792 799 1792 803 1792 1053 1793 806 1793 799 1793 1053 1794 809 1794 808 1794 1058 1795 1053 1795 808 1795 1059 1796 16 1796 14 1796 1059 1797 12 1797 10 1797 1059 1798 14 1798 12 1798 1059 1799 10 1799 807 1799 1059 1800 807 1800 806 1800 1060 1801 16 1801 1059 1801 1060 1802 18 1802 16 1802 1060 1803 20 1803 18 1803 1061 1804 812 1804 811 1804 1061 1805 9 1805 813 1805 1061 1806 257 1806 256 1806 1061 1807 256 1807 0 1807 1061 1808 5 1808 7 1808 1061 1809 7 1809 9 1809 1061 1810 3 1810 5 1810 1061 1811 0 1811 3 1811 1061 1812 811 1812 257 1812 1062 1813 815 1813 75 1813 1062 1814 1061 1814 813 1814 1062 1815 813 1815 815 1815 1062 1816 75 1816 74 1816 1062 1817 74 1817 76 1817 1062 1818 76 1818 812 1818 1062 1819 812 1819 1061 1819 1063 1820 308 1820 821 1820 1063 1821 1064 1821 820 1821 1063 1822 821 1822 822 1822 1063 1823 304 1823 305 1823 1063 1824 820 1824 304 1824 1063 1825 305 1825 306 1825 1063 1826 306 1826 307 1826 1063 1827 307 1827 308 1827 1065 1828 819 1828 820 1828 1065 1829 817 1829 818 1829 1065 1830 820 1830 1064 1830 1065 1831 59 1831 817 1831 1065 1832 818 1832 819 1832 1066 1833 1065 1833 1064 1833 1066 1834 59 1834 1065 1834 1066 1835 1064 1835 1067 1835 1066 1836 1067 1836 825 1836 1066 1837 825 1837 59 1837 1068 1838 1063 1838 822 1838 1068 1839 822 1839 823 1839 1068 1840 1064 1840 1063 1840 1069 1841 1067 1841 1064 1841 1069 1842 1064 1842 1068 1842 1069 1843 1068 1843 823 1843 1070 1844 825 1844 1067 1844 1070 1845 1067 1845 1069 1845 1070 1846 824 1846 825 1846 1070 1847 338 1847 824 1847 1070 1848 339 1848 338 1848 1071 1849 835 1849 824 1849 1071 1850 824 1850 338 1850 1071 1851 338 1851 829 1851 1071 1852 829 1852 835 1852 1072 1853 833 1853 834 1853 1072 1854 829 1854 337 1854 1072 1855 834 1855 829 1855 1072 1856 337 1856 832 1856 1072 1857 832 1857 833 1857 1073 1858 835 1858 834 1858 1073 1859 834 1859 838 1859 1073 1860 838 1860 842 1860 1074 1861 838 1861 833 1861 1074 1862 356 1862 838 1862 1074 1863 833 1863 352 1863 1074 1864 352 1864 356 1864 1075 1865 843 1865 835 1865 1075 1866 1073 1866 842 1866 1075 1867 835 1867 1073 1867 1076 1868 852 1868 855 1868 1076 1869 1075 1869 842 1869 1076 1870 842 1870 852 1870 1077 1871 860 1871 843 1871 1077 1872 1076 1872 855 1872 1078 1873 1077 1873 855 1873 1078 1874 857 1874 860 1874 1078 1875 855 1875 857 1875 1078 1876 860 1876 1077 1876 1079 1877 860 1877 857 1877 1079 1878 857 1878 862 1878 1080 1879 373 1879 858 1879 1080 1880 858 1880 855 1880 1080 1881 853 1881 376 1881 1080 1882 376 1882 373 1882 1080 1883 855 1883 853 1883 1081 1884 378 1884 859 1884 1081 1885 859 1885 860 1885 1081 1886 862 1886 378 1886 1081 1887 860 1887 1079 1887 1081 1888 1079 1888 862 1888 1082 1889 858 1889 373 1889 1082 1890 862 1890 858 1890 1082 1891 379 1891 862 1891 1082 1892 870 1892 379 1892 1082 1893 373 1893 870 1893 1083 1894 844 1894 863 1894 1083 1895 863 1895 864 1895 1083 1896 864 1896 868 1896 1083 1897 868 1897 844 1897 1084 1898 864 1898 377 1898 1084 1899 868 1899 864 1899 1084 1900 869 1900 868 1900 1084 1901 874 1901 869 1901 1084 1902 377 1902 874 1902 1085 1903 867 1903 869 1903 1085 1904 869 1904 875 1904 1086 1905 879 1905 867 1905 1086 1906 867 1906 1085 1906 1086 1907 877 1907 879 1907 1086 1908 875 1908 877 1908 1086 1909 1085 1909 875 1909 1087 1910 875 1910 874 1910 1087 1911 874 1911 876 1911 1087 1912 876 1912 405 1912 1088 1913 405 1913 404 1913 1088 1914 1087 1914 405 1914 1088 1915 875 1915 1087 1915 1088 1916 404 1916 875 1916 1089 1917 879 1917 877 1917 1090 1918 879 1918 1089 1918 1090 1919 878 1919 879 1919 1090 1920 1089 1920 1091 1920 1092 1921 404 1921 403 1921 1092 1922 403 1922 882 1922 1092 1923 882 1923 1091 1923 1093 1924 886 1924 893 1924 1093 1925 893 1925 878 1925 1094 1926 892 1926 429 1926 1094 1927 894 1927 892 1927 1095 1928 1094 1928 897 1928 1095 1929 894 1929 1094 1929 1095 1930 897 1930 445 1930 1095 1931 445 1931 894 1931 1096 1932 444 1932 443 1932 1096 1933 895 1933 444 1933 1097 1934 898 1934 895 1934 1097 1935 1096 1935 443 1935 1097 1936 1098 1936 898 1936 1097 1937 895 1937 1096 1937 1099 1938 459 1938 898 1938 1099 1939 898 1939 1098 1939 1099 1940 1098 1940 1100 1940 1101 1941 459 1941 1099 1941 1101 1942 1099 1942 1100 1942 1101 1943 1100 1943 902 1943 1102 1944 459 1944 1101 1944 1102 1945 902 1945 460 1945 1102 1946 1101 1946 902 1946 1102 1947 460 1947 459 1947 1103 1948 443 1948 453 1948 1103 1949 1097 1949 443 1949 1103 1950 1098 1950 1097 1950 1103 1951 1100 1951 1098 1951 1104 1952 1100 1952 1103 1952 1104 1953 1103 1953 453 1953 1105 1954 1104 1954 453 1954 1105 1955 908 1955 903 1955 1105 1956 453 1956 908 1956 1106 1957 914 1957 477 1957 1106 1958 477 1958 915 1958 1106 1959 915 1959 490 1959 1106 1960 498 1960 914 1960 1106 1961 490 1961 498 1961 1107 1962 922 1962 491 1962 1107 1963 1108 1963 922 1963 1107 1964 491 1964 919 1964 1107 1965 919 1965 1108 1965 1109 1966 921 1966 512 1966 1109 1967 497 1967 921 1967 1109 1968 512 1968 514 1968 1109 1969 1108 1969 919 1969 1109 1970 919 1970 497 1970 1110 1971 1109 1971 514 1971 1110 1972 1108 1972 1109 1972 1110 1973 922 1973 1108 1973 1110 1974 924 1974 922 1974 1111 1975 112 1975 529 1975 1111 1976 928 1976 112 1976 1111 1977 923 1977 924 1977 1111 1978 529 1978 923 1978 1111 1979 924 1979 928 1979 1112 1980 929 1980 930 1980 1112 1981 492 1981 929 1981 1113 1982 1114 1982 932 1982 1113 1983 932 1983 492 1983 1113 1984 930 1984 1114 1984 1113 1985 492 1985 1112 1985 1113 1986 1112 1986 930 1986 1115 1987 531 1987 539 1987 1115 1988 539 1988 544 1988 1115 1989 930 1989 531 1989 1116 1990 1114 1990 930 1990 1116 1991 930 1991 1115 1991 1116 1992 1115 1992 544 1992 1117 1993 1114 1993 1116 1993 1117 1994 544 1994 548 1994 1117 1995 1116 1995 544 1995 1118 1996 931 1996 932 1996 1118 1997 932 1997 1114 1997 1118 1998 1114 1998 1117 1998 1118 1999 548 1999 550 1999 1118 2000 1117 2000 548 2000 1118 2001 550 2001 931 2001 1119 2002 549 2002 939 2002 1119 2003 935 2003 549 2003 1120 2004 937 2004 935 2004 1120 2005 557 2005 937 2005 1120 2006 1119 2006 939 2006 1120 2007 935 2007 1119 2007 1121 2008 933 2008 938 2008 1121 2009 941 2009 933 2009 1122 2010 569 2010 944 2010 1122 2011 137 2011 140 2011 1122 2012 140 2012 569 2012 1122 2013 944 2013 131 2013 1122 2014 131 2014 137 2014 1123 2015 1121 2015 938 2015 1123 2016 938 2016 947 2016 1124 2017 949 2017 941 2017 1125 2018 949 2018 1124 2018 1125 2019 957 2019 949 2019 1125 2020 1124 2020 1126 2020 1127 2021 948 2021 949 2021 1127 2022 949 2022 957 2022 1127 2023 957 2023 954 2023 1128 2024 952 2024 572 2024 1128 2025 572 2025 571 2025 1129 2026 953 2026 948 2026 1129 2027 956 2027 953 2027 1130 2028 1129 2028 948 2028 1130 2029 954 2029 956 2029 1130 2030 948 2030 1127 2030 1130 2031 1127 2031 954 2031 1130 2032 956 2032 1129 2032 1131 2033 942 2033 953 2033 1131 2034 953 2034 1132 2034 1131 2035 959 2035 942 2035 1131 2036 1132 2036 959 2036 1133 2037 955 2037 954 2037 1133 2038 962 2038 955 2038 1133 2039 571 2039 570 2039 1133 2040 570 2040 962 2040 1133 2041 954 2041 571 2041 1134 2042 956 2042 955 2042 1134 2043 955 2043 963 2043 1135 2044 1134 2044 963 2044 1135 2045 963 2045 965 2045 1135 2046 965 2046 968 2046 1135 2047 959 2047 1132 2047 1135 2048 968 2048 959 2048 1136 2049 958 2049 959 2049 1136 2050 959 2050 968 2050 1137 2051 958 2051 1136 2051 1137 2052 968 2052 967 2052 1137 2053 1136 2053 968 2053 1138 2054 958 2054 1137 2054 1138 2055 1137 2055 967 2055 1138 2056 971 2056 958 2056 1138 2057 969 2057 971 2057 1138 2058 967 2058 969 2058 1139 2059 967 2059 965 2059 1139 2060 596 2060 595 2060 1139 2061 965 2061 966 2061 1139 2062 966 2062 596 2062 1139 2063 595 2063 967 2063 1140 2064 971 2064 969 2064 1141 2065 1140 2065 1142 2065 1141 2066 971 2066 1140 2066 1141 2067 970 2067 971 2067 1143 2068 595 2068 594 2068 1143 2069 594 2069 975 2069 1144 2070 974 2070 979 2070 1145 2071 1144 2071 979 2071 1145 2072 990 2072 970 2072 1145 2073 979 2073 990 2073 1146 2074 989 2074 610 2074 1146 2075 991 2075 989 2075 1147 2076 990 2076 991 2076 1147 2077 991 2077 620 2077 1147 2078 992 2078 990 2078 1148 2079 991 2079 1146 2079 1148 2080 621 2080 991 2080 1148 2081 1146 2081 998 2081 1148 2082 998 2082 621 2082 1149 2083 1150 2083 993 2083 1149 2084 620 2084 619 2084 1151 2085 972 2085 993 2085 1151 2086 993 2086 1150 2086 1152 2087 1150 2087 1149 2087 1152 2088 1149 2088 619 2088 1153 2089 972 2089 1151 2089 1153 2090 995 2090 994 2090 1153 2091 994 2091 972 2091 1154 2092 619 2092 1000 2092 1154 2093 1152 2093 619 2093 1154 2094 1150 2094 1152 2094 1154 2095 1000 2095 635 2095 1155 2096 1150 2096 1154 2096 1155 2097 1154 2097 635 2097 1156 2098 1000 2098 619 2098 1156 2099 621 2099 998 2099 1156 2100 619 2100 621 2100 1156 2101 998 2101 997 2101 1156 2102 997 2102 1000 2102 1157 2103 634 2103 995 2103 1157 2104 995 2104 1155 2104 1157 2105 1155 2105 635 2105 1157 2106 635 2106 634 2106 1158 2107 634 2107 1005 2107 1158 2108 996 2108 994 2108 1158 2109 994 2109 634 2109 1158 2110 1005 2110 996 2110 1159 2111 1006 2111 1005 2111 1160 2112 1004 2112 1002 2112 1161 2113 1010 2113 1013 2113 1161 2114 1013 2114 1006 2114 1161 2115 1006 2115 1159 2115 1161 2116 1159 2116 1162 2116 1163 2117 1008 2117 1010 2117 1163 2118 1010 2118 1161 2118 1163 2119 1161 2119 1162 2119 1163 2120 1162 2120 1160 2120 1164 2121 1015 2121 665 2121 1164 2122 1016 2122 1014 2122 1164 2123 1014 2123 1013 2123 1164 2124 1013 2124 1015 2124 1165 2125 1016 2125 1166 2125 1165 2126 26 2126 1016 2126 1165 2127 1166 2127 1167 2127 1168 2128 1018 2128 1017 2128 1168 2129 1017 2129 26 2129 1168 2130 1167 2130 1019 2130 1168 2131 1019 2131 1018 2131 1168 2132 26 2132 1165 2132 1168 2133 1165 2133 1167 2133 1169 2134 1166 2134 1016 2134 1169 2135 1164 2135 665 2135 1169 2136 665 2136 664 2136 1169 2137 1016 2137 1164 2137 1170 2138 1166 2138 1169 2138 1170 2139 664 2139 699 2139 1170 2140 1167 2140 1166 2140 1170 2141 1169 2141 664 2141 1171 2142 694 2142 690 2142 1171 2143 688 2143 1019 2143 1171 2144 1019 2144 1167 2144 1171 2145 1022 2145 694 2145 1171 2146 1021 2146 1022 2146 1171 2147 690 2147 688 2147 1172 2148 699 2148 1021 2148 1172 2149 1170 2149 699 2149 1172 2150 1167 2150 1170 2150 1172 2151 1171 2151 1167 2151 1172 2152 1021 2152 1171 2152 1173 2153 24 2153 156 2153 1173 2154 156 2154 1024 2154 1174 2155 165 2155 717 2155 1174 2156 705 2156 709 2156 1174 2157 711 2157 165 2157 1174 2158 709 2158 711 2158 1174 2159 718 2159 1031 2159 1174 2160 1031 2160 705 2160 1174 2161 717 2161 718 2161 1175 2162 721 2162 720 2162 1175 2163 722 2163 721 2163 1175 2164 723 2164 722 2164 1175 2165 724 2165 723 2165 1175 2166 725 2166 724 2166 1175 2167 726 2167 725 2167 1175 2168 731 2168 726 2168 1175 2169 1032 2169 731 2169 1175 2170 24 2170 1173 2170 1175 2171 1173 2171 1032 2171 1175 2172 727 2172 24 2172 1175 2173 720 2173 727 2173 1176 2174 742 2174 743 2174 1176 2175 763 2175 757 2175 1176 2176 743 2176 763 2176 1176 2177 747 2177 1040 2177 1176 2178 1039 2178 741 2178 1176 2179 1040 2179 1039 2179 1176 2180 757 2180 747 2180 1176 2181 741 2181 742 2181 1177 2182 1060 2182 1059 2182 1177 2183 1059 2183 806 2183 1177 2184 1053 2184 1058 2184 1177 2185 806 2185 1053 2185 1177 2186 1058 2186 1060 2186 1178 2187 20 2187 1060 2187 1178 2188 291 2188 293 2188 1178 2189 21 2189 20 2189 1178 2190 808 2190 291 2190 1178 2191 1060 2191 1058 2191 1178 2192 23 2192 21 2192 1178 2193 293 2193 23 2193 1178 2194 1058 2194 808 2194 1179 2195 1070 2195 1069 2195 1179 2196 1069 2196 823 2196 1179 2197 339 2197 1070 2197 1179 2198 823 2198 827 2198 1179 2199 827 2199 339 2199 1180 2200 1075 2200 1076 2200 1180 2201 1077 2201 843 2201 1180 2202 1076 2202 1077 2202 1180 2203 843 2203 1075 2203 1181 2204 404 2204 1092 2204 1181 2205 877 2205 404 2205 1181 2206 1089 2206 877 2206 1181 2207 1091 2207 1089 2207 1181 2208 1092 2208 1091 2208 1182 2209 1093 2209 878 2209 1182 2210 878 2210 1090 2210 1182 2211 1090 2211 1183 2211 1182 2212 1183 2212 1093 2212 1184 2213 1090 2213 1091 2213 1184 2214 1183 2214 1090 2214 1185 2215 886 2215 1093 2215 1185 2216 1183 2216 1184 2216 1185 2217 884 2217 883 2217 1185 2218 883 2218 886 2218 1185 2219 1184 2219 884 2219 1185 2220 1093 2220 1183 2220 1186 2221 430 2221 897 2221 1186 2222 897 2222 1094 2222 1186 2223 1094 2223 429 2223 1186 2224 429 2224 428 2224 1186 2225 428 2225 430 2225 1187 2226 1100 2226 1104 2226 1187 2227 1105 2227 903 2227 1187 2228 903 2228 902 2228 1187 2229 1104 2229 1105 2229 1187 2230 902 2230 1100 2230 1188 2231 510 2231 527 2231 1188 2232 924 2232 1110 2232 1188 2233 514 2233 510 2233 1188 2234 1110 2234 514 2234 1188 2235 527 2235 924 2235 1189 2236 557 2236 1120 2236 1189 2237 939 2237 129 2237 1189 2238 1120 2238 939 2238 1189 2239 554 2239 557 2239 1189 2240 129 2240 554 2240 1190 2241 941 2241 1121 2241 1190 2242 1121 2242 1123 2242 1190 2243 1124 2243 941 2243 1190 2244 1123 2244 1124 2244 1191 2245 1123 2245 947 2245 1191 2246 1126 2246 1124 2246 1191 2247 1124 2247 1123 2247 1192 2248 1126 2248 1128 2248 1192 2249 571 2249 957 2249 1192 2250 1125 2250 1126 2250 1192 2251 957 2251 1125 2251 1192 2252 1128 2252 571 2252 1193 2253 1132 2253 953 2253 1193 2254 953 2254 956 2254 1193 2255 956 2255 1134 2255 1193 2256 1135 2256 1132 2256 1193 2257 1134 2257 1135 2257 1194 2258 1142 2258 1140 2258 1194 2259 595 2259 1143 2259 1194 2260 1140 2260 969 2260 1194 2261 969 2261 595 2261 1194 2262 1143 2262 1142 2262 1195 2263 970 2263 1141 2263 1195 2264 1141 2264 1144 2264 1195 2265 1145 2265 970 2265 1195 2266 1144 2266 1145 2266 1196 2267 1141 2267 1142 2267 1196 2268 1144 2268 1141 2268 1196 2269 974 2269 1144 2269 1197 2270 1147 2270 620 2270 1197 2271 992 2271 1147 2271 1197 2272 993 2272 992 2272 1197 2273 620 2273 1149 2273 1197 2274 1149 2274 993 2274 1198 2275 610 2275 607 2275 1198 2276 607 2276 611 2276 1198 2277 998 2277 1146 2277 1198 2278 611 2278 998 2278 1198 2279 1146 2279 610 2279 1199 2280 1151 2280 1150 2280 1199 2281 1150 2281 1155 2281 1199 2282 995 2282 1153 2282 1199 2283 1155 2283 995 2283 1199 2284 1153 2284 1151 2284 1200 2285 1159 2285 1005 2285 1200 2286 1160 2286 1162 2286 1200 2287 1162 2287 1159 2287 1200 2288 1004 2288 1160 2288 1200 2289 1005 2289 1004 2289 1201 2290 1002 2290 644 2290 1201 2291 644 2291 655 2291 1201 2292 1160 2292 1002 2292 1202 2293 1201 2293 655 2293 1202 2294 655 2294 658 2294 1202 2295 1163 2295 1160 2295 1202 2296 1160 2296 1201 2296 1203 2297 1163 2297 1202 2297 1203 2298 1008 2298 1163 2298 1203 2299 658 2299 1008 2299 1203 2300 1202 2300 658 2300 1204 2301 1025 2301 1026 2301 1204 2302 1027 2302 1028 2302 1204 2303 1026 2303 1027 2303 1204 2304 1028 2304 1029 2304 1204 2305 1173 2305 1024 2305 1204 2306 1024 2306 1025 2306 1204 2307 1029 2307 1030 2307 1204 2308 1030 2308 1031 2308 1204 2309 1031 2309 718 2309 1204 2310 1036 2310 1035 2310 1204 2311 1032 2311 1173 2311 1204 2312 1034 2312 1033 2312 1204 2313 1035 2313 1034 2313 1204 2314 718 2314 1036 2314 1204 2315 1033 2315 1032 2315 1205 2316 419 2316 884 2316 1205 2317 882 2317 419 2317 1205 2318 1184 2318 1091 2318 1205 2319 1091 2319 882 2319 1205 2320 884 2320 1184 2320 1206 2321 1128 2321 1126 2321 1206 2322 563 2322 952 2322 1206 2323 947 2323 563 2323 1206 2324 1126 2324 1191 2324 1206 2325 1191 2325 947 2325 1206 2326 952 2326 1128 2326 1207 2327 974 2327 1196 2327 1207 2328 975 2328 974 2328 1207 2329 1143 2329 975 2329 1207 2330 1196 2330 1142 2330 1207 2331 1142 2331 1143 2331 1208 2332 1209 2332 1210 2332 1210 2333 1211 2333 1212 2333 1209 2334 1211 2334 1210 2334 1212 2335 1213 2335 1214 2335 1211 2336 1213 2336 1212 2336 1213 2337 1215 2337 1214 2337 1214 2338 1215 2338 1216 2338 1216 2339 1217 2339 1218 2339 1215 2340 1217 2340 1216 2340 1218 2341 1219 2341 1220 2341 1217 2342 1219 2342 1218 2342 1220 2343 1221 2343 1222 2343 1219 2344 1221 2344 1220 2344 1222 2345 1223 2345 1224 2345 1221 2346 1223 2346 1222 2346 1224 2347 1225 2347 1226 2347 1223 2348 1225 2348 1224 2348 1226 2349 1227 2349 1228 2349 1228 2350 1227 2350 1229 2350 1225 2351 1227 2351 1226 2351 1227 2352 1230 2352 1229 2352 1229 2353 1230 2353 1231 2353 1232 2354 1233 2354 1234 2354 1235 2355 1236 2355 1237 2355 1236 2356 1238 2356 1237 2356 1237 2357 1238 2357 1239 2357 1238 2358 1240 2358 1239 2358 1239 2359 1241 2359 1242 2359 1240 2360 1241 2360 1239 2360 1242 2361 1243 2361 1244 2361 1241 2362 1243 2362 1242 2362 1245 2363 1246 2363 1243 2363 1247 2364 1246 2364 1245 2364 1248 2365 1246 2365 1247 2365 1243 2366 1246 2366 1244 2366 1244 2367 1246 2367 1249 2367 1246 2368 1250 2368 1249 2368 1248 2369 1250 2369 1246 2369 1251 2370 1250 2370 1248 2370 1250 2371 1252 2371 1249 2371 1253 2372 1254 2372 1255 2372 1256 2373 1257 2373 1258 2373 1259 2374 1257 2374 1260 2374 1260 2375 1257 2375 1261 2375 1261 2376 1257 2376 1262 2376 1262 2377 1257 2377 1263 2377 1258 2378 1257 2378 1259 2378 1264 2379 1257 2379 1256 2379 58 2380 1265 2380 1261 2380 1266 2381 1265 2381 58 2381 1267 2382 1268 2382 62 2382 62 2383 1269 2383 64 2383 1268 2384 1269 2384 62 2384 1268 2385 1270 2385 1269 2385 1271 2386 1272 2386 1273 2386 1272 2387 1274 2387 1273 2387 1273 2388 1274 2388 1275 2388 1269 2389 1276 2389 64 2389 64 2390 1276 2390 72 2390 1274 2391 1277 2391 1275 2391 1278 2392 1277 2392 1279 2392 1280 2393 1277 2393 1278 2393 1275 2394 1277 2394 1280 2394 1269 2395 1281 2395 1276 2395 1270 2396 1281 2396 1269 2396 1276 2397 1282 2397 72 2397 72 2398 1282 2398 79 2398 1276 2399 1283 2399 1282 2399 1281 2400 1283 2400 1276 2400 1227 2401 1284 2401 1230 2401 1284 2402 1285 2402 1230 2402 1285 2403 1286 2403 1230 2403 1286 2404 1287 2404 1230 2404 1284 2405 1288 2405 1285 2405 1285 2406 1288 2406 1286 2406 1286 2407 1288 2407 1287 2407 1288 2408 1289 2408 1287 2408 1289 2409 1290 2409 1287 2409 1290 2410 1291 2410 1287 2410 1283 2411 1292 2411 1282 2411 1291 2412 1293 2412 1287 2412 1294 2413 1295 2413 1296 2413 1297 2414 1298 2414 1299 2414 1300 2415 1301 2415 1302 2415 1303 2416 1304 2416 1300 2416 1305 2417 1306 2417 1307 2417 1308 2418 1309 2418 1310 2418 1309 2419 1311 2419 1310 2419 1310 2420 1311 2420 1312 2420 1313 2421 1314 2421 1315 2421 1315 2422 1314 2422 1311 2422 1311 2423 1314 2423 1312 2423 1310 2424 1316 2424 1308 2424 1312 2425 1317 2425 1310 2425 1316 2426 1317 2426 1318 2426 1310 2427 1317 2427 1316 2427 1306 2428 1319 2428 1320 2428 1320 2429 1319 2429 1321 2429 1322 2430 1323 2430 1318 2430 1321 2431 1323 2431 1322 2431 1319 2432 1323 2432 1321 2432 1320 2433 1324 2433 1325 2433 1326 2434 1327 2434 1320 2434 1320 2435 1327 2435 1324 2435 1322 2436 1328 2436 1321 2436 1321 2437 1328 2437 1320 2437 1320 2438 1328 2438 1326 2438 1312 2439 1329 2439 1317 2439 1317 2440 1329 2440 1318 2440 1326 2441 1330 2441 1327 2441 1327 2442 1330 2442 1324 2442 1331 2443 1332 2443 1333 2443 1334 2444 1335 2444 1329 2444 1329 2445 1335 2445 1318 2445 1318 2446 1335 2446 1322 2446 1331 2447 1336 2447 1332 2447 1337 2448 1338 2448 1339 2448 1326 2449 1338 2449 1330 2449 1330 2450 1338 2450 1337 2450 1340 2451 1341 2451 1342 2451 1341 2452 1343 2452 1342 2452 1343 2453 1344 2453 1342 2453 1342 2454 1344 2454 1345 2454 1344 2455 1346 2455 1345 2455 1347 2456 1346 2456 1348 2456 1346 2457 1349 2457 1345 2457 1347 2458 1349 2458 1346 2458 1349 2459 1350 2459 1345 2459 1338 2460 1351 2460 1339 2460 1350 2461 1351 2461 1345 2461 1342 2462 1351 2462 1338 2462 1352 2463 1351 2463 1350 2463 1345 2464 1351 2464 1342 2464 1353 2465 1354 2465 1355 2465 1356 2466 1357 2466 1358 2466 1233 2467 1359 2467 1234 2467 1360 2468 1361 2468 1362 2468 1363 2469 1364 2469 1365 2469 1363 2470 1366 2470 1364 2470 1242 2471 1367 2471 1239 2471 1237 2472 1367 2472 1235 2472 1239 2473 1367 2473 1237 2473 1244 2474 1367 2474 1242 2474 1368 2475 1367 2475 1369 2475 1370 2476 1371 2476 1361 2476 1244 2477 1372 2477 1367 2477 1373 2478 1374 2478 1375 2478 1376 2479 1374 2479 1373 2479 1374 2480 1377 2480 1375 2480 1377 2481 1378 2481 1375 2481 1375 2482 1379 2482 1380 2482 1378 2483 1379 2483 1375 2483 1379 2484 1381 2484 1380 2484 1381 2485 1382 2485 1380 2485 1380 2486 1383 2486 1384 2486 1382 2487 1383 2487 1380 2487 1383 2488 1385 2488 1384 2488 1385 2489 1386 2489 1384 2489 1386 2490 1387 2490 1384 2490 1384 2491 1388 2491 1389 2491 1387 2492 1388 2492 1384 2492 1389 2493 1390 2493 1391 2493 1391 2494 1390 2494 1392 2494 1392 2495 1390 2495 1393 2495 1393 2496 1390 2496 1235 2496 1388 2497 1390 2497 1389 2497 1235 2498 1390 2498 1236 2498 1236 2499 1390 2499 1394 2499 1244 2500 1395 2500 1372 2500 1372 2501 1395 2501 1396 2501 1249 2502 1395 2502 1244 2502 1395 2503 1397 2503 1396 2503 1395 2504 1398 2504 1397 2504 1399 2505 1400 2505 1401 2505 1402 2506 1403 2506 1255 2506 1404 2507 1403 2507 1402 2507 1399 2508 1405 2508 1400 2508 1400 2509 1405 2509 1253 2509 1406 2510 1405 2510 1399 2510 1253 2511 1405 2511 1254 2511 1250 2512 1407 2512 1252 2512 1408 2513 1407 2513 1251 2513 1251 2514 1407 2514 1250 2514 1409 2515 1407 2515 1408 2515 1409 2516 1410 2516 1407 2516 1411 2517 1410 2517 1409 2517 1412 2518 1410 2518 1411 2518 1412 2519 1413 2519 1410 2519 1413 2520 1414 2520 1415 2520 1412 2521 1414 2521 1413 2521 1416 2522 1414 2522 1412 2522 1255 2523 1417 2523 1402 2523 1254 2524 1417 2524 1255 2524 1414 2525 1417 2525 1254 2525 1416 2526 1417 2526 1414 2526 1402 2527 1417 2527 1416 2527 58 2528 1418 2528 216 2528 216 2529 1418 2529 217 2529 217 2530 1418 2530 218 2530 218 2531 1418 2531 219 2531 1262 2532 1418 2532 1261 2532 1261 2533 1418 2533 58 2533 221 2534 1419 2534 222 2534 222 2535 1419 2535 223 2535 223 2536 1420 2536 225 2536 1419 2537 1420 2537 223 2537 1420 2538 1421 2538 225 2538 225 2539 1422 2539 228 2539 1421 2540 1422 2540 225 2540 228 2541 1423 2541 230 2541 1422 2542 1423 2542 228 2542 230 2543 1424 2543 232 2543 1423 2544 1424 2544 230 2544 1425 2545 1426 2545 1263 2545 1263 2546 1426 2546 1262 2546 1425 2547 1427 2547 1426 2547 1425 2548 1428 2548 1427 2548 1429 2549 1428 2549 1425 2549 1429 2550 1430 2550 1428 2550 1431 2551 1430 2551 1429 2551 1431 2552 1432 2552 1430 2552 1433 2553 1434 2553 1435 2553 1435 2554 1434 2554 1431 2554 1431 2555 1434 2555 1432 2555 1263 2556 1436 2556 1425 2556 1257 2557 1436 2557 1263 2557 1433 2558 1436 2558 1208 2558 1435 2559 1436 2559 1433 2559 1431 2560 1436 2560 1435 2560 1425 2561 1436 2561 1429 2561 1429 2562 1436 2562 1431 2562 1437 2563 1438 2563 1439 2563 1264 2564 1438 2564 1257 2564 1440 2565 1438 2565 1437 2565 1441 2566 1438 2566 1264 2566 1439 2567 1438 2567 1441 2567 1442 2568 1438 2568 1440 2568 1436 2569 1443 2569 1208 2569 1257 2570 1443 2570 1436 2570 1444 2571 1443 2571 1442 2571 1445 2572 1443 2572 1444 2572 1446 2573 1443 2573 1447 2573 1448 2574 1443 2574 1449 2574 1438 2575 1443 2575 1257 2575 1208 2576 1443 2576 1209 2576 1449 2577 1443 2577 1446 2577 1209 2578 1443 2578 1448 2578 1447 2579 1443 2579 1445 2579 1442 2580 1443 2580 1438 2580 62 2581 1450 2581 1267 2581 259 2582 1450 2582 260 2582 260 2583 1450 2583 261 2583 261 2584 1450 2584 262 2584 262 2585 1450 2585 62 2585 1258 2586 1451 2586 1256 2586 1260 2587 1451 2587 1259 2587 1261 2588 1451 2588 1260 2588 1264 2589 1451 2589 1441 2589 1265 2590 1451 2590 1261 2590 1259 2591 1451 2591 1258 2591 1256 2592 1451 2592 1264 2592 1451 2593 1452 2593 1441 2593 1265 2594 1453 2594 1451 2594 1451 2595 1453 2595 1271 2595 1454 2596 1453 2596 1455 2596 1455 2597 1453 2597 1456 2597 1456 2598 1453 2598 1457 2598 1458 2599 1453 2599 1454 2599 1459 2600 1453 2600 1458 2600 1457 2601 1453 2601 1265 2601 1460 2602 1453 2602 1459 2602 1461 2603 1453 2603 1460 2603 1462 2604 1453 2604 1463 2604 1463 2605 1453 2605 1461 2605 1464 2606 1453 2606 1462 2606 1465 2607 1453 2607 1464 2607 1465 2608 1466 2608 1453 2608 1453 2609 1466 2609 1271 2609 1466 2610 1467 2610 1271 2610 1465 2611 1467 2611 1466 2611 1468 2612 1467 2612 1465 2612 1468 2613 1469 2613 1467 2613 1467 2614 1469 2614 1271 2614 1469 2615 1470 2615 1271 2615 1468 2616 1470 2616 1469 2616 1468 2617 1471 2617 1470 2617 1470 2618 1471 2618 1271 2618 1471 2619 1472 2619 1271 2619 1468 2620 1472 2620 1471 2620 1473 2621 1472 2621 1468 2621 1474 2622 1475 2622 1473 2622 1476 2623 1475 2623 1474 2623 1477 2624 1475 2624 1476 2624 1472 2625 1475 2625 1271 2625 1271 2626 1475 2626 1272 2626 1272 2627 1475 2627 1478 2627 1473 2628 1475 2628 1472 2628 1478 2629 1475 2629 1477 2629 1479 2630 1480 2630 1481 2630 1450 2631 1480 2631 1267 2631 1266 2632 1482 2632 1265 2632 1265 2633 1483 2633 1457 2633 1482 2634 1483 2634 1265 2634 1483 2635 1484 2635 1457 2635 1457 2636 1484 2636 1456 2636 1484 2637 1485 2637 1456 2637 1456 2638 1485 2638 1455 2638 1485 2639 1486 2639 1455 2639 1455 2640 1487 2640 1454 2640 1486 2641 1487 2641 1455 2641 1223 2642 1488 2642 1225 2642 1225 2643 1488 2643 1227 2643 1227 2644 1488 2644 1284 2644 1219 2645 1488 2645 1221 2645 1217 2646 1488 2646 1219 2646 1221 2647 1488 2647 1223 2647 1487 2648 1489 2648 1454 2648 1454 2649 1489 2649 1458 2649 1489 2650 1490 2650 1458 2650 1458 2651 1490 2651 1459 2651 1490 2652 1491 2652 1459 2652 1459 2653 1491 2653 1460 2653 1491 2654 1492 2654 1460 2654 1460 2655 1492 2655 1461 2655 1461 2656 1493 2656 1463 2656 1492 2657 1493 2657 1461 2657 1463 2658 1494 2658 1462 2658 1493 2659 1494 2659 1463 2659 1494 2660 1495 2660 1462 2660 1462 2661 1495 2661 1464 2661 1473 2662 1496 2662 1474 2662 1474 2663 1496 2663 1476 2663 1476 2664 1496 2664 1477 2664 1495 2665 1496 2665 1464 2665 1477 2666 1496 2666 1478 2666 1464 2667 1496 2667 1465 2667 1465 2668 1496 2668 1468 2668 1468 2669 1496 2669 1473 2669 1488 2670 1497 2670 1284 2670 1282 2671 1498 2671 79 2671 79 2672 1498 2672 311 2672 311 2673 1498 2673 312 2673 1481 2674 1499 2674 1479 2674 1230 2675 1499 2675 1231 2675 1231 2676 1499 2676 1481 2676 1500 2677 1501 2677 1502 2677 1497 2678 1503 2678 1284 2678 1502 2679 1503 2679 1500 2679 1499 2680 1504 2680 1479 2680 1267 2681 1504 2681 1268 2681 1480 2682 1504 2682 1267 2682 1479 2683 1504 2683 1480 2683 1268 2684 1504 2684 1270 2684 1270 2685 1504 2685 1281 2685 1504 2686 1505 2686 1506 2686 1499 2687 1505 2687 1504 2687 1499 2688 1507 2688 1505 2688 1230 2689 1507 2689 1499 2689 1287 2690 1507 2690 1230 2690 1277 2691 1508 2691 1501 2691 1509 2692 1508 2692 1277 2692 1502 2693 1508 2693 1510 2693 1501 2694 1508 2694 1502 2694 1507 2695 1511 2695 1505 2695 1502 2696 1512 2696 1503 2696 1284 2697 1512 2697 1288 2697 1503 2698 1512 2698 1284 2698 312 2699 1513 2699 328 2699 1282 2700 1513 2700 1498 2700 1292 2701 1513 2701 1282 2701 1498 2702 1513 2702 312 2702 1507 2703 1514 2703 1511 2703 1293 2704 1514 2704 1287 2704 1287 2705 1514 2705 1507 2705 1504 2706 1515 2706 1281 2706 1506 2707 1515 2707 1504 2707 1281 2708 1515 2708 1283 2708 1283 2709 1515 2709 1292 2709 1516 2710 1515 2710 1506 2710 1517 2711 1515 2711 1516 2711 1292 2712 1515 2712 1517 2712 1514 2713 1518 2713 1511 2713 1511 2714 1519 2714 1505 2714 1518 2715 1519 2715 1511 2715 1506 2716 1519 2716 1516 2716 1505 2717 1519 2717 1506 2717 1510 2718 1520 2718 1502 2718 1502 2719 1520 2719 1512 2719 1518 2720 1521 2720 1519 2720 1514 2721 1521 2721 1518 2721 1522 2722 1523 2722 1524 2722 1512 2723 1525 2723 1288 2723 1520 2724 1525 2724 1512 2724 1288 2725 1525 2725 1289 2725 1525 2726 1526 2726 1289 2726 1289 2727 1526 2727 1290 2727 1290 2728 1526 2728 1291 2728 1291 2729 1526 2729 1293 2729 1527 2730 1528 2730 1526 2730 1526 2731 1528 2731 1293 2731 1528 2732 1529 2732 1293 2732 1527 2733 1529 2733 1528 2733 1520 2734 1530 2734 1525 2734 1510 2735 1530 2735 1520 2735 1526 2736 1530 2736 1527 2736 1525 2737 1530 2737 1526 2737 1510 2738 1531 2738 1530 2738 1532 2739 1531 2739 1510 2739 1521 2740 1533 2740 1519 2740 1292 2741 1534 2741 1513 2741 328 2742 1534 2742 1535 2742 1513 2743 1534 2743 328 2743 1517 2744 1534 2744 1292 2744 1530 2745 1536 2745 1527 2745 1532 2746 1536 2746 1531 2746 1531 2747 1536 2747 1530 2747 1537 2748 1538 2748 1539 2748 1527 2749 1540 2749 1529 2749 1538 2750 1541 2750 1539 2750 1532 2751 1542 2751 1536 2751 1537 2752 1543 2752 1532 2752 1539 2753 1543 2753 1537 2753 1540 2754 1544 2754 1545 2754 1543 2755 1546 2755 1532 2755 1532 2756 1546 2756 1542 2756 1541 2757 1547 2757 1539 2757 1539 2758 1548 2758 1543 2758 1543 2759 1548 2759 1546 2759 1549 2760 1550 2760 1547 2760 1539 2761 1550 2761 1548 2761 1551 2762 1550 2762 1549 2762 1547 2763 1550 2763 1539 2763 1547 2764 1552 2764 1549 2764 1553 2765 1554 2765 1551 2765 1548 2766 1554 2766 1553 2766 1550 2767 1554 2767 1548 2767 1551 2768 1554 2768 1550 2768 1544 2769 1555 2769 1556 2769 1296 2770 1557 2770 1294 2770 1558 2771 1559 2771 1560 2771 1561 2772 1559 2772 1558 2772 1562 2773 1563 2773 1564 2773 1551 2774 1565 2774 1553 2774 1553 2775 1565 2775 1566 2775 1566 2776 1567 2776 1294 2776 1294 2777 1567 2777 1295 2777 1565 2778 1568 2778 1566 2778 1566 2779 1568 2779 1567 2779 1565 2780 1569 2780 1568 2780 1565 2781 1570 2781 1569 2781 1565 2782 1571 2782 1570 2782 1560 2783 1572 2783 1558 2783 1558 2784 1572 2784 1573 2784 1574 2785 1575 2785 1570 2785 1295 2786 1575 2786 1574 2786 1567 2787 1575 2787 1295 2787 1568 2788 1575 2788 1567 2788 1569 2789 1575 2789 1568 2789 1570 2790 1575 2790 1569 2790 1572 2791 1576 2791 1573 2791 1573 2792 1576 2792 1577 2792 1578 2793 1579 2793 1571 2793 1570 2794 1579 2794 1574 2794 1571 2795 1579 2795 1570 2795 1576 2796 1580 2796 1577 2796 1572 2797 1580 2797 1576 2797 1578 2798 1581 2798 1579 2798 1573 2799 1581 2799 1578 2799 1577 2800 1581 2800 1573 2800 1534 2801 1582 2801 1535 2801 1556 2802 1582 2802 1534 2802 1583 2803 1584 2803 1560 2803 1560 2804 1584 2804 1572 2804 1572 2805 1584 2805 1580 2805 1585 2806 1586 2806 1584 2806 1584 2807 1586 2807 1580 2807 1580 2808 1586 2808 1577 2808 1581 2809 1587 2809 1579 2809 1577 2810 1587 2810 1581 2810 1579 2811 1587 2811 1574 2811 1588 2812 1589 2812 1590 2812 1587 2813 1591 2813 1574 2813 1574 2814 1591 2814 1592 2814 1295 2815 1593 2815 1296 2815 1577 2816 1594 2816 1587 2816 1587 2817 1594 2817 1591 2817 1591 2818 1594 2818 1592 2818 1296 2819 1595 2819 1582 2819 1593 2820 1595 2820 1296 2820 1582 2821 1595 2821 1535 2821 1586 2822 1596 2822 1577 2822 1585 2823 1596 2823 1586 2823 1577 2824 1597 2824 1594 2824 1596 2825 1597 2825 1577 2825 1597 2826 1598 2826 1594 2826 1599 2827 1598 2827 1597 2827 1295 2828 1600 2828 1593 2828 1593 2829 1600 2829 1595 2829 1595 2830 1600 2830 1535 2830 1295 2831 1601 2831 1600 2831 1574 2832 1601 2832 1295 2832 1592 2833 1601 2833 1574 2833 1585 2834 1602 2834 1596 2834 1596 2835 1602 2835 1597 2835 1597 2836 1602 2836 1599 2836 1603 2837 1604 2837 1605 2837 1604 2838 1606 2838 1607 2838 1600 2839 1608 2839 1535 2839 1601 2840 1608 2840 1600 2840 1592 2841 1608 2841 1601 2841 1602 2842 1609 2842 1599 2842 1599 2843 1609 2843 1299 2843 1592 2844 1610 2844 1608 2844 1605 2845 1611 2845 1612 2845 1607 2846 1611 2846 1604 2846 1604 2847 1611 2847 1605 2847 1613 2848 1614 2848 1606 2848 1606 2849 1614 2849 1607 2849 1607 2850 1614 2850 1615 2850 1611 2851 1616 2851 1612 2851 1612 2852 1616 2852 1617 2852 1608 2853 1618 2853 1535 2853 1610 2854 1618 2854 1608 2854 1611 2855 1619 2855 1616 2855 1607 2856 1619 2856 1611 2856 1620 2857 1621 2857 1622 2857 1612 2858 1623 2858 1620 2858 1617 2859 1623 2859 1612 2859 1620 2860 1623 2860 1621 2860 1298 2861 1624 2861 1299 2861 1617 2862 1625 2862 1626 2862 1616 2863 1625 2863 1617 2863 1619 2864 1625 2864 1616 2864 1618 2865 1627 2865 1535 2865 1624 2866 1627 2866 1618 2866 1628 2867 1629 2867 1630 2867 1617 2868 1631 2868 1623 2868 1623 2869 1631 2869 1621 2869 1619 2870 1632 2870 1625 2870 1625 2871 1632 2871 1626 2871 1607 2872 1632 2872 1619 2872 1615 2873 1633 2873 1607 2873 1634 2874 1633 2874 1635 2874 1607 2875 1636 2875 1632 2875 1633 2876 1636 2876 1607 2876 1634 2877 1636 2877 1633 2877 1629 2878 1637 2878 1630 2878 1629 2879 1638 2879 1637 2879 1617 2880 1639 2880 1631 2880 1631 2881 1639 2881 1297 2881 1626 2882 1639 2882 1617 2882 1636 2883 1640 2883 1632 2883 1632 2884 1640 2884 1626 2884 1634 2885 1640 2885 1636 2885 1641 2886 1642 2886 1643 2886 1644 2887 1642 2887 1645 2887 1298 2888 1646 2888 1624 2888 1624 2889 1646 2889 1627 2889 1535 2890 1646 2890 1337 2890 1337 2891 1646 2891 1647 2891 1627 2892 1646 2892 1535 2892 1640 2893 1648 2893 1626 2893 1626 2894 1649 2894 1639 2894 1634 2895 1650 2895 1640 2895 1648 2896 1650 2896 1651 2896 1640 2897 1650 2897 1648 2897 1635 2898 1652 2898 1634 2898 1639 2899 1653 2899 1297 2899 1649 2900 1653 2900 1639 2900 1654 2901 1655 2901 1656 2901 1634 2902 1657 2902 1650 2902 1652 2903 1657 2903 1634 2903 1655 2904 1658 2904 1656 2904 1626 2905 1659 2905 1649 2905 1649 2906 1659 2906 1653 2906 1653 2907 1659 2907 1647 2907 1650 2908 1660 2908 1651 2908 1657 2909 1660 2909 1650 2909 1651 2910 1661 2910 1648 2910 1648 2911 1661 2911 1626 2911 1626 2912 1661 2912 1659 2912 1658 2913 1662 2913 1656 2913 1635 2914 1663 2914 1652 2914 1664 2915 1663 2915 1635 2915 1663 2916 1665 2916 1652 2916 1657 2917 1665 2917 1666 2917 1652 2918 1665 2918 1657 2918 1663 2919 1667 2919 1665 2919 1665 2920 1667 2920 1666 2920 1664 2921 1667 2921 1663 2921 1667 2922 1668 2922 1669 2922 1664 2923 1668 2923 1667 2923 1654 2924 1668 2924 1670 2924 1670 2925 1668 2925 1664 2925 1651 2926 1671 2926 1661 2926 1661 2927 1671 2927 1659 2927 1659 2928 1671 2928 1647 2928 1654 2929 1672 2929 1668 2929 1668 2930 1672 2930 1669 2930 1302 2931 1673 2931 1300 2931 1303 2932 1674 2932 1675 2932 1300 2933 1674 2933 1303 2933 1675 2934 1674 2934 1673 2934 1673 2935 1674 2935 1300 2935 1644 2936 1676 2936 1642 2936 1642 2937 1676 2937 1643 2937 1677 2938 1676 2938 1644 2938 1678 2939 1679 2939 1301 2939 1301 2940 1679 2940 1302 2940 1680 2941 1679 2941 1672 2941 1305 2942 1679 2942 1678 2942 1669 2943 1679 2943 1305 2943 1302 2944 1679 2944 1680 2944 1672 2945 1679 2945 1669 2945 1681 2946 1682 2946 1683 2946 1675 2947 1682 2947 1303 2947 1683 2948 1682 2948 1675 2948 1666 2949 1684 2949 1685 2949 1682 2950 1686 2950 1303 2950 1687 2951 1688 2951 1689 2951 1685 2952 1688 2952 1687 2952 1684 2953 1688 2953 1685 2953 1303 2954 1690 2954 1304 2954 1304 2955 1690 2955 1691 2955 1686 2956 1690 2956 1303 2956 1688 2957 1692 2957 1689 2957 1693 2958 1692 2958 1684 2958 1684 2959 1692 2959 1688 2959 1689 2960 1692 2960 1693 2960 1691 2961 1694 2961 1695 2961 1690 2962 1694 2962 1691 2962 1686 2963 1694 2963 1690 2963 1667 2964 1696 2964 1666 2964 1669 2965 1696 2965 1667 2965 1666 2966 1696 2966 1684 2966 1684 2967 1696 2967 1693 2967 1694 2968 1697 2968 1695 2968 1304 2969 1698 2969 1300 2969 1301 2970 1698 2970 1678 2970 1300 2971 1698 2971 1301 2971 1697 2972 1699 2972 1695 2972 1691 2973 1700 2973 1304 2973 1304 2974 1700 2974 1698 2974 1693 2975 1701 2975 1702 2975 1696 2976 1701 2976 1693 2976 1669 2977 1703 2977 1696 2977 1701 2978 1703 2978 1702 2978 1696 2979 1703 2979 1701 2979 1676 2980 1704 2980 1705 2980 1677 2981 1704 2981 1676 2981 1678 2982 1706 2982 1305 2982 1700 2983 1706 2983 1698 2983 1305 2984 1706 2984 1306 2984 1698 2985 1706 2985 1678 2985 1307 2986 1707 2986 1305 2986 1669 2987 1707 2987 1703 2987 1305 2988 1707 2988 1669 2988 1700 2989 1708 2989 1706 2989 1691 2990 1708 2990 1700 2990 1704 2991 1709 2991 1710 2991 1677 2992 1709 2992 1704 2992 1711 2993 1712 2993 1695 2993 1308 2994 1712 2994 1309 2994 1713 2995 1714 2995 1315 2995 1315 2996 1714 2996 1313 2996 1702 2997 1715 2997 1325 2997 1307 2998 1715 2998 1707 2998 1703 2999 1715 2999 1702 2999 1707 3000 1715 3000 1703 3000 1709 3001 1716 3001 1710 3001 1714 3002 1717 3002 1313 3002 1710 3003 1717 3003 1714 3003 1716 3004 1717 3004 1710 3004 1306 3005 1718 3005 1319 3005 1706 3006 1718 3006 1306 3006 1708 3007 1718 3007 1706 3007 1316 3008 1719 3008 1308 3008 1708 3009 1720 3009 1718 3009 1719 3010 1720 3010 1691 3010 1691 3011 1720 3011 1708 3011 1325 3012 1721 3012 1320 3012 1306 3013 1721 3013 1307 3013 1320 3014 1721 3014 1306 3014 1307 3015 1721 3015 1715 3015 1715 3016 1721 3016 1325 3016 1719 3017 1722 3017 1720 3017 1720 3018 1722 3018 1718 3018 1316 3019 1722 3019 1719 3019 1318 3020 1722 3020 1316 3020 1323 3021 1722 3021 1318 3021 1718 3022 1722 3022 1319 3022 1319 3023 1722 3023 1323 3023 1702 3024 1723 3024 1693 3024 1693 3025 1723 3025 1689 3025 1717 3026 1724 3026 1313 3026 1716 3027 1724 3027 1717 3027 1689 3028 1725 3028 1647 3028 1723 3029 1725 3029 1689 3029 1647 3030 1725 3030 1337 3030 1724 3031 1726 3031 1313 3031 1313 3032 1726 3032 1314 3032 1725 3033 1727 3033 1337 3033 1723 3034 1727 3034 1725 3034 1702 3035 1727 3035 1723 3035 1724 3036 1728 3036 1726 3036 1729 3037 1728 3037 1724 3037 1726 3038 1728 3038 1730 3038 1727 3039 1731 3039 1337 3039 1325 3040 1731 3040 1702 3040 1324 3041 1731 3041 1325 3041 1702 3042 1731 3042 1727 3042 1337 3043 1731 3043 1330 3043 1330 3044 1731 3044 1324 3044 1732 3045 1733 3045 1729 3045 1729 3046 1733 3046 1728 3046 1734 3047 1735 3047 1732 3047 1732 3048 1735 3048 1733 3048 1329 3049 1736 3049 1334 3049 1312 3050 1736 3050 1329 3050 1332 3051 1737 3051 1333 3051 1736 3052 1737 3052 1334 3052 1730 3053 1737 3053 1736 3053 1333 3054 1737 3054 1730 3054 1326 3055 1738 3055 1338 3055 1328 3056 1738 3056 1326 3056 1331 3057 1739 3057 1336 3057 1335 3058 1740 3058 1322 3058 1340 3059 1740 3059 1341 3059 1341 3060 1740 3060 1335 3060 1741 3061 1742 3061 1739 3061 1739 3062 1742 3062 1336 3062 1342 3063 1743 3063 1340 3063 1338 3064 1743 3064 1342 3064 1738 3065 1743 3065 1338 3065 1332 3066 1744 3066 1737 3066 1737 3067 1744 3067 1334 3067 1336 3068 1745 3068 1332 3068 1742 3069 1746 3069 1336 3069 1332 3070 1747 3070 1744 3070 1745 3071 1747 3071 1332 3071 1746 3072 1748 3072 1749 3072 1749 3073 1750 3073 1746 3073 1751 3074 1750 3074 1749 3074 1746 3075 1750 3075 1336 3075 1745 3076 1752 3076 1747 3076 1336 3077 1752 3077 1745 3077 1750 3078 1752 3078 1336 3078 1751 3079 1752 3079 1750 3079 1753 3080 1752 3080 1751 3080 1747 3081 1752 3081 1753 3081 1343 3082 1754 3082 1344 3082 1346 3083 1754 3083 1348 3083 1344 3084 1754 3084 1346 3084 1755 3085 1756 3085 1757 3085 1751 3086 1758 3086 1753 3086 1753 3087 1759 3087 1349 3087 1349 3088 1759 3088 1350 3088 1758 3089 1760 3089 1753 3089 1753 3090 1760 3090 1759 3090 1761 3091 1762 3091 1758 3091 1762 3092 1763 3092 1758 3092 1758 3093 1763 3093 1760 3093 1764 3094 1765 3094 1766 3094 1763 3095 1767 3095 1760 3095 1759 3096 1767 3096 1350 3096 1760 3097 1767 3097 1759 3097 1766 3098 1768 3098 1769 3098 1765 3099 1768 3099 1766 3099 1768 3100 1770 3100 1771 3100 1765 3101 1770 3101 1768 3101 1764 3102 1772 3102 1765 3102 1773 3103 1772 3103 1764 3103 1765 3104 1772 3104 1770 3104 1769 3105 1774 3105 1775 3105 1775 3106 1774 3106 1761 3106 1769 3107 1776 3107 1774 3107 1768 3108 1776 3108 1769 3108 1771 3109 1776 3109 1768 3109 1770 3110 1777 3110 1771 3110 1773 3111 1777 3111 1772 3111 1778 3112 1777 3112 1773 3112 1772 3113 1777 3113 1770 3113 1771 3114 1777 3114 1778 3114 1779 3115 1780 3115 1781 3115 1774 3116 1782 3116 1783 3116 1776 3117 1782 3117 1774 3117 1771 3118 1782 3118 1776 3118 1782 3119 1784 3119 1783 3119 1783 3120 1784 3120 1785 3120 1785 3121 1784 3121 1786 3121 1771 3122 1784 3122 1782 3122 1784 3123 1787 3123 1786 3123 1771 3124 1787 3124 1784 3124 1787 3125 1788 3125 1786 3125 1771 3126 1788 3126 1787 3126 1778 3127 1788 3127 1771 3127 1778 3128 1789 3128 1788 3128 1351 3129 1790 3129 1339 3129 1352 3130 1790 3130 1351 3130 1789 3131 1791 3131 1788 3131 1788 3132 1791 3132 1786 3132 1792 3133 1793 3133 1794 3133 1795 3134 1793 3134 1792 3134 1794 3135 1793 3135 1796 3135 1785 3136 1797 3136 1790 3136 1790 3137 1797 3137 1339 3137 1785 3138 1798 3138 1797 3138 1786 3139 1798 3139 1785 3139 1355 3140 1798 3140 1786 3140 1791 3141 1799 3141 1786 3141 1786 3142 1799 3142 1355 3142 1355 3143 1799 3143 1353 3143 1800 3144 1801 3144 1802 3144 1802 3145 1801 3145 1803 3145 1794 3146 1801 3146 1800 3146 1804 3147 1805 3147 1806 3147 1802 3148 1807 3148 1791 3148 1791 3149 1807 3149 1799 3149 1802 3150 1808 3150 1807 3150 1803 3151 1808 3151 1802 3151 1355 3152 1809 3152 1798 3152 1797 3153 1809 3153 1339 3153 1798 3154 1809 3154 1797 3154 1801 3155 1810 3155 1803 3155 1803 3156 1810 3156 1811 3156 1810 3157 1812 3157 1811 3157 1794 3158 1812 3158 1801 3158 1801 3159 1812 3159 1810 3159 1799 3160 1813 3160 1353 3160 1808 3161 1813 3161 1807 3161 1803 3162 1813 3162 1808 3162 1807 3163 1813 3163 1799 3163 1814 3164 1815 3164 1796 3164 1794 3165 1815 3165 1812 3165 1796 3166 1815 3166 1794 3166 1354 3167 1816 3167 1355 3167 1809 3168 1816 3168 1339 3168 1355 3169 1816 3169 1809 3169 1813 3170 1817 3170 1353 3170 1803 3171 1817 3171 1813 3171 1811 3172 1817 3172 1803 3172 1818 3173 1819 3173 1820 3173 1814 3174 1821 3174 1815 3174 1812 3175 1821 3175 1811 3175 1815 3176 1821 3176 1812 3176 1404 3177 1822 3177 1823 3177 1339 3178 1822 3178 1404 3178 1354 3179 1822 3179 1816 3179 1816 3180 1822 3180 1339 3180 1811 3181 1824 3181 1825 3181 1825 3182 1824 3182 1826 3182 1821 3183 1824 3183 1811 3183 1817 3184 1827 3184 1353 3184 1824 3185 1828 3185 1826 3185 1821 3186 1828 3186 1824 3186 1814 3187 1828 3187 1821 3187 1829 3188 1830 3188 1831 3188 1827 3189 1832 3189 1353 3189 1817 3190 1833 3190 1827 3190 1832 3191 1833 3191 1823 3191 1827 3192 1833 3192 1832 3192 1811 3193 1833 3193 1817 3193 1825 3194 1834 3194 1811 3194 1811 3195 1834 3195 1833 3195 1814 3196 1835 3196 1828 3196 1836 3197 1835 3197 1814 3197 1828 3198 1835 3198 1826 3198 1826 3199 1835 3199 1837 3199 1831 3200 1838 3200 1829 3200 1829 3201 1838 3201 1836 3201 1838 3202 1839 3202 1836 3202 1835 3203 1839 3203 1837 3203 1836 3204 1839 3204 1835 3204 1830 3205 1840 3205 1831 3205 1358 3206 1840 3206 1356 3206 1831 3207 1840 3207 1358 3207 1833 3208 1841 3208 1823 3208 1825 3209 1841 3209 1834 3209 1834 3210 1841 3210 1833 3210 1831 3211 1842 3211 1838 3211 1358 3212 1842 3212 1831 3212 1838 3213 1842 3213 1839 3213 1837 3214 1842 3214 1358 3214 1839 3215 1842 3215 1837 3215 1840 3216 1843 3216 1356 3216 1356 3217 1843 3217 1365 3217 1843 3218 1844 3218 1365 3218 1826 3219 1845 3219 1825 3219 1362 3220 1845 3220 1360 3220 1360 3221 1845 3221 1826 3221 1826 3222 1846 3222 1360 3222 1837 3223 1846 3223 1826 3223 1844 3224 1847 3224 1365 3224 1848 3225 1847 3225 1844 3225 1365 3226 1847 3226 1363 3226 1849 3227 1850 3227 1851 3227 1361 3228 1852 3228 1370 3228 1837 3229 1852 3229 1846 3229 1846 3230 1852 3230 1360 3230 1360 3231 1852 3231 1361 3231 1837 3232 1853 3232 1852 3232 1852 3233 1853 3233 1370 3233 1853 3234 1854 3234 1370 3234 1358 3235 1854 3235 1837 3235 1837 3236 1854 3236 1853 3236 1855 3237 1856 3237 1359 3237 1359 3238 1856 3238 1234 3238 1855 3239 1857 3239 1856 3239 1858 3240 1859 3240 1855 3240 1855 3241 1859 3241 1857 3241 1860 3242 1861 3242 1858 3242 1858 3243 1861 3243 1859 3243 1860 3244 1862 3244 1861 3244 1863 3245 1862 3245 1860 3245 1864 3246 1865 3246 1863 3246 1863 3247 1865 3247 1862 3247 1866 3248 1867 3248 1864 3248 1864 3249 1867 3249 1865 3249 1868 3250 1869 3250 1866 3250 1870 3251 1869 3251 1868 3251 1866 3252 1869 3252 1867 3252 1870 3253 1871 3253 1869 3253 1872 3254 1871 3254 1870 3254 1872 3255 1873 3255 1871 3255 1874 3256 1873 3256 1872 3256 1874 3257 1875 3257 1873 3257 1876 3258 1875 3258 1877 3258 1877 3259 1875 3259 1874 3259 1363 3260 1878 3260 1366 3260 1850 3261 1878 3261 1851 3261 1879 3262 1880 3262 1881 3262 1882 3263 1880 3263 1879 3263 1883 3264 1880 3264 1882 3264 1876 3265 1880 3265 1875 3265 1881 3266 1880 3266 1876 3266 1850 3267 1884 3267 1878 3267 1356 3268 1885 3268 1357 3268 1357 3269 1885 3269 1886 3269 1365 3270 1885 3270 1356 3270 1358 3271 1887 3271 1854 3271 1357 3272 1887 3272 1358 3272 1886 3273 1887 3273 1357 3273 1854 3274 1887 3274 1370 3274 1887 3275 1888 3275 1370 3275 1886 3276 1888 3276 1887 3276 1364 3277 1889 3277 1365 3277 1885 3278 1889 3278 1886 3278 1365 3279 1889 3279 1885 3279 1883 3280 1890 3280 1891 3280 1884 3281 1892 3281 1878 3281 1893 3282 1892 3282 1884 3282 1366 3283 1892 3283 1372 3283 1369 3284 1892 3284 1893 3284 1878 3285 1892 3285 1366 3285 1891 3286 1894 3286 1895 3286 1890 3287 1894 3287 1891 3287 1369 3288 1896 3288 1368 3288 1894 3289 1896 3289 1895 3289 1895 3290 1896 3290 1369 3290 1888 3291 1897 3291 1370 3291 1886 3292 1897 3292 1888 3292 1371 3293 1897 3293 1898 3293 1370 3294 1897 3294 1371 3294 1823 3295 1899 3295 1404 3295 1362 3296 1899 3296 1823 3296 1361 3297 1899 3297 1362 3297 1372 3298 1900 3298 1367 3298 1892 3299 1900 3299 1372 3299 1369 3300 1900 3300 1892 3300 1367 3301 1900 3301 1369 3301 1899 3302 1901 3302 1404 3302 1361 3303 1901 3303 1899 3303 1367 3304 1902 3304 1235 3304 1368 3305 1902 3305 1367 3305 1389 3306 1902 3306 1384 3306 1391 3307 1902 3307 1389 3307 1392 3308 1902 3308 1391 3308 1393 3309 1902 3309 1392 3309 1235 3310 1902 3310 1393 3310 1384 3311 1902 3311 1903 3311 1904 3312 1905 3312 1906 3312 1906 3313 1905 3313 1907 3313 1907 3314 1905 3314 1908 3314 1908 3315 1905 3315 1909 3315 1909 3316 1905 3316 1910 3316 1910 3317 1905 3317 1911 3317 1233 3318 1905 3318 1912 3318 1912 3319 1905 3319 1904 3319 1905 3320 1913 3320 1911 3320 1914 3321 1913 3321 1905 3321 1911 3322 1915 3322 1916 3322 1913 3323 1915 3323 1911 3323 1914 3324 1915 3324 1913 3324 1916 3325 1917 3325 1918 3325 1918 3326 1917 3326 1919 3326 1919 3327 1917 3327 1920 3327 1920 3328 1917 3328 1373 3328 1376 3329 1917 3329 1914 3329 1373 3330 1917 3330 1376 3330 1915 3331 1917 3331 1916 3331 1914 3332 1917 3332 1915 3332 1886 3333 1921 3333 1897 3333 1897 3334 1921 3334 1898 3334 1898 3335 1921 3335 1401 3335 1889 3336 1922 3336 1886 3336 1886 3337 1922 3337 1921 3337 1921 3338 1922 3338 1401 3338 1364 3339 1923 3339 1889 3339 1404 3340 1924 3340 1403 3340 1361 3341 1924 3341 1901 3341 1901 3342 1924 3342 1404 3342 1371 3343 1924 3343 1361 3343 1905 3344 1925 3344 1914 3344 1233 3345 1925 3345 1905 3345 1232 3346 1925 3346 1233 3346 1388 3347 1926 3347 1390 3347 1379 3348 1926 3348 1381 3348 1381 3349 1926 3349 1382 3349 1383 3350 1926 3350 1385 3350 1385 3351 1926 3351 1386 3351 1386 3352 1926 3352 1387 3352 1387 3353 1926 3353 1388 3353 1382 3354 1926 3354 1383 3354 1926 3355 1927 3355 1390 3355 1394 3356 1927 3356 1928 3356 1390 3357 1927 3357 1394 3357 1924 3358 1929 3358 1403 3358 1930 3359 1929 3359 1898 3359 1403 3360 1929 3360 1930 3360 1371 3361 1929 3361 1924 3361 1898 3362 1929 3362 1371 3362 1398 3363 1931 3363 1397 3363 1406 3364 1931 3364 1398 3364 1399 3365 1931 3365 1406 3365 1923 3366 1931 3366 1399 3366 1397 3367 1931 3367 1396 3367 1932 3368 1933 3368 1934 3368 1935 3369 1933 3369 1932 3369 1936 3370 1933 3370 1937 3370 1938 3371 1933 3371 1936 3371 1939 3372 1933 3372 1938 3372 1940 3373 1933 3373 1939 3373 1941 3374 1933 3374 1940 3374 1937 3375 1933 3375 1935 3375 1941 3376 1942 3376 1933 3376 1925 3377 1943 3377 1934 3377 1944 3378 1943 3378 1232 3378 1945 3379 1943 3379 1944 3379 1946 3380 1943 3380 1945 3380 1947 3381 1943 3381 1946 3381 1232 3382 1943 3382 1925 3382 1941 3383 1948 3383 1942 3383 1943 3384 1949 3384 1934 3384 1950 3385 1949 3385 1947 3385 1947 3386 1949 3386 1943 3386 1949 3387 1951 3387 1934 3387 1948 3388 1952 3388 1928 3388 1941 3389 1952 3389 1948 3389 1928 3390 1952 3390 1394 3390 1240 3391 1953 3391 1241 3391 1243 3392 1953 3392 1245 3392 1241 3393 1953 3393 1243 3393 1941 3394 1953 3394 1952 3394 1952 3395 1953 3395 1394 3395 1394 3396 1953 3396 1236 3396 1236 3397 1953 3397 1238 3397 1238 3398 1953 3398 1240 3398 1252 3399 1954 3399 1249 3399 1395 3400 1954 3400 1398 3400 1249 3401 1954 3401 1395 3401 1400 3402 1955 3402 1401 3402 1253 3403 1955 3403 1400 3403 1956 3404 1957 3404 1958 3404 1959 3405 1957 3405 1956 3405 1960 3406 1957 3406 1959 3406 1957 3407 1961 3407 1941 3407 1960 3408 1961 3408 1957 3408 1961 3409 1962 3409 1941 3409 1963 3410 1962 3410 1960 3410 1960 3411 1962 3411 1961 3411 1963 3412 1964 3412 1962 3412 1965 3413 1964 3413 1963 3413 1966 3414 1964 3414 1965 3414 1967 3415 1964 3415 1966 3415 1968 3416 1964 3416 1967 3416 1969 3417 1964 3417 1968 3417 1245 3418 1964 3418 1969 3418 1941 3419 1964 3419 1953 3419 1953 3420 1964 3420 1245 3420 1962 3421 1964 3421 1941 3421 1415 3422 1970 3422 1413 3422 1252 3423 1970 3423 1954 3423 1398 3424 1970 3424 1406 3424 1954 3425 1970 3425 1398 3425 1406 3426 1970 3426 1415 3426 1413 3427 1970 3427 1410 3427 1410 3428 1970 3428 1407 3428 1407 3429 1970 3429 1252 3429 1254 3430 1971 3430 1414 3430 1405 3431 1971 3431 1254 3431 1415 3432 1971 3432 1406 3432 1414 3433 1971 3433 1415 3433 1406 3434 1971 3434 1405 3434 1972 3435 1973 3435 1974 3435 219 3436 1973 3436 790 3436 790 3437 1973 3437 791 3437 791 3438 1973 3438 221 3438 221 3439 1973 3439 1419 3439 1974 3440 1973 3440 1975 3440 1975 3441 1973 3441 1262 3441 1262 3442 1973 3442 1418 3442 1418 3443 1973 3443 219 3443 1421 3444 1976 3444 1422 3444 1973 3445 1976 3445 1419 3445 1972 3446 1976 3446 1973 3446 1423 3447 1976 3447 1424 3447 1420 3448 1976 3448 1421 3448 1422 3449 1976 3449 1423 3449 1419 3450 1976 3450 1420 3450 232 3451 1977 3451 795 3451 795 3452 1977 3452 796 3452 796 3453 1977 3453 797 3453 1424 3454 1977 3454 232 3454 1424 3455 1978 3455 1977 3455 1977 3456 1978 3456 797 3456 797 3457 1979 3457 800 3457 800 3458 1979 3458 801 3458 801 3459 1979 3459 802 3459 802 3460 1979 3460 803 3460 1978 3461 1979 3461 797 3461 1424 3462 1979 3462 1978 3462 1974 3463 1980 3463 1972 3463 1426 3464 1980 3464 1262 3464 1975 3465 1980 3465 1974 3465 1427 3466 1980 3466 1426 3466 1262 3467 1980 3467 1975 3467 1972 3468 1980 3468 1976 3468 1428 3469 1980 3469 1427 3469 1430 3470 1980 3470 1428 3470 1208 3471 1981 3471 1433 3471 1212 3472 1981 3472 1210 3472 1433 3473 1981 3473 1434 3473 1434 3474 1981 3474 1982 3474 1210 3475 1981 3475 1208 3475 1214 3476 1983 3476 1212 3476 1218 3477 1983 3477 1216 3477 1212 3478 1983 3478 1981 3478 1981 3479 1983 3479 1982 3479 1216 3480 1983 3480 1214 3480 809 3481 1984 3481 810 3481 810 3482 1984 3482 259 3482 1450 3483 1984 3483 1480 3483 259 3484 1984 3484 1450 3484 1439 3485 1985 3485 1437 3485 1452 3486 1985 3486 1441 3486 1437 3487 1985 3487 1440 3487 1442 3488 1985 3488 1444 3488 1444 3489 1985 3489 1445 3489 1447 3490 1985 3490 1446 3490 1446 3491 1985 3491 1449 3491 1441 3492 1985 3492 1439 3492 1445 3493 1985 3493 1447 3493 1440 3494 1985 3494 1442 3494 1271 3495 1986 3495 1451 3495 1275 3496 1986 3496 1273 3496 1452 3497 1986 3497 1985 3497 1273 3498 1986 3498 1271 3498 1451 3499 1986 3499 1452 3499 1280 3500 1986 3500 1275 3500 1217 3501 1987 3501 1488 3501 1488 3502 1987 3502 1497 3502 1497 3503 1988 3503 1503 3503 1503 3504 1988 3504 1500 3504 1989 3505 1988 3505 1987 3505 1987 3506 1988 3506 1497 3506 1500 3507 1988 3507 1989 3507 1279 3508 1990 3508 1989 3508 1501 3509 1990 3509 1277 3509 1277 3510 1990 3510 1279 3510 1500 3511 1990 3511 1501 3511 1989 3512 1990 3512 1500 3512 1482 3513 1991 3513 1483 3513 1266 3514 1991 3514 1482 3514 1991 3515 1992 3515 1483 3515 1483 3516 1992 3516 1484 3516 1992 3517 1993 3517 1484 3517 1484 3518 1993 3518 1485 3518 1486 3519 1994 3519 1487 3519 1485 3520 1994 3520 1486 3520 1993 3521 1994 3521 1485 3521 1487 3522 1994 3522 1489 3522 1491 3523 1994 3523 1492 3523 1489 3524 1994 3524 1490 3524 1490 3525 1994 3525 1491 3525 1478 3526 1995 3526 1272 3526 1272 3527 1995 3527 1274 3527 1274 3528 1995 3528 1277 3528 1277 3529 1995 3529 1509 3529 1496 3530 1995 3530 1478 3530 1995 3531 1996 3531 1509 3531 1509 3532 1996 3532 1997 3532 1266 3533 1998 3533 1999 3533 1509 3534 2000 3534 1508 3534 1508 3535 2000 3535 1510 3535 2001 3536 2000 3536 1997 3536 1997 3537 2000 3537 1509 3537 2000 3538 2002 3538 1510 3538 2001 3539 2002 3539 2000 3539 1522 3540 2003 3540 1523 3540 1293 3541 2004 3541 1514 3541 1514 3542 2004 3542 1521 3542 1521 3543 2004 3543 1533 3543 1532 3544 2005 3544 1537 3544 2002 3545 2005 3545 1510 3545 2001 3546 2005 3546 2002 3546 1510 3547 2005 3547 1532 3547 2005 3548 2006 3548 1537 3548 1523 3549 2006 3549 1524 3549 2001 3550 2006 3550 2005 3550 1524 3551 2006 3551 2001 3551 1538 3552 2006 3552 2007 3552 1537 3553 2006 3553 1538 3553 2008 3554 2009 3554 2003 3554 1529 3555 2010 3555 1293 3555 1293 3556 2010 3556 2004 3556 1540 3557 2010 3557 1529 3557 2010 3558 2011 3558 2004 3558 2004 3559 2011 3559 1533 3559 1540 3560 2011 3560 2010 3560 1533 3561 2011 3561 1545 3561 1545 3562 2011 3562 1540 3562 2009 3563 2012 3563 2007 3563 1533 3564 2013 3564 1519 3564 1519 3565 2013 3565 1516 3565 1517 3566 2013 3566 1534 3566 1516 3567 2013 3567 1517 3567 2013 3568 2014 3568 1534 3568 1533 3569 2014 3569 2013 3569 1534 3570 2014 3570 1556 3570 2015 3571 2016 3571 2012 3571 2012 3572 2016 3572 1541 3572 1998 3573 2017 3573 2008 3573 1266 3574 2017 3574 1998 3574 2018 3575 2017 3575 1266 3575 2014 3576 2019 3576 1556 3576 1533 3577 2019 3577 2014 3577 1545 3578 2019 3578 1533 3578 1541 3579 2020 3579 1547 3579 2015 3580 2020 3580 2016 3580 1547 3581 2020 3581 1552 3581 2016 3582 2020 3582 1541 3582 1542 3583 2021 3583 1536 3583 1556 3584 2022 3584 1544 3584 1544 3585 2022 3585 1545 3585 2019 3586 2022 3586 1556 3586 1545 3587 2022 3587 2019 3587 2020 3588 2023 3588 1552 3588 2015 3589 2023 3589 2020 3589 1536 3590 2024 3590 1527 3590 2021 3591 2024 3591 1536 3591 1540 3592 2025 3592 1544 3592 1544 3593 2025 3593 1555 3593 2024 3594 2025 3594 1527 3594 1555 3595 2025 3595 1557 3595 1557 3596 2025 3596 2024 3596 1527 3597 2025 3597 1540 3597 2023 3598 2026 3598 1552 3598 1552 3599 2026 3599 2027 3599 2015 3600 2026 3600 2023 3600 1294 3601 2028 3601 1566 3601 1542 3602 2028 3602 2021 3602 1557 3603 2028 3603 1294 3603 2021 3604 2028 3604 2024 3604 2024 3605 2028 3605 1557 3605 2026 3606 2029 3606 2027 3606 1546 3607 2030 3607 1542 3607 1553 3608 2030 3608 1548 3608 1548 3609 2030 3609 1546 3609 2028 3610 2030 3610 1566 3610 1566 3611 2030 3611 1553 3611 1542 3612 2030 3612 2028 3612 2029 3613 2031 3613 2032 3613 2018 3614 2033 3614 2017 3614 2017 3615 2033 3615 2034 3615 1552 3616 2035 3616 1549 3616 2027 3617 2035 3617 1552 3617 1561 3618 2035 3618 2027 3618 2031 3619 2036 3619 2032 3619 1564 3620 2036 3620 1562 3620 2033 3621 2037 3621 1562 3621 2018 3622 2037 3622 2033 3622 1562 3623 2038 3623 1563 3623 2037 3624 2038 3624 1562 3624 1549 3625 2039 3625 1551 3625 1571 3626 2039 3626 1578 3626 1551 3627 2039 3627 1565 3627 1565 3628 2039 3628 1571 3628 2035 3629 2040 3629 1549 3629 1561 3630 2040 3630 2035 3630 1558 3631 2040 3631 1561 3631 1573 3632 2040 3632 1558 3632 2039 3633 2040 3633 1578 3633 1549 3634 2040 3634 2039 3634 1578 3635 2040 3635 1573 3635 2041 3636 2042 3636 2043 3636 2018 3637 2042 3637 2041 3637 1559 3638 2044 3638 1560 3638 1556 3639 2045 3639 1582 3639 1582 3640 2045 3640 1296 3640 1555 3641 2045 3641 1556 3641 1296 3642 2045 3642 1557 3642 1557 3643 2045 3643 1555 3643 2044 3644 2046 3644 1560 3644 1564 3645 2046 3645 2044 3645 1563 3646 2046 3646 1564 3646 2046 3647 2047 3647 1560 3647 1563 3648 2047 3648 2046 3648 2048 3649 2047 3649 1563 3649 2043 3650 2049 3650 2048 3650 1583 3651 2050 3651 1590 3651 1560 3652 2050 3652 1583 3652 2048 3653 2050 3653 2047 3653 2047 3654 2050 3654 1560 3654 2049 3655 2051 3655 1588 3655 2042 3656 2052 3656 2053 3656 2018 3657 2052 3657 2042 3657 1644 3658 2052 3658 2018 3658 1590 3659 2054 3659 1583 3659 1584 3660 2054 3660 1585 3660 1605 3661 2054 3661 1589 3661 1589 3662 2054 3662 1590 3662 1583 3663 2054 3663 1584 3663 2055 3664 2056 3664 1589 3664 1603 3665 2056 3665 2055 3665 1589 3666 2056 3666 1605 3666 1605 3667 2056 3667 1603 3667 2057 3668 2058 3668 1603 3668 1603 3669 2058 3669 1604 3669 1604 3670 2059 3670 1606 3670 2060 3671 2059 3671 2058 3671 2058 3672 2059 3672 1604 3672 1606 3673 2061 3673 1613 3673 2059 3674 2061 3674 1606 3674 2060 3675 2061 3675 2059 3675 2054 3676 2062 3676 1585 3676 1602 3677 2062 3677 1609 3677 1585 3678 2062 3678 1602 3678 1609 3679 2062 3679 1622 3679 1622 3680 2062 3680 1620 3680 1594 3681 2063 3681 1592 3681 1598 3682 2063 3682 1594 3682 1592 3683 2063 3683 1610 3683 1612 3684 2064 3684 1605 3684 1620 3685 2064 3685 1612 3685 1605 3686 2064 3686 2054 3686 2054 3687 2064 3687 2062 3687 2062 3688 2064 3688 1620 3688 1624 3689 2065 3689 1299 3689 1599 3690 2065 3690 1598 3690 1299 3691 2065 3691 1599 3691 2063 3692 2065 3692 1610 3692 1598 3693 2065 3693 2063 3693 1610 3694 2065 3694 1618 3694 1618 3695 2065 3695 1624 3695 2061 3696 2066 3696 1613 3696 2067 3697 2066 3697 2060 3697 2060 3698 2066 3698 2061 3698 1630 3699 2068 3699 1628 3699 1628 3700 2068 3700 2067 3700 2067 3701 2068 3701 2066 3701 2052 3702 2069 3702 2067 3702 1644 3703 2069 3703 2052 3703 2067 3704 2069 3704 1628 3704 1621 3705 2070 3705 1622 3705 1631 3706 2070 3706 1621 3706 1297 3707 2070 3707 1631 3707 1609 3708 2070 3708 1299 3708 1299 3709 2070 3709 1297 3709 1622 3710 2070 3710 1609 3710 1637 3711 2071 3711 1630 3711 1644 3712 2072 3712 2069 3712 2071 3713 2073 3713 1615 3713 1615 3714 2073 3714 1633 3714 1633 3715 2073 3715 1635 3715 1637 3716 2073 3716 2071 3716 1637 3717 2074 3717 2073 3717 2073 3718 2074 3718 1635 3718 1638 3719 2074 3719 1637 3719 2075 3720 2076 3720 2077 3720 1645 3721 2076 3721 2075 3721 2077 3722 2076 3722 2078 3722 1645 3723 2079 3723 2076 3723 2076 3724 2079 3724 2078 3724 2079 3725 2080 3725 2078 3725 1645 3726 2080 3726 2079 3726 1641 3727 2080 3727 1642 3727 1642 3728 2080 3728 1645 3728 2074 3729 2081 3729 1635 3729 2082 3730 2081 3730 1638 3730 1638 3731 2081 3731 2074 3731 1664 3732 2081 3732 1670 3732 1635 3733 2081 3733 1664 3733 1298 3734 2083 3734 1646 3734 1653 3735 2083 3735 1297 3735 1647 3736 2083 3736 1653 3736 1297 3737 2083 3737 1298 3737 1646 3738 2083 3738 1647 3738 2077 3739 2084 3739 2082 3739 2078 3740 2084 3740 2077 3740 1654 3741 2084 3741 1655 3741 1655 3742 2084 3742 2078 3742 2082 3743 2085 3743 2081 3743 2081 3744 2085 3744 1670 3744 1654 3745 2085 3745 2084 3745 1670 3746 2085 3746 1654 3746 2084 3747 2085 3747 2082 3747 2080 3748 2086 3748 2078 3748 1641 3749 2086 3749 2080 3749 2078 3750 2086 3750 1655 3750 1655 3751 2086 3751 1658 3751 1641 3752 2087 3752 2086 3752 2086 3753 2087 3753 1658 3753 1658 3754 2087 3754 1662 3754 1683 3755 2088 3755 1643 3755 1643 3756 2088 3756 1641 3756 2087 3757 2088 3757 1662 3757 1641 3758 2088 3758 2087 3758 1673 3759 2089 3759 1675 3759 1662 3760 2089 3760 1656 3760 1302 3761 2090 3761 1673 3761 1654 3762 2090 3762 1672 3762 1672 3763 2090 3763 1680 3763 1656 3764 2090 3764 1654 3764 1680 3765 2090 3765 1302 3765 1673 3766 2090 3766 2089 3766 2089 3767 2090 3767 1656 3767 1687 3768 2091 3768 1685 3768 1651 3769 2091 3769 1687 3769 1685 3770 2091 3770 1666 3770 1666 3771 2091 3771 1657 3771 1660 3772 2091 3772 1651 3772 1657 3773 2091 3773 1660 3773 1671 3774 2092 3774 1647 3774 1647 3775 2092 3775 1689 3775 1689 3776 2092 3776 1687 3776 1687 3777 2092 3777 1651 3777 1651 3778 2092 3778 1671 3778 1683 3779 2093 3779 1681 3779 1643 3780 2093 3780 1683 3780 1676 3781 2093 3781 1643 3781 1682 3782 2094 3782 1686 3782 1686 3783 2094 3783 1694 3783 1681 3784 2094 3784 1682 3784 1694 3785 2095 3785 1697 3785 2094 3786 2095 3786 1694 3786 1681 3787 2095 3787 2094 3787 1705 3788 2096 3788 1676 3788 2096 3789 2097 3789 2098 3789 1705 3790 2097 3790 2096 3790 1713 3791 2097 3791 1705 3791 1713 3792 2099 3792 1714 3792 1704 3793 2099 3793 1705 3793 1705 3794 2099 3794 1713 3794 1714 3795 2100 3795 1710 3795 2099 3796 2100 3796 1714 3796 1710 3797 2100 3797 1704 3797 1704 3798 2100 3798 2099 3798 1712 3799 2101 3799 1695 3799 1308 3800 2101 3800 1712 3800 1719 3801 2101 3801 1308 3801 1691 3802 2101 3802 1719 3802 1695 3803 2101 3803 1691 3803 1712 3804 2102 3804 1309 3804 1711 3805 2102 3805 1712 3805 1311 3806 2102 3806 1315 3806 1309 3807 2102 3807 1311 3807 2098 3808 2102 3808 1711 3808 1709 3809 2103 3809 1716 3809 1677 3810 2103 3810 1709 3810 2103 3811 2104 3811 1716 3811 1677 3812 2105 3812 2106 3812 1734 3813 2105 3813 2107 3813 1730 3814 2108 3814 1726 3814 1726 3815 2108 3815 1314 3815 1314 3816 2108 3816 1312 3816 1736 3817 2108 3817 1730 3817 1312 3818 2108 3818 1736 3818 2107 3819 2109 3819 1734 3819 1734 3820 2109 3820 1735 3820 1333 3821 2110 3821 1331 3821 1728 3822 2110 3822 1730 3822 1733 3823 2110 3823 1728 3823 1730 3824 2110 3824 1333 3824 2107 3825 2111 3825 2109 3825 2112 3826 2111 3826 2107 3826 1733 3827 2113 3827 2110 3827 2110 3828 2113 3828 1331 3828 1735 3829 2113 3829 1733 3829 1743 3830 2114 3830 1340 3830 1740 3831 2114 3831 1322 3831 1322 3832 2114 3832 1328 3832 1328 3833 2114 3833 1738 3833 1340 3834 2114 3834 1740 3834 1738 3835 2114 3835 1743 3835 1677 3836 2115 3836 2105 3836 2105 3837 2115 3837 2107 3837 2116 3838 2115 3838 1677 3838 2112 3839 2117 3839 2111 3839 2111 3840 2117 3840 1741 3840 1741 3841 2117 3841 1742 3841 1754 3842 2118 3842 1348 3842 1744 3843 2118 3843 1334 3843 1348 3844 2118 3844 1744 3844 1334 3845 2118 3845 1335 3845 1746 3846 2119 3846 1748 3846 2117 3847 2119 3847 1742 3847 2112 3848 2119 3848 2117 3848 1742 3849 2119 3849 1746 3849 2119 3850 2120 3850 1748 3850 2112 3851 2120 3851 2119 3851 2120 3852 2121 3852 1748 3852 2112 3853 2121 3853 2120 3853 2116 3854 2122 3854 2115 3854 2115 3855 2122 3855 2123 3855 1349 3856 2124 3856 1753 3856 1753 3857 2124 3857 1747 3857 1347 3858 2124 3858 1349 3858 1348 3859 2124 3859 1347 3859 1744 3860 2124 3860 1348 3860 1747 3861 2124 3861 1744 3861 2125 3862 2126 3862 1748 3862 1757 3863 2126 3863 2125 3863 1748 3864 2126 3864 1749 3864 1749 3865 2126 3865 1757 3865 2116 3866 2127 3866 2122 3866 2128 3867 2129 3867 2130 3867 2131 3868 2129 3868 1755 3868 2116 3869 2132 3869 2133 3869 1756 3870 2134 3870 1757 3870 1766 3871 2134 3871 1756 3871 1769 3872 2134 3872 1766 3872 1757 3873 2134 3873 1749 3873 1749 3874 2135 3874 1751 3874 1775 3875 2135 3875 1769 3875 1761 3876 2135 3876 1775 3876 1758 3877 2135 3877 1761 3877 1751 3878 2135 3878 1758 3878 2134 3879 2135 3879 1749 3879 1769 3880 2135 3880 2134 3880 1756 3881 2136 3881 1766 3881 2137 3882 2136 3882 2128 3882 1766 3883 2136 3883 1764 3883 2138 3884 2139 3884 2137 3884 2137 3885 2139 3885 2136 3885 2136 3886 2139 3886 1764 3886 1764 3887 2140 3887 1773 3887 1773 3888 2140 3888 1781 3888 2138 3889 2140 3889 2139 3889 2139 3890 2140 3890 1764 3890 2141 3891 2142 3891 2138 3891 2142 3892 2143 3892 1779 3892 2132 3893 2144 3893 2145 3893 2116 3894 2144 3894 2132 3894 2146 3895 2144 3895 2116 3895 1763 3896 2147 3896 1767 3896 1774 3897 2147 3897 1761 3897 1761 3898 2147 3898 1762 3898 1762 3899 2147 3899 1763 3899 1767 3900 2147 3900 1350 3900 1350 3901 2147 3901 1352 3901 1352 3902 2147 3902 1783 3902 1783 3903 2147 3903 1774 3903 2148 3904 2149 3904 2150 3904 1780 3905 2151 3905 1781 3905 1781 3906 2151 3906 1773 3906 1773 3907 2151 3907 1778 3907 2149 3908 2152 3908 2150 3908 2153 3909 2152 3909 2149 3909 2150 3910 2154 3910 2148 3910 2151 3911 2154 3911 2155 3911 1780 3912 2154 3912 2151 3912 2148 3913 2154 3913 1780 3913 2150 3914 2156 3914 2157 3914 2157 3915 2156 3915 1792 3915 2153 3916 2156 3916 2152 3916 2152 3917 2156 3917 2150 3917 1792 3918 2158 3918 1795 3918 2156 3919 2158 3919 1792 3919 2153 3920 2158 3920 2156 3920 1352 3921 2159 3921 1790 3921 1790 3922 2159 3922 1785 3922 1783 3923 2159 3923 1352 3923 1785 3924 2159 3924 1783 3924 2151 3925 2160 3925 1778 3925 1789 3926 2160 3926 1791 3926 1791 3927 2160 3927 1802 3927 1802 3928 2160 3928 2155 3928 1778 3929 2160 3929 1789 3929 2155 3930 2160 3930 2151 3930 2157 3931 2161 3931 2150 3931 1802 3932 2161 3932 1800 3932 2155 3933 2161 3933 1802 3933 2150 3934 2161 3934 2154 3934 2154 3935 2161 3935 2155 3935 2161 3936 2162 3936 1800 3936 1792 3937 2162 3937 2157 3937 2157 3938 2162 3938 2161 3938 1794 3939 2162 3939 1792 3939 1800 3940 2162 3940 1794 3940 2153 3941 2163 3941 2158 3941 2164 3942 2163 3942 2153 3942 2158 3943 2163 3943 1795 3943 2164 3944 2165 3944 2163 3944 1806 3945 2165 3945 1804 3945 2144 3946 2166 3946 2164 3946 2146 3947 2166 3947 2144 3947 2146 3948 2167 3948 2166 3948 2168 3949 2169 3949 1818 3949 2146 3950 2170 3950 2169 3950 1796 3951 2171 3951 1814 3951 1814 3952 2171 3952 1836 3952 1836 3953 2171 3953 1829 3953 2172 3954 2171 3954 1796 3954 2171 3955 2173 3955 1829 3955 1820 3956 2173 3956 2174 3956 2174 3957 2173 3957 2171 3957 1819 3958 2173 3958 1820 3958 1819 3959 2175 3959 2176 3959 1818 3960 2175 3960 1819 3960 1830 3961 2177 3961 2176 3961 1829 3962 2177 3962 1830 3962 1819 3963 2177 3963 2173 3963 2173 3964 2177 3964 1829 3964 2176 3965 2177 3965 1819 3965 2178 3966 2179 3966 1818 3966 1818 3967 2179 3967 2175 3967 2175 3968 2179 3968 2176 3968 2146 3969 2180 3969 2170 3969 1234 3970 2180 3970 2146 3970 2170 3971 2180 3971 2178 3971 1353 3972 2181 3972 1354 3972 1822 3973 2181 3973 1823 3973 1823 3974 2181 3974 1832 3974 1354 3975 2181 3975 1822 3975 1832 3976 2181 3976 1353 3976 1843 3977 2182 3977 1844 3977 2183 3978 2184 3978 2182 3978 1844 3979 2184 3979 1848 3979 2182 3980 2184 3980 1844 3980 1841 3981 2185 3981 1823 3981 1825 3982 2185 3982 1841 3982 1823 3983 2185 3983 1362 3983 1845 3984 2185 3984 1825 3984 1362 3985 2185 3985 1845 3985 2186 3986 2187 3986 2183 3986 1848 3987 2187 3987 1851 3987 2183 3988 2187 3988 2184 3988 2184 3989 2187 3989 1848 3989 2180 3990 2188 3990 2186 3990 1234 3991 2188 3991 2180 3991 2186 3992 2189 3992 2187 3992 1851 3993 2189 3993 1849 3993 2187 3994 2189 3994 1851 3994 1234 3995 2190 3995 2188 3995 1857 3996 2191 3996 1856 3996 1856 3997 2191 3997 1234 3997 1859 3998 2191 3998 1857 3998 1859 3999 2192 3999 2191 3999 1861 4000 2192 4000 1859 4000 1862 4001 2192 4001 1861 4001 1865 4002 2193 4002 1862 4002 1867 4003 2193 4003 1865 4003 1869 4004 2193 4004 1867 4004 1873 4005 2193 4005 1871 4005 1871 4006 2193 4006 1869 4006 1862 4007 2193 4007 2192 4007 1363 4008 2194 4008 1878 4008 1878 4009 2194 4009 1851 4009 1848 4010 2194 4010 1847 4010 1847 4011 2194 4011 1363 4011 1851 4012 2194 4012 1848 4012 1884 4013 2195 4013 1893 4013 1883 4014 2196 4014 1880 4014 1891 4015 2196 4015 1883 4015 1895 4016 2196 4016 1891 4016 2195 4017 2196 4017 1893 4017 1893 4018 2196 4018 1369 4018 1369 4019 2196 4019 1895 4019 1881 4020 2197 4020 1879 4020 1879 4021 2197 4021 1882 4021 1882 4022 2197 4022 1883 4022 1877 4023 2197 4023 1876 4023 1874 4024 2197 4024 1877 4024 1883 4025 2197 4025 1890 4025 1876 4026 2197 4026 1881 4026 1855 4027 2198 4027 1858 4027 1359 4028 2198 4028 1855 4028 1863 4029 2198 4029 1864 4029 1874 4030 2198 4030 2197 4030 1858 4031 2198 4031 1860 4031 1864 4032 2198 4032 1866 4032 1860 4033 2198 4033 1863 4033 1872 4034 2198 4034 1874 4034 1870 4035 2198 4035 1872 4035 1866 4036 2198 4036 1868 4036 1868 4037 2198 4037 1870 4037 2198 4038 2199 4038 2197 4038 2199 4039 2200 4039 2197 4039 2200 4040 2201 4040 2197 4040 2201 4041 2202 4041 2197 4041 2202 4042 2203 4042 2197 4042 2203 4043 2204 4043 2197 4043 2204 4044 2205 4044 2197 4044 2197 4045 2205 4045 1890 4045 1918 4046 2206 4046 1916 4046 1919 4047 2206 4047 1918 4047 1919 4048 2207 4048 2206 4048 1920 4049 2208 4049 1919 4049 1919 4050 2208 4050 2207 4050 1920 4051 2209 4051 2208 4051 1920 4052 2210 4052 2209 4052 1373 4053 2210 4053 1920 4053 1375 4054 2210 4054 1373 4054 1380 4055 2210 4055 1375 4055 1384 4056 2210 4056 1380 4056 1903 4057 2210 4057 1384 4057 1923 4058 2211 4058 1931 4058 1931 4059 2211 4059 1396 4059 1364 4060 2211 4060 1923 4060 1372 4061 2211 4061 1366 4061 1366 4062 2211 4062 1364 4062 1396 4063 2211 4063 1372 4063 1923 4064 2212 4064 1889 4064 1889 4065 2212 4065 1922 4065 1401 4066 2212 4066 1399 4066 1922 4067 2212 4067 1401 4067 1399 4068 2212 4068 1923 4068 1925 4069 2213 4069 1914 4069 1914 4070 2213 4070 1376 4070 1376 4071 2213 4071 1374 4071 1377 4072 2213 4072 1378 4072 1378 4073 2213 4073 1379 4073 1374 4074 2213 4074 1377 4074 1379 4075 2213 4075 1926 4075 1933 4076 2214 4076 1934 4076 1934 4077 2214 4077 1925 4077 1925 4078 2214 4078 2213 4078 1941 4079 2215 4079 1957 4079 1934 4080 2215 4080 1932 4080 1932 4081 2215 4081 1935 4081 1937 4082 2215 4082 1936 4082 1936 4083 2215 4083 1938 4083 1938 4084 2215 4084 1939 4084 1939 4085 2215 4085 1940 4085 1940 4086 2215 4086 1941 4086 1957 4087 2215 4087 1958 4087 2216 4088 2215 4088 2217 4088 1958 4089 2215 4089 2216 4089 1935 4090 2215 4090 1937 4090 1951 4091 2215 4091 1934 4091 1951 4092 2218 4092 2215 4092 1949 4093 2218 4093 1951 4093 1950 4094 2218 4094 1949 4094 2219 4095 2218 4095 1950 4095 2220 4096 2218 4096 2219 4096 2221 4097 2218 4097 2220 4097 2222 4098 2218 4098 2221 4098 2223 4099 2218 4099 2222 4099 2217 4100 2218 4100 2223 4100 2215 4101 2218 4101 2217 4101 1255 4102 2224 4102 1253 4102 1403 4103 2224 4103 1255 4103 1898 4104 2224 4104 1930 4104 1930 4105 2224 4105 1403 4105 1253 4106 2224 4106 1955 4106 1955 4107 2224 4107 1401 4107 1401 4108 2224 4108 1898 4108 1976 4109 2225 4109 1424 4109 1980 4110 2225 4110 1976 4110 1979 4111 2225 4111 1982 4111 1424 4112 2225 4112 1979 4112 1980 4113 2226 4113 2225 4113 1982 4114 2226 4114 1434 4114 1430 4115 2226 4115 1980 4115 1432 4116 2226 4116 1430 4116 1434 4117 2226 4117 1432 4117 2225 4118 2226 4118 1982 4118 803 4119 2227 4119 1054 4119 1054 4120 2227 4120 1055 4120 1055 4121 2227 4121 1056 4121 1056 4122 2227 4122 1057 4122 1057 4123 2227 4123 809 4123 1979 4124 2227 4124 803 4124 1982 4125 2227 4125 1979 4125 809 4126 2227 4126 1984 4126 2227 4127 2228 4127 1984 4127 1224 4128 2229 4128 1222 4128 1220 4129 2229 4129 1218 4129 1222 4130 2229 4130 1220 4130 1218 4131 2229 4131 1983 4131 1983 4132 2229 4132 1982 4132 1224 4133 2230 4133 2229 4133 1226 4134 2230 4134 1224 4134 1228 4135 2230 4135 1226 4135 1986 4136 2231 4136 1985 4136 1217 4137 2231 4137 1987 4137 1449 4138 2231 4138 1448 4138 1448 4139 2231 4139 1209 4139 1213 4140 2231 4140 1215 4140 1215 4141 2231 4141 1217 4141 1211 4142 2231 4142 1213 4142 1209 4143 2231 4143 1211 4143 1985 4144 2231 4144 1449 4144 1989 4145 2232 4145 1279 4145 2231 4146 2232 4146 1987 4146 1987 4147 2232 4147 1989 4147 1279 4148 2232 4148 1278 4148 1278 4149 2232 4149 1280 4149 1280 4150 2232 4150 1986 4150 1986 4151 2232 4151 2231 4151 1496 4152 2233 4152 1995 4152 2234 4153 2233 4153 1994 4153 1995 4154 2233 4154 1996 4154 1492 4155 2233 4155 1493 4155 1994 4156 2233 4156 1492 4156 1493 4157 2233 4157 1494 4157 1494 4158 2233 4158 1495 4158 1495 4159 2233 4159 1496 4159 1993 4160 2235 4160 1994 4160 1991 4161 2235 4161 1992 4161 1994 4162 2235 4162 2234 4162 1266 4163 2235 4163 1991 4163 1992 4164 2235 4164 1993 4164 2235 4165 2236 4165 2234 4165 1266 4166 2236 4166 2235 4166 2234 4167 2236 4167 2237 4167 2237 4168 2236 4168 1999 4168 1999 4169 2236 4169 1266 4169 2233 4170 2238 4170 1996 4170 1996 4171 2238 4171 1997 4171 2234 4172 2238 4172 2233 4172 2237 4173 2239 4173 2234 4173 2234 4174 2239 4174 2238 4174 2238 4175 2239 4175 1997 4175 1999 4176 2240 4176 2237 4176 2237 4177 2240 4177 2239 4177 1998 4178 2240 4178 1999 4178 1522 4179 2240 4179 1998 4179 1524 4180 2240 4180 1522 4180 2008 4181 2241 4181 1998 4181 1998 4182 2241 4182 1522 4182 1522 4183 2241 4183 2003 4183 2003 4184 2241 4184 2008 4184 2007 4185 2242 4185 2009 4185 2003 4186 2242 4186 1523 4186 2009 4187 2242 4187 2003 4187 1523 4188 2242 4188 2006 4188 2006 4189 2242 4189 2007 4189 2008 4190 2243 4190 2009 4190 2009 4191 2243 4191 2012 4191 2012 4192 2243 4192 2015 4192 2012 4193 2244 4193 2007 4193 1541 4194 2244 4194 2012 4194 2007 4195 2244 4195 1538 4195 1538 4196 2244 4196 1541 4196 2017 4197 2245 4197 2008 4197 2243 4198 2245 4198 2015 4198 2008 4199 2245 4199 2243 4199 2026 4200 2246 4200 2029 4200 2245 4201 2246 4201 2015 4201 2015 4202 2246 4202 2026 4202 2034 4203 2247 4203 2017 4203 2246 4204 2247 4204 2029 4204 2247 4205 2248 4205 2029 4205 2031 4206 2248 4206 2034 4206 2029 4207 2248 4207 2031 4207 2034 4208 2248 4208 2247 4208 2034 4209 2249 4209 2031 4209 2031 4210 2249 4210 2036 4210 1559 4211 2250 4211 2032 4211 2032 4212 2250 4212 2029 4212 2027 4213 2250 4213 1561 4213 1561 4214 2250 4214 1559 4214 2029 4215 2250 4215 2027 4215 1562 4216 2251 4216 2033 4216 2033 4217 2251 4217 2034 4217 2036 4218 2251 4218 1562 4218 2034 4219 2251 4219 2249 4219 2249 4220 2251 4220 2036 4220 2032 4221 2252 4221 1559 4221 2036 4222 2252 4222 2032 4222 1564 4223 2252 4223 2036 4223 2044 4224 2252 4224 1564 4224 1559 4225 2252 4225 2044 4225 2018 4226 2253 4226 2037 4226 2037 4227 2253 4227 2038 4227 2038 4228 2253 4228 2041 4228 2041 4229 2253 4229 2018 4229 2038 4230 2254 4230 1563 4230 2041 4231 2254 4231 2038 4231 2043 4232 2254 4232 2041 4232 2048 4233 2254 4233 2043 4233 1563 4234 2254 4234 2048 4234 2042 4235 2255 4235 2043 4235 2043 4236 2255 4236 2049 4236 2053 4237 2256 4237 2042 4237 2042 4238 2256 4238 2255 4238 2051 4239 2256 4239 2053 4239 2049 4240 2256 4240 2051 4240 2255 4241 2256 4241 2049 4241 2049 4242 2257 4242 2048 4242 2048 4243 2257 4243 2050 4243 2050 4244 2257 4244 1590 4244 1590 4245 2258 4245 1588 4245 2257 4246 2258 4246 1590 4246 2049 4247 2258 4247 2257 4247 1588 4248 2258 4248 2049 4248 2053 4249 2259 4249 2051 4249 2053 4250 2260 4250 2259 4250 2052 4251 2260 4251 2053 4251 2259 4252 2260 4252 2261 4252 1588 4253 2262 4253 1589 4253 1589 4254 2262 4254 2055 4254 2055 4255 2262 4255 2261 4255 2060 4256 2263 4256 2067 4256 2067 4257 2263 4257 2052 4257 2066 4258 2264 4258 1613 4258 2068 4259 2264 4259 2066 4259 2264 4260 2265 4260 2071 4260 2068 4261 2265 4261 2264 4261 2071 4262 2265 4262 1630 4262 1630 4263 2265 4263 2068 4263 1628 4264 2266 4264 1629 4264 2069 4265 2266 4265 1628 4265 2072 4266 2267 4266 2069 4266 2266 4267 2267 4267 1629 4267 2268 4268 2267 4268 2072 4268 2069 4269 2267 4269 2266 4269 1644 4270 2269 4270 2072 4270 2072 4271 2269 4271 2268 4271 2268 4272 2269 4272 2270 4272 1644 4273 2271 4273 2269 4273 2269 4274 2271 4274 2270 4274 2270 4275 2271 4275 2075 4275 1644 4276 2272 4276 2271 4276 2075 4277 2272 4277 1645 4277 2271 4278 2272 4278 2075 4278 1645 4279 2272 4279 1644 4279 1629 4280 2273 4280 1638 4280 2267 4281 2273 4281 1629 4281 2268 4282 2273 4282 2267 4282 2270 4283 2273 4283 2268 4283 2270 4284 2274 4284 2273 4284 2273 4285 2274 4285 1638 4285 2274 4286 2275 4286 1638 4286 2082 4287 2275 4287 2077 4287 1638 4288 2275 4288 2082 4288 2088 4289 2276 4289 1662 4289 1662 4290 2276 4290 2089 4290 2089 4291 2276 4291 1675 4291 1683 4292 2276 4292 2088 4292 1675 4293 2276 4293 1683 4293 2096 4294 2277 4294 1676 4294 2278 4295 2277 4295 2096 4295 1676 4296 2277 4296 2093 4296 2093 4297 2277 4297 2278 4297 2095 4298 2279 4298 1697 4298 1681 4299 2279 4299 2095 4299 1697 4300 2279 4300 1699 4300 2278 4301 2279 4301 2093 4301 2093 4302 2279 4302 1681 4302 2279 4303 2280 4303 1699 4303 2278 4304 2280 4304 2279 4304 2096 4305 2280 4305 2278 4305 2098 4306 2280 4306 2096 4306 1315 4307 2281 4307 1713 4307 2102 4308 2281 4308 1315 4308 2097 4309 2281 4309 2098 4309 1713 4310 2281 4310 2097 4310 2098 4311 2281 4311 2102 4311 2103 4312 2282 4312 2104 4312 1677 4313 2282 4313 2103 4313 2283 4314 2284 4314 2106 4314 2106 4315 2284 4315 1677 4315 2104 4316 2284 4316 2283 4316 1677 4317 2284 4317 2282 4317 2282 4318 2284 4318 2104 4318 1716 4319 2285 4319 1724 4319 1724 4320 2285 4320 1729 4320 2104 4321 2285 4321 1716 4321 2283 4322 2286 4322 2104 4322 2104 4323 2286 4323 2285 4323 2285 4324 2286 4324 1729 4324 2283 4325 2287 4325 2286 4325 1729 4326 2287 4326 1732 4326 2286 4327 2287 4327 1729 4327 2105 4328 2288 4328 2106 4328 2106 4329 2288 4329 2283 4329 2283 4330 2288 4330 2287 4330 1732 4331 2288 4331 1734 4331 2287 4332 2288 4332 1732 4332 1734 4333 2288 4333 2105 4333 1735 4334 2289 4334 2113 4334 2109 4335 2289 4335 1735 4335 2111 4336 2290 4336 2109 4336 1741 4337 2290 4337 2111 4337 2289 4338 2290 4338 2113 4338 2109 4339 2290 4339 2289 4339 2107 4340 2291 4340 2112 4340 2115 4341 2291 4341 2107 4341 1754 4342 2292 4342 2118 4342 1341 4343 2292 4343 1343 4343 1343 4344 2292 4344 1754 4344 2118 4345 2292 4345 1335 4345 1335 4346 2292 4346 1341 4346 2291 4347 2293 4347 2112 4347 2112 4348 2293 4348 2121 4348 2123 4349 2294 4349 2115 4349 2123 4350 2295 4350 2294 4350 2131 4351 2295 4351 2123 4351 2294 4352 2295 4352 2296 4352 2122 4353 2297 4353 2123 4353 2123 4354 2297 4354 2131 4354 2131 4355 2297 4355 2129 4355 2125 4356 2298 4356 1757 4356 1757 4357 2298 4357 1755 4357 2127 4358 2299 4358 2122 4358 2130 4359 2299 4359 2127 4359 2299 4360 2300 4360 2122 4360 2129 4361 2300 4361 2130 4361 2122 4362 2300 4362 2297 4362 2297 4363 2300 4363 2129 4363 2130 4364 2300 4364 2299 4364 2116 4365 2301 4365 2127 4365 2127 4366 2301 4366 2302 4366 2133 4367 2301 4367 2116 4367 2302 4368 2301 4368 2133 4368 2128 4369 2303 4369 2129 4369 2136 4370 2303 4370 2128 4370 1755 4371 2303 4371 1756 4371 1756 4372 2303 4372 2136 4372 2129 4373 2303 4373 1755 4373 2130 4374 2304 4374 2128 4374 2128 4375 2304 4375 2137 4375 2304 4376 2305 4376 2137 4376 2137 4377 2305 4377 2138 4377 2138 4378 2305 4378 2141 4378 2133 4379 2305 4379 2302 4379 2141 4380 2305 4380 2133 4380 2132 4381 2306 4381 2133 4381 2133 4382 2306 4382 2141 4382 2132 4383 2307 4383 2306 4383 2141 4384 2307 4384 2142 4384 2306 4385 2307 4385 2141 4385 2132 4386 2308 4386 2307 4386 2307 4387 2308 4387 2142 4387 2145 4388 2308 4388 2132 4388 2143 4389 2308 4389 2145 4389 2142 4390 2308 4390 2143 4390 2142 4391 2309 4391 2138 4391 1781 4392 2309 4392 1779 4392 2138 4393 2309 4393 2140 4393 2140 4394 2309 4394 1781 4394 1779 4395 2309 4395 2142 4395 2145 4396 2310 4396 2143 4396 2310 4397 2311 4397 2312 4397 2145 4398 2311 4398 2310 4398 2144 4399 2311 4399 2145 4399 1779 4400 2313 4400 1780 4400 1780 4401 2313 4401 2148 4401 2149 4402 2314 4402 2153 4402 2314 4403 2315 4403 2153 4403 2164 4404 2315 4404 2144 4404 2153 4405 2315 4405 2164 4405 2163 4406 2316 4406 1795 4406 2165 4407 2316 4407 2163 4407 2164 4408 2317 4408 2165 4408 2165 4409 2317 4409 1804 4409 2166 4410 2317 4410 2164 4410 2165 4411 2318 4411 2316 4411 1806 4412 2318 4412 2165 4412 2316 4413 2318 4413 2172 4413 2172 4414 2318 4414 1806 4414 2319 4415 2320 4415 2167 4415 1804 4416 2320 4416 1805 4416 2146 4417 2321 4417 2167 4417 2167 4418 2321 4418 2319 4418 2319 4419 2322 4419 2320 4419 2320 4420 2322 4420 1805 4420 2146 4421 2323 4421 2321 4421 2168 4422 2323 4422 2169 4422 2169 4423 2323 4423 2146 4423 1805 4424 2324 4424 2174 4424 2322 4425 2324 4425 1805 4425 2319 4426 2324 4426 2322 4426 2174 4427 2324 4427 1820 4427 2319 4428 2325 4428 2324 4428 2324 4429 2325 4429 1820 4429 2174 4430 2326 4430 1805 4430 1806 4431 2326 4431 2172 4431 1805 4432 2326 4432 1806 4432 2172 4433 2326 4433 2171 4433 2171 4434 2326 4434 2174 4434 1818 4435 2327 4435 2168 4435 2168 4436 2327 4436 2325 4436 2325 4437 2327 4437 1820 4437 1820 4438 2327 4438 1818 4438 1818 4439 2328 4439 2178 4439 2170 4440 2328 4440 2169 4440 2169 4441 2328 4441 1818 4441 2178 4442 2328 4442 2170 4442 2180 4443 2329 4443 2178 4443 2179 4444 2330 4444 2176 4444 2183 4445 2331 4445 2186 4445 2186 4446 2331 4446 2180 4446 2180 4447 2331 4447 2329 4447 2329 4448 2331 4448 2332 4448 2182 4449 2333 4449 2183 4449 2183 4450 2333 4450 2331 4450 2331 4451 2333 4451 2332 4451 2332 4452 2333 4452 2330 4452 2189 4453 2334 4453 1849 4453 2190 4454 2334 4454 2188 4454 2188 4455 2334 4455 2186 4455 2186 4456 2334 4456 2189 4456 2190 4457 2335 4457 2336 4457 1234 4458 2335 4458 2190 4458 2336 4459 2335 4459 2337 4459 2192 4460 2338 4460 2191 4460 2191 4461 2338 4461 1234 4461 2337 4462 2338 4462 2193 4462 2193 4463 2338 4463 2192 4463 1234 4464 2338 4464 2335 4464 2335 4465 2338 4465 2337 4465 2336 4466 2339 4466 2190 4466 2334 4467 2339 4467 1849 4467 1849 4468 2339 4468 1850 4468 2190 4469 2339 4469 2334 4469 2336 4470 2340 4470 2339 4470 1850 4471 2340 4471 1884 4471 2337 4472 2340 4472 2336 4472 2339 4473 2340 4473 1850 4473 1880 4474 2341 4474 1875 4474 1873 4475 2341 4475 2193 4475 2193 4476 2341 4476 2337 4476 2196 4477 2341 4477 1880 4477 2195 4478 2341 4478 2196 4478 1875 4479 2341 4479 1873 4479 1884 4480 2342 4480 2195 4480 2340 4481 2342 4481 1884 4481 2337 4482 2342 4482 2340 4482 2341 4483 2342 4483 2337 4483 2195 4484 2342 4484 2341 4484 1233 4485 2343 4485 1359 4485 1359 4486 2343 4486 2198 4486 1368 4487 2344 4487 1902 4487 1890 4488 2344 4488 1894 4488 1896 4489 2344 4489 1368 4489 1894 4490 2344 4490 1896 4490 1903 4491 2344 4491 2205 4491 2205 4492 2344 4492 1890 4492 1902 4493 2344 4493 1903 4493 1906 4494 2345 4494 1904 4494 1907 4495 2345 4495 1906 4495 1908 4496 2345 4496 1907 4496 1909 4497 2345 4497 1908 4497 1910 4498 2345 4498 1909 4498 1911 4499 2345 4499 1910 4499 1916 4500 2345 4500 1911 4500 2206 4501 2345 4501 1916 4501 1233 4502 2345 4502 2343 4502 2343 4503 2345 4503 2206 4503 1912 4504 2345 4504 1233 4504 1904 4505 2345 4505 1912 4505 1927 4506 2346 4506 1928 4506 1948 4507 2346 4507 1942 4507 1928 4508 2346 4508 1948 4508 1933 4509 2346 4509 2214 4509 2213 4510 2346 4510 1926 4510 2214 4511 2346 4511 2213 4511 1942 4512 2346 4512 1933 4512 1926 4513 2346 4513 1927 4513 2230 4514 2347 4514 2229 4514 2229 4515 2347 4515 1982 4515 2227 4516 2347 4516 2228 4516 1982 4517 2347 4517 2227 4517 2228 4518 2347 4518 2230 4518 1228 4519 2348 4519 2230 4519 1480 4520 2348 4520 1481 4520 1229 4521 2348 4521 1228 4521 1984 4522 2348 4522 1480 4522 2230 4523 2348 4523 2228 4523 1231 4524 2348 4524 1229 4524 1481 4525 2348 4525 1231 4525 2228 4526 2348 4526 1984 4526 2240 4527 2349 4527 2239 4527 2239 4528 2349 4528 1997 4528 1524 4529 2349 4529 2240 4529 1997 4530 2349 4530 2001 4530 2001 4531 2349 4531 1524 4531 2245 4532 2350 4532 2246 4532 2247 4533 2350 4533 2017 4533 2246 4534 2350 4534 2247 4534 2017 4535 2350 4535 2245 4535 1588 4536 2351 4536 2262 4536 2051 4537 2351 4537 1588 4537 2259 4538 2351 4538 2051 4538 2261 4539 2351 4539 2259 4539 2262 4540 2351 4540 2261 4540 2263 4541 2352 4541 2052 4541 2052 4542 2352 4542 2260 4542 2260 4543 2352 4543 2353 4543 2353 4544 2352 4544 2263 4544 2260 4545 2354 4545 2261 4545 2353 4546 2354 4546 2260 4546 2060 4547 2355 4547 2263 4547 2353 4548 2355 4548 2354 4548 2057 4549 2355 4549 2058 4549 2058 4550 2355 4550 2060 4550 2354 4551 2355 4551 2057 4551 2263 4552 2355 4552 2353 4552 1615 4553 2356 4553 2071 4553 2071 4554 2356 4554 2264 4554 2264 4555 2356 4555 1613 4555 1613 4556 2356 4556 1614 4556 1614 4557 2356 4557 1615 4557 2270 4558 2357 4558 2274 4558 2275 4559 2357 4559 2077 4559 2077 4560 2357 4560 2075 4560 2274 4561 2357 4561 2275 4561 2075 4562 2357 4562 2270 4562 1695 4563 2358 4563 1711 4563 2098 4564 2358 4564 2280 4564 1699 4565 2358 4565 1695 4565 2280 4566 2358 4566 1699 4566 1711 4567 2358 4567 2098 4567 1741 4568 2359 4568 2290 4568 2113 4569 2359 4569 1331 4569 2290 4570 2359 4570 2113 4570 1739 4571 2359 4571 1741 4571 1331 4572 2359 4572 1739 4572 2115 4573 2360 4573 2291 4573 2291 4574 2360 4574 2293 4574 2294 4575 2360 4575 2115 4575 2293 4576 2360 4576 2294 4576 2293 4577 2361 4577 2121 4577 2296 4578 2361 4578 2294 4578 2294 4579 2361 4579 2293 4579 2296 4580 2362 4580 2298 4580 1755 4581 2362 4581 2131 4581 2295 4582 2362 4582 2296 4582 2131 4583 2362 4583 2295 4583 2298 4584 2362 4584 1755 4584 2302 4585 2363 4585 2127 4585 2127 4586 2363 4586 2130 4586 2130 4587 2363 4587 2304 4587 2305 4588 2363 4588 2302 4588 2304 4589 2363 4589 2305 4589 2312 4590 2364 4590 2310 4590 1779 4591 2364 4591 2313 4591 2310 4592 2364 4592 2143 4592 2143 4593 2364 4593 1779 4593 2313 4594 2364 4594 2312 4594 2144 4595 2365 4595 2311 4595 2311 4596 2365 4596 2314 4596 2315 4597 2365 4597 2144 4597 2314 4598 2365 4598 2315 4598 2311 4599 2366 4599 2312 4599 2314 4600 2366 4600 2311 4600 2149 4601 2366 4601 2314 4601 2317 4602 2367 4602 1804 4602 2166 4603 2367 4603 2317 4603 2167 4604 2367 4604 2166 4604 1804 4605 2367 4605 2320 4605 2320 4606 2367 4606 2167 4606 1795 4607 2368 4607 1793 4607 1793 4608 2368 4608 1796 4608 2172 4609 2368 4609 2316 4609 1796 4610 2368 4610 2172 4610 2316 4611 2368 4611 1795 4611 2321 4612 2369 4612 2319 4612 2319 4613 2369 4613 2325 4613 2168 4614 2369 4614 2323 4614 2325 4615 2369 4615 2168 4615 2323 4616 2369 4616 2321 4616 2329 4617 2370 4617 2178 4617 2330 4618 2370 4618 2332 4618 2332 4619 2370 4619 2329 4619 2179 4620 2370 4620 2330 4620 2178 4621 2370 4621 2179 4621 2176 4622 2371 4622 1830 4622 1830 4623 2371 4623 1840 4623 2330 4624 2371 4624 2176 4624 2371 4625 2372 4625 1840 4625 1840 4626 2372 4626 1843 4626 2333 4627 2372 4627 2330 4627 2330 4628 2372 4628 2371 4628 2333 4629 2373 4629 2372 4629 2182 4630 2373 4630 2333 4630 1843 4631 2373 4631 2182 4631 2372 4632 2373 4632 1843 4632 2199 4633 2374 4633 2200 4633 2201 4634 2374 4634 2202 4634 2200 4635 2374 4635 2201 4635 2202 4636 2374 4636 2203 4636 2343 4637 2374 4637 2198 4637 2198 4638 2374 4638 2199 4638 2203 4639 2374 4639 2204 4639 2204 4640 2374 4640 2205 4640 2205 4641 2374 4641 1903 4641 2210 4642 2374 4642 2209 4642 2206 4643 2374 4643 2343 4643 2208 4644 2374 4644 2207 4644 2209 4645 2374 4645 2208 4645 1903 4646 2374 4646 2210 4646 2207 4647 2374 4647 2206 4647 1603 4648 2375 4648 2057 4648 2055 4649 2375 4649 1603 4649 2354 4650 2375 4650 2261 4650 2261 4651 2375 4651 2055 4651 2057 4652 2375 4652 2354 4652 2298 4653 2376 4653 2296 4653 1748 4654 2376 4654 2125 4654 2121 4655 2376 4655 1748 4655 2296 4656 2376 4656 2361 4656 2361 4657 2376 4657 2121 4657 2125 4658 2376 4658 2298 4658 2149 4659 2377 4659 2366 4659 2148 4660 2377 4660 2149 4660 2313 4661 2377 4661 2148 4661 2366 4662 2377 4662 2312 4662 2312 4663 2377 4663 2313 4663 2378 4664 328 4664 2379 4664 350 4665 328 4665 2378 4665 2380 4666 350 4666 2378 4666 201 4667 136 4667 2381 4667 2382 4668 200 4668 201 4668 2382 4669 201 4669 2381 4669 2383 4670 2381 4670 136 4670 135 4671 350 4671 2380 4671 2384 4672 136 4672 135 4672 2384 4673 2383 4673 136 4673 2385 4674 2380 4674 2383 4674 2385 4675 135 4675 2380 4675 2385 4676 2383 4676 2384 4676 2385 4677 2384 4677 135 4677 2386 4678 200 4678 2382 4678 213 4679 200 4679 2386 4679 2387 4680 209 4680 213 4680 2387 4681 213 4681 2386 4681 208 4682 2387 4682 2388 4682 208 4683 209 4683 2387 4683 206 4684 2388 4684 2389 4684 206 4685 208 4685 2388 4685 205 4686 2389 4686 2390 4686 205 4687 206 4687 2389 4687 43 4688 2390 4688 2391 4688 43 4689 205 4689 2390 4689 40 4690 43 4690 2391 4690 39 4691 2391 4691 2392 4691 39 4692 40 4692 2391 4692 38 4693 39 4693 2392 4693 784 4694 2392 4694 2393 4694 784 4695 38 4695 2392 4695 783 4696 784 4696 2393 4696 782 4697 783 4697 2393 4697 781 4698 782 4698 2393 4698 780 4699 781 4699 2393 4699 778 4700 2393 4700 2394 4700 778 4701 780 4701 2393 4701 775 4702 778 4702 2394 4702 774 4703 775 4703 2394 4703 772 4704 774 4704 2394 4704 773 4705 772 4705 2394 4705 1042 4706 773 4706 2394 4706 1043 4707 1042 4707 2394 4707 1049 4708 1043 4708 2394 4708 1048 4709 1049 4709 2394 4709 1047 4710 1048 4710 2394 4710 1046 4711 1047 4711 2394 4711 1045 4712 1046 4712 2394 4712 765 4713 1045 4713 2394 4713 762 4714 765 4714 2394 4714 762 4715 2394 4715 2395 4715 759 4716 2395 4716 25 4716 761 4717 762 4717 2395 4717 760 4718 2395 4718 759 4718 760 4719 761 4719 2395 4719 2396 4720 2397 4720 58 4720 59 4721 2396 4721 58 4721 2398 4722 2396 4722 59 4722 844 4723 2398 4723 59 4723 2399 4724 2398 4724 844 4724 459 4725 2399 4725 844 4725 2400 4726 2401 4726 492 4726 942 4727 2400 4727 492 4727 2402 4728 2400 4728 942 4728 972 4729 2402 4729 942 4729 2403 4730 2402 4730 972 4730 26 4731 2403 4731 972 4731 2395 4732 2403 4732 26 4732 25 4733 2395 4733 26 4733 2404 4734 2401 4734 2399 4734 2404 4735 2399 4735 459 4735 2405 4736 459 4736 492 4736 2405 4737 492 4737 2401 4737 2405 4738 2404 4738 459 4738 2405 4739 2401 4739 2404 4739 328 4740 2406 4740 2379 4740 328 4741 1535 4741 2406 4741 1535 4742 2407 4742 2406 4742 1339 4743 1404 4743 2408 4743 1402 4744 2409 4744 1404 4744 1404 4745 2409 4745 2408 4745 2408 4746 2410 4746 1339 4746 1535 4747 1337 4747 2407 4747 1339 4748 2411 4748 1337 4748 2410 4749 2411 4749 1339 4749 2407 4750 2412 4750 2410 4750 1337 4751 2412 4751 2407 4751 2410 4752 2412 4752 2411 4752 2411 4753 2412 4753 1337 4753 1402 4754 2413 4754 2409 4754 1402 4755 1416 4755 2413 4755 1412 4756 2414 4756 1416 4756 1416 4757 2414 4757 2413 4757 2414 4758 1411 4758 2415 4758 1412 4759 1411 4759 2414 4759 2415 4760 1409 4760 2416 4760 1411 4761 1409 4761 2415 4761 2416 4762 1408 4762 2417 4762 1409 4763 1408 4763 2416 4763 2417 4764 1251 4764 2418 4764 1408 4765 1251 4765 2417 4765 1251 4766 1248 4766 2418 4766 2418 4767 1247 4767 2419 4767 1248 4768 1247 4768 2418 4768 1247 4769 1245 4769 2419 4769 2419 4770 1969 4770 2420 4770 1245 4771 1969 4771 2419 4771 1969 4772 1968 4772 2420 4772 1968 4773 1967 4773 2420 4773 1967 4774 1966 4774 2420 4774 1966 4775 1965 4775 2420 4775 2420 4776 1963 4776 2421 4776 1965 4777 1963 4777 2420 4777 1963 4778 1960 4778 2421 4778 1960 4779 1959 4779 2421 4779 1959 4780 1956 4780 2421 4780 1956 4781 1958 4781 2421 4781 1958 4782 2216 4782 2421 4782 2216 4783 2217 4783 2421 4783 2217 4784 2223 4784 2421 4784 2223 4785 2222 4785 2421 4785 2222 4786 2221 4786 2421 4786 2221 4787 2220 4787 2421 4787 2220 4788 2219 4788 2421 4788 2219 4789 1950 4789 2421 4789 1950 4790 1947 4790 2421 4790 2421 4791 1947 4791 2422 4791 2422 4792 1944 4792 1232 4792 1947 4793 1946 4793 2422 4793 2422 4794 1945 4794 1944 4794 1946 4795 1945 4795 2422 4795 2397 4796 2423 4796 58 4796 2423 4797 1266 4797 58 4797 2423 4798 2424 4798 1266 4798 2424 4799 2018 4799 1266 4799 2424 4800 2425 4800 2018 4800 2425 4801 1644 4801 2018 4801 2426 4802 2427 4802 1677 4802 2427 4803 2116 4803 1677 4803 2427 4804 2428 4804 2116 4804 2428 4805 2146 4805 2116 4805 2428 4806 2429 4806 2146 4806 2429 4807 1234 4807 2146 4807 2429 4808 2422 4808 1234 4808 2422 4809 1232 4809 1234 4809 2426 4810 2430 4810 2425 4810 2425 4811 2430 4811 1644 4811 1644 4812 2431 4812 1677 4812 2426 4813 2431 4813 2430 4813 1677 4814 2431 4814 2426 4814 2430 4815 2431 4815 1644 4815 2432 4816 2433 4816 2434 4816 2435 4817 2434 4817 2436 4817 2435 4818 2432 4818 2434 4818 2437 4819 2436 4819 2438 4819 2437 4820 2435 4820 2436 4820 2439 4821 2437 4821 2438 4821 2439 4822 2438 4822 2440 4822 2441 4823 2397 4823 2396 4823 2442 4824 2383 4824 2380 4824 2442 4825 2380 4825 2443 4825 2444 4826 2383 4826 2442 4826 2445 4827 2389 4827 2388 4827 2445 4828 2446 4828 2447 4828 2448 4829 2403 4829 2395 4829 2449 4830 2445 4830 2447 4830 2449 4831 2389 4831 2445 4831 2449 4832 2447 4832 2450 4832 2449 4833 2390 4833 2389 4833 2449 4834 2391 4834 2390 4834 2451 4835 2391 4835 2449 4835 2451 4836 2450 4836 2452 4836 2451 4837 2452 4837 2448 4837 2451 4838 2448 4838 2395 4838 2451 4839 2449 4839 2450 4839 2451 4840 2392 4840 2391 4840 2451 4841 2393 4841 2392 4841 2451 4842 2394 4842 2393 4842 2451 4843 2395 4843 2394 4843 2453 4844 2379 4844 2454 4844 2453 4845 2454 4845 2455 4845 2456 4846 2455 4846 2457 4846 2456 4847 2453 4847 2455 4847 2456 4848 2458 4848 2453 4848 2459 4849 2379 4849 2453 4849 2459 4850 2453 4850 2458 4850 2460 4851 2459 4851 2458 4851 2460 4852 2456 4852 2433 4852 2460 4853 2458 4853 2456 4853 2461 4854 2378 4854 2379 4854 2461 4855 2379 4855 2459 4855 2462 4856 2463 4856 2464 4856 2462 4857 2432 4857 2435 4857 2462 4858 2464 4858 2432 4858 2465 4859 2439 4859 2440 4859 2465 4860 2466 4860 2439 4860 2465 4861 2440 4861 2467 4861 2465 4862 2468 4862 2469 4862 2465 4863 2469 4863 2466 4863 2470 4864 2468 4864 2465 4864 2470 4865 2471 4865 2472 4865 2470 4866 2473 4866 2471 4866 2470 4867 2474 4867 2473 4867 2470 4868 2441 4868 2474 4868 2470 4869 2472 4869 2468 4869 2470 4870 2475 4870 2441 4870 2470 4871 2467 4871 2475 4871 2470 4872 2465 4872 2467 4872 2476 4873 2378 4873 2461 4873 2476 4874 2461 4874 2463 4874 2477 4875 2437 4875 2439 4875 2478 4876 2476 4876 2463 4876 2479 4877 2463 4877 2462 4877 2479 4878 2462 4878 2480 4878 2481 4879 2463 4879 2479 4879 2482 4880 2441 4880 2396 4880 2483 4881 2478 4881 2484 4881 2483 4882 2476 4882 2478 4882 2485 4883 2486 4883 2487 4883 2488 4884 2481 4884 2489 4884 2488 4885 2490 4885 2484 4885 2491 4886 2488 4886 2489 4886 2492 4887 2485 4887 2487 4887 2493 4888 2494 4888 2495 4888 2496 4889 2497 4889 2498 4889 2499 4890 2378 4890 2494 4890 2499 4891 2380 4891 2378 4891 2500 4892 2380 4892 2499 4892 2501 4893 2502 4893 2503 4893 2504 4894 2501 4894 2503 4894 2505 4895 2380 4895 2500 4895 2505 4896 2500 4896 2506 4896 2505 4897 2506 4897 2507 4897 2508 4898 2502 4898 2501 4898 2509 4899 2443 4899 2380 4899 2509 4900 2380 4900 2505 4900 2510 4901 2443 4901 2509 4901 2510 4902 2505 4902 2507 4902 2510 4903 2509 4903 2505 4903 2511 4904 2507 4904 2512 4904 2513 4905 2510 4905 2507 4905 2514 4906 2513 4906 2507 4906 2514 4907 2515 4907 2513 4907 2516 4908 2507 4908 2511 4908 2516 4909 2514 4909 2507 4909 2516 4910 2515 4910 2514 4910 2517 4911 2443 4911 2510 4911 2517 4912 2513 4912 2515 4912 2517 4913 2510 4913 2513 4913 2518 4914 2519 4914 2443 4914 2518 4915 2520 4915 2519 4915 2518 4916 2443 4916 2517 4916 2521 4917 2516 4917 2522 4917 2521 4918 2515 4918 2516 4918 2523 4919 2518 4919 2517 4919 2524 4920 2521 4920 2522 4920 2525 4921 2443 4921 2519 4921 2525 4922 2519 4922 2520 4922 2525 4923 2442 4923 2443 4923 2526 4924 2520 4924 2518 4924 2526 4925 2518 4925 2523 4925 2527 4926 2444 4926 2442 4926 2527 4927 2442 4927 2525 4927 2528 4928 2520 4928 2526 4928 2529 4929 2527 4929 2525 4929 2529 4930 2525 4930 2520 4930 2529 4931 2520 4931 2528 4931 2530 4932 2527 4932 2529 4932 2531 4933 2444 4933 2527 4933 2531 4934 2527 4934 2530 4934 2531 4935 2532 4935 2444 4935 2533 4936 2531 4936 2530 4936 2534 4937 2535 4937 2536 4937 2537 4938 2383 4938 2444 4938 2537 4939 2444 4939 2532 4939 2538 4940 2383 4940 2537 4940 2539 4941 2533 4941 2540 4941 2541 4942 2542 4942 2532 4942 2543 4943 2541 4943 2539 4943 2544 4944 2538 4944 2545 4944 2544 4945 2383 4945 2538 4945 2544 4946 2545 4946 2546 4946 2547 4947 2383 4947 2544 4947 2548 4948 2544 4948 2546 4948 2548 4949 2547 4949 2544 4949 2549 4950 2548 4950 2546 4950 2550 4951 2551 4951 2549 4951 2552 4952 2551 4952 2550 4952 2553 4953 2554 4953 2555 4953 2553 4954 2381 4954 2554 4954 2556 4955 2557 4955 2558 4955 2556 4956 2558 4956 2559 4956 2560 4957 2381 4957 2553 4957 2561 4958 2562 4958 2563 4958 2564 4959 2565 4959 2566 4959 2567 4960 2565 4960 2564 4960 2567 4961 2561 4961 2565 4961 2567 4962 2562 4962 2561 4962 2568 4963 2567 4963 2564 4963 2568 4964 2562 4964 2567 4964 2569 4965 2402 4965 2403 4965 2569 4966 2562 4966 2568 4966 2569 4967 2570 4967 2562 4967 2571 4968 2570 4968 2569 4968 2571 4969 2572 4969 2570 4969 2573 4970 2452 4970 2450 4970 2573 4971 2450 4971 2447 4971 2573 4972 2447 4972 2446 4972 2574 4973 2403 4973 2448 4973 2574 4974 2448 4974 2452 4974 2574 4975 2452 4975 2573 4975 2574 4976 2573 4976 2575 4976 2576 4977 2460 4977 2433 4977 2576 4978 2432 4978 2464 4978 2576 4979 2433 4979 2432 4979 2577 4980 2464 4980 2463 4980 2577 4981 2459 4981 2460 4981 2577 4982 2460 4982 2576 4982 2577 4983 2463 4983 2461 4983 2577 4984 2576 4984 2464 4984 2577 4985 2461 4985 2459 4985 2578 4986 2579 4986 2580 4986 2581 4987 2580 4987 2582 4987 2581 4988 2582 4988 2583 4988 2581 4989 2578 4989 2580 4989 2581 4990 2584 4990 2578 4990 2585 4991 2586 4991 2587 4991 2585 4992 2587 4992 2588 4992 2585 4993 2588 4993 2589 4993 2585 4994 2589 4994 2590 4994 2585 4995 2590 4995 2397 4995 2585 4996 2397 4996 2441 4996 2585 4997 2441 4997 2475 4997 2591 4998 2584 4998 2592 4998 2591 4999 2592 4999 2593 4999 2591 5000 2467 5000 2440 5000 2591 5001 2475 5001 2467 5001 2591 5002 2593 5002 2475 5002 2591 5003 2440 5003 2438 5003 2591 5004 2578 5004 2584 5004 2594 5005 2439 5005 2466 5005 2594 5006 2477 5006 2439 5006 2594 5007 2466 5007 2469 5007 2595 5008 2477 5008 2596 5008 2595 5009 2435 5009 2437 5009 2595 5010 2462 5010 2435 5010 2595 5011 2480 5011 2462 5011 2595 5012 2437 5012 2477 5012 2597 5013 2596 5013 2477 5013 2597 5014 2598 5014 2596 5014 2599 5015 2598 5015 2597 5015 2600 5016 2480 5016 2595 5016 2600 5017 2595 5017 2596 5017 2600 5018 2479 5018 2480 5018 2601 5019 2481 5019 2488 5019 2601 5020 2488 5020 2484 5020 2601 5021 2478 5021 2463 5021 2601 5022 2484 5022 2478 5022 2601 5023 2463 5023 2481 5023 2602 5024 2476 5024 2483 5024 2602 5025 2486 5025 2485 5025 2602 5026 2378 5026 2476 5026 2602 5027 2483 5027 2486 5027 2603 5028 2600 5028 2596 5028 2604 5029 2603 5029 2596 5029 2604 5030 2596 5030 2598 5030 2604 5031 2598 5031 2605 5031 2606 5032 2479 5032 2600 5032 2606 5033 2600 5033 2603 5033 2607 5034 2604 5034 2605 5034 2607 5035 2605 5035 2608 5035 2607 5036 2608 5036 2609 5036 2610 5037 2489 5037 2481 5037 2610 5038 2479 5038 2606 5038 2610 5039 2481 5039 2479 5039 2611 5040 2482 5040 2396 5040 2611 5041 2612 5041 2482 5041 2611 5042 2607 5042 2609 5042 2611 5043 2609 5043 2612 5043 2613 5044 2485 5044 2492 5044 2613 5045 2602 5045 2485 5045 2613 5046 2378 5046 2602 5046 2613 5047 2495 5047 2494 5047 2613 5048 2492 5048 2495 5048 2613 5049 2494 5049 2378 5049 2614 5050 2610 5050 2606 5050 2615 5051 2489 5051 2610 5051 2615 5052 2610 5052 2614 5052 2615 5053 2491 5053 2489 5053 2616 5054 2615 5054 2614 5054 2617 5055 2487 5055 2486 5055 2617 5056 2484 5056 2490 5056 2617 5057 2486 5057 2483 5057 2617 5058 2483 5058 2484 5058 2618 5059 2491 5059 2615 5059 2618 5060 2615 5060 2616 5060 2619 5061 2620 5061 2618 5061 2619 5062 2618 5062 2616 5062 2621 5063 2488 5063 2491 5063 2621 5064 2490 5064 2488 5064 2621 5065 2618 5065 2620 5065 2621 5066 2491 5066 2618 5066 2622 5067 2490 5067 2621 5067 2622 5068 2621 5068 2620 5068 2623 5069 2490 5069 2622 5069 2624 5070 2497 5070 2496 5070 2624 5071 2496 5071 2625 5071 2626 5072 2493 5072 2495 5072 2626 5073 2495 5073 2492 5073 2626 5074 2487 5074 2624 5074 2626 5075 2627 5075 2493 5075 2626 5076 2625 5076 2628 5076 2626 5077 2492 5077 2487 5077 2626 5078 2628 5078 2627 5078 2626 5079 2624 5079 2625 5079 2629 5080 2496 5080 2498 5080 2630 5081 2496 5081 2629 5081 2630 5082 2629 5082 2631 5082 2632 5083 2625 5083 2496 5083 2632 5084 2496 5084 2630 5084 2632 5085 2633 5085 2625 5085 2634 5086 2628 5086 2625 5086 2634 5087 2625 5087 2633 5087 2635 5088 2633 5088 2632 5088 2636 5089 2627 5089 2628 5089 2636 5090 2503 5090 2502 5090 2637 5091 2633 5091 2635 5091 2638 5092 2628 5092 2634 5092 2638 5093 2636 5093 2628 5093 2639 5094 2503 5094 2636 5094 2639 5095 2638 5095 2640 5095 2639 5096 2636 5096 2638 5096 2639 5097 2504 5097 2503 5097 2639 5098 2640 5098 2504 5098 2641 5099 2502 5099 2508 5099 2641 5100 2508 5100 2512 5100 2642 5101 2641 5101 2512 5101 2642 5102 2507 5102 2506 5102 2642 5103 2512 5103 2507 5103 2643 5104 2501 5104 2644 5104 2643 5105 2508 5105 2501 5105 2645 5106 2643 5106 2644 5106 2646 5107 2645 5107 2644 5107 2646 5108 2644 5108 2647 5108 2648 5109 2643 5109 2645 5109 2649 5110 2508 5110 2643 5110 2649 5111 2643 5111 2648 5111 2649 5112 2512 5112 2508 5112 2649 5113 2511 5113 2512 5113 2650 5114 2511 5114 2649 5114 2651 5115 2522 5115 2516 5115 2651 5116 2511 5116 2650 5116 2651 5117 2516 5117 2511 5117 2652 5118 2651 5118 2650 5118 2653 5119 2654 5119 2524 5119 2653 5120 2399 5120 2401 5120 2653 5121 2401 5121 2654 5121 2653 5122 2655 5122 2399 5122 2656 5123 2524 5123 2654 5123 2656 5124 2515 5124 2521 5124 2656 5125 2521 5125 2524 5125 2657 5126 2656 5126 2654 5126 2657 5127 2654 5127 2658 5127 2657 5128 2658 5128 2659 5128 2657 5129 2659 5129 2656 5129 2660 5130 2526 5130 2659 5130 2660 5131 2528 5131 2526 5131 2660 5132 2535 5132 2528 5132 2661 5133 2528 5133 2535 5133 2661 5134 2529 5134 2528 5134 2662 5135 2530 5135 2529 5135 2662 5136 2533 5136 2530 5136 2662 5137 2529 5137 2661 5137 2662 5138 2535 5138 2540 5138 2662 5139 2540 5139 2533 5139 2662 5140 2661 5140 2535 5140 2663 5141 2654 5141 2401 5141 2663 5142 2658 5142 2654 5142 2664 5143 2535 5143 2534 5143 2664 5144 2540 5144 2535 5144 2665 5145 2532 5145 2531 5145 2665 5146 2531 5146 2533 5146 2665 5147 2541 5147 2532 5147 2665 5148 2533 5148 2539 5148 2665 5149 2539 5149 2541 5149 2666 5150 2663 5150 2401 5150 2666 5151 2534 5151 2663 5151 2666 5152 2664 5152 2534 5152 2667 5153 2540 5153 2664 5153 2668 5154 2539 5154 2540 5154 2668 5155 2540 5155 2667 5155 2669 5156 2668 5156 2667 5156 2670 5157 2546 5157 2545 5157 2670 5158 2532 5158 2542 5158 2671 5159 2401 5159 2400 5159 2672 5160 2542 5160 2541 5160 2672 5161 2541 5161 2543 5161 2673 5162 2672 5162 2674 5162 2673 5163 2542 5163 2672 5163 2675 5164 2542 5164 2673 5164 2675 5165 2676 5165 2677 5165 2678 5166 2381 5166 2383 5166 2678 5167 2554 5167 2381 5167 2678 5168 2383 5168 2547 5168 2679 5169 2680 5169 2550 5169 2679 5170 2550 5170 2549 5170 2679 5171 2549 5171 2546 5171 2679 5172 2677 5172 2680 5172 2681 5173 2678 5173 2547 5173 2682 5174 2683 5174 2681 5174 2682 5175 2547 5175 2548 5175 2682 5176 2551 5176 2683 5176 2682 5177 2681 5177 2547 5177 2682 5178 2548 5178 2549 5178 2682 5179 2549 5179 2551 5179 2684 5180 2671 5180 2400 5180 2684 5181 2674 5181 2671 5181 2685 5182 2677 5182 2676 5182 2685 5183 2680 5183 2677 5183 2686 5184 2676 5184 2684 5184 2686 5185 2684 5185 2400 5185 2686 5186 2685 5186 2676 5186 2687 5187 2680 5187 2685 5187 2687 5188 2685 5188 2686 5188 2688 5189 2550 5189 2680 5189 2688 5190 2552 5190 2550 5190 2688 5191 2680 5191 2687 5191 2689 5192 2552 5192 2688 5192 2690 5193 2555 5193 2554 5193 2691 5194 2683 5194 2551 5194 2692 5195 2558 5195 2691 5195 2692 5196 2559 5196 2558 5196 2692 5197 2691 5197 2551 5197 2693 5198 2402 5198 2559 5198 2693 5199 2400 5199 2402 5199 2693 5200 2552 5200 2689 5200 2693 5201 2689 5201 2400 5201 2694 5202 2691 5202 2558 5202 2694 5203 2558 5203 2557 5203 2694 5204 2690 5204 2683 5204 2694 5205 2683 5205 2691 5205 2694 5206 2557 5206 2566 5206 2695 5207 2555 5207 2690 5207 2695 5208 2566 5208 2565 5208 2695 5209 2690 5209 2694 5209 2695 5210 2694 5210 2566 5210 2696 5211 2553 5211 2555 5211 2696 5212 2555 5212 2695 5212 2696 5213 2695 5213 2565 5213 2697 5214 2560 5214 2553 5214 2697 5215 2696 5215 2565 5215 2697 5216 2553 5216 2696 5216 2698 5217 2381 5217 2560 5217 2698 5218 2382 5218 2381 5218 2699 5219 2560 5219 2697 5219 2699 5220 2565 5220 2561 5220 2699 5221 2697 5221 2565 5221 2699 5222 2561 5222 2563 5222 2700 5223 2557 5223 2556 5223 2700 5224 2566 5224 2557 5224 2701 5225 2699 5225 2563 5225 2701 5226 2698 5226 2560 5226 2701 5227 2560 5227 2699 5227 2702 5228 2559 5228 2402 5228 2702 5229 2556 5229 2559 5229 2702 5230 2700 5230 2556 5230 2702 5231 2703 5231 2700 5231 2704 5232 2564 5232 2566 5232 2704 5233 2566 5233 2700 5233 2704 5234 2700 5234 2703 5234 2705 5235 2564 5235 2704 5235 2706 5236 2564 5236 2705 5236 2706 5237 2568 5237 2564 5237 2707 5238 2402 5238 2569 5238 2707 5239 2569 5239 2568 5239 2707 5240 2706 5240 2705 5240 2707 5241 2568 5241 2706 5241 2708 5242 2709 5242 2698 5242 2708 5243 2698 5243 2701 5243 2710 5244 2562 5244 2570 5244 2710 5245 2570 5245 2572 5245 2710 5246 2563 5246 2562 5246 2711 5247 2708 5247 2712 5247 2711 5248 2709 5248 2708 5248 2713 5249 2382 5249 2698 5249 2713 5250 2698 5250 2709 5250 2713 5251 2709 5251 2714 5251 2715 5252 2714 5252 2709 5252 2715 5253 2716 5253 2714 5253 2715 5254 2709 5254 2711 5254 2717 5255 2713 5255 2714 5255 2717 5256 2386 5256 2382 5256 2717 5257 2382 5257 2713 5257 2718 5258 2572 5258 2571 5258 2719 5259 2712 5259 2720 5259 2719 5260 2575 5260 2573 5260 2719 5261 2720 5261 2575 5261 2721 5262 2572 5262 2718 5262 2721 5263 2720 5263 2572 5263 2722 5264 2721 5264 2718 5264 2723 5265 2722 5265 2718 5265 2723 5266 2569 5266 2403 5266 2723 5267 2571 5267 2569 5267 2723 5268 2718 5268 2571 5268 2724 5269 2720 5269 2721 5269 2724 5270 2721 5270 2722 5270 2725 5271 2715 5271 2446 5271 2725 5272 2716 5272 2715 5272 2726 5273 2720 5273 2724 5273 2726 5274 2574 5274 2575 5274 2726 5275 2575 5275 2720 5275 2727 5276 2716 5276 2725 5276 2728 5277 2729 5277 2730 5277 2728 5278 2730 5278 2579 5278 2728 5279 2579 5279 2578 5279 2731 5280 2728 5280 2578 5280 2731 5281 2578 5281 2591 5281 2732 5282 2583 5282 2733 5282 2732 5283 2733 5283 2734 5283 2732 5284 2734 5284 2586 5284 2732 5285 2586 5285 2585 5285 2732 5286 2581 5286 2583 5286 2732 5287 2592 5287 2584 5287 2732 5288 2593 5288 2592 5288 2732 5289 2584 5289 2581 5289 2732 5290 2475 5290 2593 5290 2732 5291 2585 5291 2475 5291 2735 5292 2731 5292 2591 5292 2735 5293 2438 5293 2436 5293 2735 5294 2591 5294 2438 5294 2736 5295 2737 5295 2594 5295 2736 5296 2472 5296 2471 5296 2736 5297 2471 5297 2473 5297 2736 5298 2473 5298 2474 5298 2736 5299 2474 5299 2441 5299 2736 5300 2468 5300 2472 5300 2736 5301 2469 5301 2468 5301 2736 5302 2594 5302 2469 5302 2738 5303 2441 5303 2482 5303 2738 5304 2594 5304 2737 5304 2738 5305 2597 5305 2477 5305 2738 5306 2599 5306 2597 5306 2738 5307 2736 5307 2441 5307 2738 5308 2477 5308 2594 5308 2738 5309 2737 5309 2736 5309 2739 5310 2482 5310 2612 5310 2739 5311 2598 5311 2599 5311 2739 5312 2599 5312 2738 5312 2739 5313 2608 5313 2605 5313 2739 5314 2605 5314 2598 5314 2739 5315 2609 5315 2608 5315 2739 5316 2738 5316 2482 5316 2739 5317 2612 5317 2609 5317 2740 5318 2604 5318 2607 5318 2740 5319 2611 5319 2396 5319 2740 5320 2607 5320 2611 5320 2741 5321 2604 5321 2740 5321 2741 5322 2606 5322 2603 5322 2741 5323 2614 5323 2606 5323 2741 5324 2603 5324 2604 5324 2742 5325 2614 5325 2741 5325 2743 5326 2619 5326 2616 5326 2743 5327 2744 5327 2396 5327 2745 5328 2487 5328 2617 5328 2745 5329 2624 5329 2487 5329 2745 5330 2617 5330 2490 5330 2745 5331 2623 5331 2497 5331 2745 5332 2490 5332 2623 5332 2745 5333 2497 5333 2624 5333 2746 5334 2622 5334 2620 5334 2746 5335 2623 5335 2622 5335 2747 5336 2498 5336 2497 5336 2747 5337 2497 5337 2623 5337 2747 5338 2623 5338 2746 5338 2747 5339 2748 5339 2498 5339 2749 5340 2396 5340 2398 5340 2749 5341 2743 5341 2396 5341 2749 5342 2619 5342 2743 5342 2750 5343 2749 5343 2398 5343 2750 5344 2751 5344 2749 5344 2752 5345 2631 5345 2750 5345 2752 5346 2750 5346 2398 5346 2753 5347 2635 5347 2632 5347 2753 5348 2631 5348 2752 5348 2753 5349 2630 5349 2631 5349 2753 5350 2632 5350 2630 5350 2754 5351 2635 5351 2753 5351 2755 5352 2636 5352 2502 5352 2755 5353 2502 5353 2641 5353 2755 5354 2641 5354 2756 5354 2755 5355 2627 5355 2636 5355 2757 5356 2637 5356 2635 5356 2757 5357 2758 5357 2637 5357 2757 5358 2754 5358 2398 5358 2757 5359 2635 5359 2754 5359 2759 5360 2633 5360 2637 5360 2759 5361 2634 5361 2633 5361 2759 5362 2638 5362 2634 5362 2760 5363 2638 5363 2759 5363 2760 5364 2759 5364 2637 5364 2760 5365 2637 5365 2758 5365 2761 5366 2642 5366 2506 5366 2761 5367 2499 5367 2756 5367 2761 5368 2500 5368 2499 5368 2761 5369 2506 5369 2500 5369 2761 5370 2756 5370 2641 5370 2761 5371 2641 5371 2642 5371 2762 5372 2398 5372 2399 5372 2762 5373 2757 5373 2398 5373 2762 5374 2758 5374 2757 5374 2763 5375 2647 5375 2644 5375 2763 5376 2504 5376 2640 5376 2763 5377 2644 5377 2501 5377 2763 5378 2501 5378 2504 5378 2764 5379 2762 5379 2399 5379 2764 5380 2647 5380 2762 5380 2764 5381 2646 5381 2647 5381 2765 5382 2764 5382 2399 5382 2766 5383 2648 5383 2767 5383 2768 5384 2648 5384 2766 5384 2768 5385 2649 5385 2648 5385 2768 5386 2650 5386 2649 5386 2769 5387 2650 5387 2768 5387 2769 5388 2652 5388 2650 5388 2770 5389 2652 5389 2769 5389 2770 5390 2399 5390 2655 5390 2770 5391 2655 5391 2652 5391 2771 5392 2522 5392 2651 5392 2771 5393 2651 5393 2652 5393 2771 5394 2652 5394 2655 5394 2772 5395 2771 5395 2655 5395 2772 5396 2522 5396 2771 5396 2773 5397 2524 5397 2522 5397 2773 5398 2653 5398 2524 5398 2773 5399 2772 5399 2655 5399 2773 5400 2522 5400 2772 5400 2773 5401 2655 5401 2653 5401 2774 5402 2526 5402 2523 5402 2774 5403 2659 5403 2526 5403 2774 5404 2656 5404 2659 5404 2774 5405 2515 5405 2656 5405 2774 5406 2523 5406 2517 5406 2774 5407 2517 5407 2515 5407 2775 5408 2536 5408 2535 5408 2775 5409 2659 5409 2658 5409 2775 5410 2658 5410 2536 5410 2775 5411 2535 5411 2660 5411 2775 5412 2660 5412 2659 5412 2776 5413 2536 5413 2658 5413 2776 5414 2534 5414 2536 5414 2776 5415 2658 5415 2663 5415 2776 5416 2663 5416 2534 5416 2777 5417 2666 5417 2401 5417 2777 5418 2664 5418 2666 5418 2777 5419 2667 5419 2664 5419 2778 5420 2537 5420 2532 5420 2778 5421 2545 5421 2538 5421 2778 5422 2538 5422 2537 5422 2778 5423 2670 5423 2545 5423 2778 5424 2532 5424 2670 5424 2779 5425 2667 5425 2777 5425 2779 5426 2401 5426 2671 5426 2779 5427 2777 5427 2401 5427 2779 5428 2669 5428 2667 5428 2779 5429 2671 5429 2669 5429 2780 5430 2668 5430 2669 5430 2780 5431 2543 5431 2539 5431 2780 5432 2539 5432 2668 5432 2780 5433 2669 5433 2671 5433 2781 5434 2674 5434 2672 5434 2781 5435 2543 5435 2780 5435 2781 5436 2780 5436 2671 5436 2781 5437 2671 5437 2674 5437 2781 5438 2672 5438 2543 5438 2782 5439 2675 5439 2677 5439 2782 5440 2679 5440 2546 5440 2782 5441 2677 5441 2679 5441 2782 5442 2542 5442 2675 5442 2782 5443 2546 5443 2670 5443 2782 5444 2670 5444 2542 5444 2783 5445 2673 5445 2674 5445 2783 5446 2675 5446 2673 5446 2783 5447 2674 5447 2684 5447 2784 5448 2676 5448 2675 5448 2784 5449 2684 5449 2676 5449 2784 5450 2675 5450 2783 5450 2784 5451 2783 5451 2684 5451 2785 5452 2554 5452 2678 5452 2785 5453 2690 5453 2554 5453 2785 5454 2683 5454 2690 5454 2785 5455 2681 5455 2683 5455 2785 5456 2678 5456 2681 5456 2786 5457 2686 5457 2400 5457 2786 5458 2687 5458 2686 5458 2786 5459 2688 5459 2687 5459 2786 5460 2689 5460 2688 5460 2786 5461 2400 5461 2689 5461 2787 5462 2551 5462 2552 5462 2787 5463 2692 5463 2551 5463 2787 5464 2552 5464 2693 5464 2787 5465 2559 5465 2692 5465 2787 5466 2693 5466 2559 5466 2788 5467 2702 5467 2402 5467 2788 5468 2703 5468 2702 5468 2788 5469 2704 5469 2703 5469 2788 5470 2705 5470 2704 5470 2789 5471 2788 5471 2402 5471 2789 5472 2402 5472 2707 5472 2789 5473 2705 5473 2788 5473 2789 5474 2707 5474 2705 5474 2790 5475 2563 5475 2710 5475 2790 5476 2701 5476 2563 5476 2790 5477 2712 5477 2708 5477 2790 5478 2708 5478 2701 5478 2791 5479 2715 5479 2711 5479 2791 5480 2719 5480 2573 5480 2791 5481 2712 5481 2719 5481 2791 5482 2573 5482 2446 5482 2791 5483 2446 5483 2715 5483 2791 5484 2711 5484 2712 5484 2792 5485 2403 5485 2574 5485 2792 5486 2722 5486 2723 5486 2792 5487 2574 5487 2726 5487 2792 5488 2724 5488 2722 5488 2792 5489 2726 5489 2724 5489 2792 5490 2723 5490 2403 5490 2793 5491 2717 5491 2714 5491 2793 5492 2386 5492 2717 5492 2793 5493 2716 5493 2727 5493 2793 5494 2387 5494 2386 5494 2793 5495 2727 5495 2387 5495 2793 5496 2714 5496 2716 5496 2794 5497 2727 5497 2725 5497 2794 5498 2446 5498 2445 5498 2794 5499 2388 5499 2387 5499 2794 5500 2725 5500 2446 5500 2794 5501 2387 5501 2727 5501 2794 5502 2445 5502 2388 5502 2795 5503 2735 5503 2436 5503 2795 5504 2436 5504 2434 5504 2795 5505 2731 5505 2735 5505 2796 5506 2741 5506 2740 5506 2796 5507 2740 5507 2396 5507 2796 5508 2742 5508 2741 5508 2797 5509 2796 5509 2396 5509 2797 5510 2742 5510 2796 5510 2797 5511 2396 5511 2744 5511 2797 5512 2744 5512 2742 5512 2798 5513 2616 5513 2614 5513 2798 5514 2614 5514 2742 5514 2798 5515 2742 5515 2744 5515 2798 5516 2743 5516 2616 5516 2798 5517 2744 5517 2743 5517 2799 5518 2620 5518 2619 5518 2799 5519 2619 5519 2749 5519 2800 5520 2746 5520 2620 5520 2800 5521 2620 5521 2799 5521 2801 5522 2747 5522 2746 5522 2801 5523 2748 5523 2747 5523 2801 5524 2746 5524 2800 5524 2802 5525 2748 5525 2801 5525 2802 5526 2751 5526 2748 5526 2802 5527 2749 5527 2751 5527 2803 5528 2748 5528 2751 5528 2803 5529 2751 5529 2750 5529 2803 5530 2750 5530 2631 5530 2804 5531 2499 5531 2494 5531 2804 5532 2493 5532 2627 5532 2804 5533 2494 5533 2493 5533 2804 5534 2627 5534 2755 5534 2805 5535 2804 5535 2755 5535 2805 5536 2499 5536 2804 5536 2806 5537 2805 5537 2755 5537 2806 5538 2499 5538 2805 5538 2806 5539 2756 5539 2499 5539 2806 5540 2755 5540 2756 5540 2807 5541 2398 5541 2754 5541 2807 5542 2752 5542 2398 5542 2807 5543 2753 5543 2752 5543 2807 5544 2754 5544 2753 5544 2808 5545 2638 5545 2760 5545 2808 5546 2760 5546 2758 5546 2808 5547 2640 5547 2638 5547 2808 5548 2758 5548 2762 5548 2809 5549 2762 5549 2647 5549 2809 5550 2763 5550 2640 5550 2809 5551 2647 5551 2763 5551 2809 5552 2640 5552 2808 5552 2809 5553 2808 5553 2762 5553 2810 5554 2646 5554 2764 5554 2810 5555 2645 5555 2646 5555 2811 5556 2645 5556 2810 5556 2811 5557 2767 5557 2648 5557 2811 5558 2764 5558 2765 5558 2811 5559 2648 5559 2645 5559 2811 5560 2765 5560 2767 5560 2811 5561 2810 5561 2764 5561 2812 5562 2765 5562 2399 5562 2812 5563 2767 5563 2765 5563 2812 5564 2766 5564 2767 5564 2813 5565 2812 5565 2399 5565 2813 5566 2768 5566 2766 5566 2813 5567 2769 5567 2768 5567 2813 5568 2766 5568 2812 5568 2814 5569 2813 5569 2399 5569 2814 5570 2770 5570 2769 5570 2814 5571 2399 5571 2770 5571 2814 5572 2769 5572 2813 5572 2815 5573 2572 5573 2720 5573 2815 5574 2720 5574 2712 5574 2815 5575 2712 5575 2790 5575 2815 5576 2710 5576 2572 5576 2815 5577 2790 5577 2710 5577 2816 5578 2434 5578 2433 5578 2816 5579 2457 5579 2729 5579 2816 5580 2795 5580 2434 5580 2816 5581 2731 5581 2795 5581 2816 5582 2456 5582 2457 5582 2816 5583 2433 5583 2456 5583 2816 5584 2728 5584 2731 5584 2816 5585 2729 5585 2728 5585 2817 5586 2799 5586 2749 5586 2817 5587 2800 5587 2799 5587 2818 5588 2817 5588 2749 5588 2818 5589 2801 5589 2800 5589 2818 5590 2802 5590 2801 5590 2818 5591 2749 5591 2802 5591 2818 5592 2800 5592 2817 5592 2819 5593 2803 5593 2631 5593 2819 5594 2629 5594 2498 5594 2819 5595 2498 5595 2748 5595 2819 5596 2631 5596 2629 5596 2819 5597 2748 5597 2803 5597 2820 5598 2821 5598 2822 5598 2822 5599 2823 5599 2824 5599 2821 5600 2823 5600 2822 5600 2824 5601 2825 5601 2826 5601 2823 5602 2825 5602 2824 5602 2825 5603 2827 5603 2826 5603 2826 5604 2827 5604 2828 5604 2397 5605 2829 5605 2423 5605 2410 5606 2830 5606 2407 5606 2407 5607 2830 5607 2831 5607 2410 5608 2832 5608 2830 5608 2416 5609 2833 5609 2415 5609 2834 5610 2833 5610 2835 5610 2429 5611 2836 5611 2422 5611 2833 5612 2837 5612 2835 5612 2416 5613 2837 5613 2833 5613 2835 5614 2837 5614 2838 5614 2417 5615 2837 5615 2416 5615 2418 5616 2837 5616 2417 5616 2418 5617 2839 5617 2837 5617 2838 5618 2839 5618 2840 5618 2840 5619 2839 5619 2836 5619 2836 5620 2839 5620 2422 5620 2837 5621 2839 5621 2838 5621 2419 5622 2839 5622 2418 5622 2420 5623 2839 5623 2419 5623 2421 5624 2839 5624 2420 5624 2422 5625 2839 5625 2421 5625 2379 5626 2841 5626 2454 5626 2454 5627 2841 5627 2455 5627 2455 5628 2842 5628 2457 5628 2841 5629 2842 5629 2455 5629 2843 5630 2842 5630 2841 5630 2379 5631 2844 5631 2841 5631 2841 5632 2844 5632 2843 5632 2844 5633 2845 5633 2843 5633 2842 5634 2845 5634 2820 5634 2843 5635 2845 5635 2842 5635 2406 5636 2846 5636 2379 5636 2379 5637 2846 5637 2844 5637 2847 5638 2848 5638 2849 5638 2821 5639 2848 5639 2823 5639 2849 5640 2848 5640 2821 5640 2827 5641 2850 5641 2828 5641 2851 5642 2850 5642 2827 5642 2828 5643 2850 5643 2852 5643 2853 5644 2850 5644 2854 5644 2854 5645 2850 5645 2851 5645 2853 5646 2855 5646 2850 5646 2856 5647 2855 5647 2857 5647 2858 5648 2855 5648 2856 5648 2859 5649 2855 5649 2858 5649 2829 5650 2855 5650 2859 5650 2857 5651 2855 5651 2853 5651 2860 5652 2855 5652 2829 5652 2852 5653 2855 5653 2860 5653 2850 5654 2855 5654 2852 5654 2406 5655 2861 5655 2846 5655 2846 5656 2861 5656 2847 5656 2825 5657 2862 5657 2827 5657 2861 5658 2863 5658 2847 5658 2847 5659 2864 5659 2848 5659 2848 5660 2864 5660 2865 5660 2847 5661 2866 5661 2864 5661 2829 5662 2867 5662 2423 5662 2863 5663 2868 5663 2869 5663 2861 5664 2868 5664 2863 5664 2870 5665 2871 5665 2872 5665 2866 5666 2873 5666 2874 5666 2875 5667 2873 5667 2869 5667 2873 5668 2876 5668 2874 5668 2871 5669 2877 5669 2872 5669 2878 5670 2879 5670 2880 5670 2881 5671 2882 5671 2883 5671 2406 5672 2884 5672 2878 5672 2407 5673 2884 5673 2406 5673 2407 5674 2885 5674 2884 5674 2886 5675 2887 5675 2888 5675 2887 5676 2889 5676 2888 5676 2407 5677 2890 5677 2885 5677 2885 5678 2890 5678 2891 5678 2891 5679 2890 5679 2892 5679 2886 5680 2893 5680 2887 5680 2831 5681 2894 5681 2407 5681 2407 5682 2894 5682 2890 5682 2831 5683 2895 5683 2894 5683 2890 5684 2895 5684 2892 5684 2894 5685 2895 5685 2890 5685 2892 5686 2896 5686 2897 5686 2895 5687 2898 5687 2892 5687 2898 5688 2899 5688 2892 5688 2900 5689 2899 5689 2898 5689 2892 5690 2901 5690 2896 5690 2899 5691 2901 5691 2892 5691 2900 5692 2901 5692 2899 5692 2831 5693 2902 5693 2895 5693 2898 5694 2902 5694 2900 5694 2895 5695 2902 5695 2898 5695 2903 5696 2904 5696 2831 5696 2905 5697 2904 5697 2903 5697 2831 5698 2904 5698 2902 5698 2901 5699 2906 5699 2907 5699 2900 5700 2906 5700 2901 5700 2904 5701 2908 5701 2902 5701 2906 5702 2909 5702 2907 5702 2831 5703 2910 5703 2903 5703 2903 5704 2910 5704 2905 5704 2830 5705 2910 5705 2831 5705 2905 5706 2911 5706 2904 5706 2904 5707 2911 5707 2908 5707 2832 5708 2912 5708 2830 5708 2830 5709 2912 5709 2910 5709 2905 5710 2913 5710 2911 5710 2912 5711 2914 5711 2910 5711 2910 5712 2914 5712 2905 5712 2905 5713 2914 5713 2913 5713 2912 5714 2915 5714 2914 5714 2832 5715 2916 5715 2912 5715 2912 5716 2916 5716 2915 5716 2917 5717 2916 5717 2832 5717 2916 5718 2918 5718 2915 5718 2919 5719 2920 5719 2921 5719 2410 5720 2922 5720 2832 5720 2832 5721 2922 5721 2917 5721 2410 5722 2923 5722 2922 5722 2918 5723 2924 5723 2925 5723 2926 5724 2927 5724 2917 5724 2927 5725 2928 5725 2924 5725 2923 5726 2929 5726 2930 5726 2410 5727 2929 5727 2923 5727 2930 5728 2929 5728 2931 5728 2410 5729 2932 5729 2929 5729 2929 5730 2933 5730 2931 5730 2932 5731 2933 5731 2929 5731 2933 5732 2934 5732 2931 5732 2935 5733 2936 5733 2934 5733 2935 5734 2937 5734 2936 5734 2938 5735 2939 5735 2940 5735 2408 5736 2939 5736 2938 5736 2941 5737 2942 5737 2943 5737 2943 5738 2942 5738 2944 5738 2408 5739 2945 5739 2939 5739 2946 5740 2947 5740 2948 5740 2949 5741 2950 5741 2951 5741 2949 5742 2952 5742 2950 5742 2947 5743 2952 5743 2949 5743 2946 5744 2952 5744 2947 5744 2952 5745 2953 5745 2950 5745 2946 5746 2953 5746 2952 5746 2428 5747 2954 5747 2429 5747 2946 5748 2954 5748 2953 5748 2955 5749 2954 5749 2946 5749 2955 5750 2956 5750 2954 5750 2957 5751 2956 5751 2955 5751 2840 5752 2958 5752 2838 5752 2838 5753 2958 5753 2835 5753 2835 5754 2958 5754 2834 5754 2429 5755 2959 5755 2836 5755 2836 5756 2959 5756 2840 5756 2840 5757 2959 5757 2958 5757 2958 5758 2959 5758 2960 5758 2845 5759 2961 5759 2820 5759 2821 5760 2961 5760 2849 5760 2820 5761 2961 5761 2821 5761 2849 5762 2962 5762 2847 5762 2844 5763 2962 5763 2845 5763 2845 5764 2962 5764 2961 5764 2847 5765 2962 5765 2846 5765 2961 5766 2962 5766 2849 5766 2846 5767 2962 5767 2844 5767 2579 5768 2963 5768 2580 5768 2580 5769 2964 5769 2582 5769 2582 5770 2964 5770 2583 5770 2963 5771 2964 5771 2580 5771 2965 5772 2964 5772 2963 5772 2586 5773 2966 5773 2587 5773 2587 5774 2966 5774 2588 5774 2588 5775 2966 5775 2589 5775 2589 5776 2966 5776 2590 5776 2590 5777 2966 5777 2397 5777 2397 5778 2966 5778 2829 5778 2829 5779 2966 5779 2860 5779 2965 5780 2967 5780 2968 5780 2968 5781 2967 5781 2969 5781 2852 5782 2967 5782 2828 5782 2860 5783 2967 5783 2852 5783 2969 5784 2967 5784 2860 5784 2828 5785 2967 5785 2826 5785 2963 5786 2967 5786 2965 5786 2827 5787 2970 5787 2851 5787 2862 5788 2970 5788 2827 5788 2851 5789 2970 5789 2854 5789 2862 5790 2971 5790 2972 5790 2823 5791 2971 5791 2825 5791 2848 5792 2971 5792 2823 5792 2865 5793 2971 5793 2848 5793 2825 5794 2971 5794 2862 5794 2972 5795 2973 5795 2862 5795 2974 5796 2973 5796 2972 5796 2974 5797 2975 5797 2973 5797 2865 5798 2976 5798 2971 5798 2971 5799 2976 5799 2972 5799 2864 5800 2976 5800 2865 5800 2866 5801 2977 5801 2873 5801 2873 5802 2977 5802 2869 5802 2869 5803 2977 5803 2863 5803 2863 5804 2977 5804 2847 5804 2847 5805 2977 5805 2866 5805 2861 5806 2978 5806 2868 5806 2870 5807 2978 5807 2871 5807 2868 5808 2978 5808 2870 5808 2406 5809 2978 5809 2861 5809 2976 5810 2979 5810 2972 5810 2979 5811 2980 5811 2972 5811 2972 5812 2980 5812 2974 5812 2974 5813 2980 5813 2981 5813 2864 5814 2982 5814 2976 5814 2976 5815 2982 5815 2979 5815 2980 5816 2983 5816 2981 5816 2981 5817 2983 5817 2984 5817 2984 5818 2983 5818 2985 5818 2874 5819 2986 5819 2866 5819 2864 5820 2986 5820 2982 5820 2866 5821 2986 5821 2864 5821 2867 5822 2987 5822 2423 5822 2988 5823 2987 5823 2867 5823 2983 5824 2987 5824 2985 5824 2985 5825 2987 5825 2988 5825 2871 5826 2989 5826 2877 5826 2978 5827 2989 5827 2871 5827 2406 5828 2989 5828 2978 5828 2880 5829 2989 5829 2878 5829 2877 5830 2989 5830 2880 5830 2878 5831 2989 5831 2406 5831 2986 5832 2990 5832 2982 5832 2986 5833 2991 5833 2990 5833 2876 5834 2991 5834 2874 5834 2874 5835 2991 5835 2986 5835 2991 5836 2992 5836 2990 5836 2872 5837 2993 5837 2870 5837 2869 5838 2993 5838 2875 5838 2870 5839 2993 5839 2868 5839 2868 5840 2993 5840 2869 5840 2876 5841 2994 5841 2991 5841 2991 5842 2994 5842 2992 5842 2995 5843 2996 5843 2994 5843 2994 5844 2996 5844 2992 5844 2873 5845 2997 5845 2876 5845 2875 5846 2997 5846 2873 5846 2994 5847 2997 5847 2995 5847 2876 5848 2997 5848 2994 5848 2875 5849 2998 5849 2997 5849 2997 5850 2998 5850 2995 5850 2875 5851 2999 5851 2998 5851 2881 5852 3000 5852 2882 5852 2882 5853 3000 5853 3001 5853 2879 5854 3002 5854 2880 5854 2880 5855 3002 5855 2877 5855 2872 5856 3002 5856 3000 5856 3003 5857 3002 5857 2879 5857 3001 5858 3002 5858 3004 5858 2877 5859 3002 5859 2872 5859 3004 5860 3002 5860 3003 5860 3000 5861 3002 5861 3001 5861 2882 5862 3005 5862 2883 5862 2882 5863 3006 5863 3005 5863 3005 5864 3006 5864 3007 5864 3001 5865 3008 5865 2882 5865 2882 5866 3008 5866 3006 5866 3009 5867 3008 5867 3001 5867 3004 5868 3010 5868 3001 5868 3001 5869 3010 5869 3009 5869 3009 5870 3011 5870 3008 5870 3003 5871 3012 5871 3004 5871 2888 5872 3012 5872 2886 5872 3009 5873 3013 5873 3011 5873 3004 5874 3014 5874 3010 5874 3012 5875 3014 5875 3004 5875 2888 5876 3015 5876 3012 5876 3014 5877 3015 5877 3016 5877 3012 5878 3015 5878 3014 5878 2889 5879 3015 5879 2888 5879 3016 5880 3015 5880 2889 5880 2886 5881 3017 5881 2893 5881 2893 5882 3017 5882 2897 5882 3017 5883 3018 5883 2897 5883 2892 5884 3018 5884 2891 5884 2897 5885 3018 5885 2892 5885 2887 5886 3019 5886 3020 5886 2893 5887 3019 5887 2887 5887 3019 5888 3021 5888 3020 5888 3021 5889 3022 5889 3020 5889 3020 5890 3022 5890 3023 5890 3019 5891 3024 5891 3021 5891 2893 5892 3025 5892 3019 5892 3019 5893 3025 5893 3024 5893 2897 5894 3025 5894 2893 5894 2896 5895 3025 5895 2897 5895 2896 5896 3026 5896 3025 5896 2907 5897 3027 5897 2901 5897 2896 5898 3027 5898 3026 5898 2901 5899 3027 5899 2896 5899 3027 5900 3028 5900 3026 5900 3029 5901 3030 5901 2909 5901 2425 5902 3030 5902 2426 5902 2426 5903 3030 5903 3029 5903 3031 5904 3030 5904 2425 5904 2909 5905 3032 5905 3029 5905 2900 5906 3032 5906 2906 5906 2906 5907 3032 5907 2909 5907 3032 5908 3033 5908 3029 5908 3029 5909 3033 5909 3034 5909 3034 5910 3033 5910 3035 5910 3035 5911 3033 5911 3032 5911 2911 5912 3036 5912 3035 5912 2913 5913 3036 5913 2911 5913 2919 5914 3036 5914 2913 5914 2913 5915 3037 5915 2919 5915 2914 5916 3037 5916 2913 5916 2915 5917 3038 5917 2914 5917 2918 5918 3038 5918 2915 5918 2914 5919 3038 5919 3037 5919 2919 5920 3038 5920 2925 5920 2925 5921 3038 5921 2918 5921 3037 5922 3038 5922 2919 5922 3029 5923 3039 5923 2426 5923 3034 5924 3039 5924 3029 5924 2919 5925 3040 5925 2920 5925 2925 5926 3040 5926 2919 5926 2917 5927 3041 5927 2916 5927 2916 5928 3041 5928 2918 5928 2927 5929 3041 5929 2917 5929 2918 5930 3041 5930 2924 5930 2924 5931 3041 5931 2927 5931 3039 5932 3042 5932 2426 5932 2920 5933 3042 5933 3039 5933 3040 5934 3042 5934 2920 5934 2925 5935 3043 5935 3040 5935 2924 5936 3044 5936 2925 5936 2925 5937 3044 5937 3043 5937 3044 5938 3045 5938 3043 5938 2931 5939 3046 5939 2930 5939 2917 5940 3046 5940 2926 5940 2426 5941 3047 5941 2427 5941 2926 5942 3048 5942 2927 5942 2927 5943 3048 5943 2928 5943 3048 5944 3049 5944 3050 5944 2926 5945 3049 5945 3048 5945 2926 5946 3051 5946 3049 5946 3052 5947 3051 5947 3053 5947 2408 5948 3054 5948 2410 5948 2938 5949 3054 5949 2408 5949 2410 5950 3054 5950 2932 5950 3055 5951 3056 5951 2936 5951 2936 5952 3056 5952 2934 5952 3053 5953 3056 5953 3055 5953 2934 5954 3056 5954 2931 5954 3054 5955 3057 5955 2932 5955 3058 5956 3059 5956 3057 5956 2932 5957 3059 5957 2933 5957 2935 5958 3059 5958 3058 5958 2933 5959 3059 5959 2934 5959 3057 5960 3059 5960 2932 5960 2934 5961 3059 5961 2935 5961 3047 5962 3060 5962 2427 5962 3050 5963 3060 5963 3047 5963 3055 5964 3061 5964 3053 5964 3053 5965 3061 5965 3052 5965 3052 5966 3062 5966 3060 5966 3060 5967 3062 5967 2427 5967 3061 5968 3062 5968 3052 5968 3055 5969 3063 5969 3061 5969 3061 5970 3063 5970 3062 5970 2936 5971 3064 5971 3055 5971 2937 5972 3064 5972 2936 5972 3055 5973 3064 5973 3063 5973 2937 5974 3065 5974 3064 5974 2940 5975 3066 5975 2938 5975 3058 5976 3067 5976 2935 5976 2943 5977 3068 5977 3067 5977 3067 5978 3068 5978 2935 5978 2944 5979 3068 5979 2943 5979 3065 5980 3069 5980 2427 5980 2428 5981 3069 5981 2944 5981 2427 5982 3069 5982 2428 5982 2937 5983 3069 5983 3065 5983 3067 5984 3070 5984 2943 5984 2943 5985 3070 5985 2941 5985 3066 5986 3070 5986 3058 5986 3058 5987 3070 5987 3067 5987 2941 5988 3070 5988 2951 5988 2940 5989 3071 5989 3066 5989 2951 5990 3071 5990 2949 5990 3066 5991 3071 5991 3070 5991 3070 5992 3071 5992 2951 5992 2939 5993 3072 5993 2940 5993 2940 5994 3072 5994 3071 5994 3071 5995 3072 5995 2949 5995 2945 5996 3073 5996 2939 5996 3072 5997 3073 5997 2949 5997 2939 5998 3073 5998 3072 5998 2408 5999 3074 5999 2945 5999 2409 6000 3074 6000 2408 6000 2947 6001 3075 6001 2948 6001 2945 6002 3075 6002 3073 6002 2949 6003 3075 6003 2947 6003 3073 6004 3075 6004 2949 6004 2941 6005 3076 6005 2942 6005 2951 6006 3076 6006 2941 6006 3075 6007 3077 6007 2948 6007 3074 6008 3077 6008 2945 6008 2945 6009 3077 6009 3075 6009 2944 6010 3078 6010 2428 6010 2942 6011 3078 6011 2944 6011 3076 6012 3078 6012 2942 6012 3079 6013 3078 6013 3076 6013 2950 6014 3080 6014 2951 6014 3076 6015 3080 6015 3079 6015 2951 6016 3080 6016 3076 6016 2950 6017 3081 6017 3080 6017 2953 6018 3082 6018 2950 6018 2950 6019 3082 6019 3081 6019 2428 6020 3083 6020 2954 6020 2954 6021 3083 6021 2953 6021 2953 6022 3083 6022 3082 6022 3082 6023 3083 6023 3081 6023 3084 6024 3085 6024 3074 6024 3074 6025 3085 6025 3077 6025 2946 6026 3086 6026 2955 6026 2955 6027 3086 6027 2957 6027 2948 6028 3086 6028 2946 6028 3085 6029 3087 6029 3088 6029 3084 6030 3087 6030 3085 6030 2409 6031 3089 6031 3074 6031 3074 6032 3089 6032 3084 6032 3084 6033 3089 6033 3090 6033 3090 6034 3091 6034 3084 6034 3092 6035 3091 6035 3090 6035 3084 6036 3091 6036 3087 6036 3089 6037 3093 6037 3090 6037 2413 6038 3093 6038 2409 6038 2409 6039 3093 6039 3089 6039 2957 6040 3094 6040 2956 6040 3088 6041 3095 6041 3096 6041 2960 6042 3095 6042 2958 6042 3096 6043 3095 6043 2960 6043 2957 6044 3097 6044 3094 6044 3096 6045 3097 6045 2957 6045 3097 6046 3098 6046 3094 6046 3098 6047 3099 6047 3094 6047 2954 6048 3099 6048 2429 6048 2956 6049 3099 6049 2954 6049 3094 6050 3099 6050 2956 6050 3096 6051 3100 6051 3097 6051 3097 6052 3100 6052 3098 6052 3091 6053 3101 6053 2834 6053 3092 6054 3101 6054 3091 6054 3096 6055 3102 6055 3100 6055 2959 6056 3102 6056 2960 6056 2960 6057 3102 6057 3096 6057 3092 6058 3103 6058 3101 6058 2729 6059 3104 6059 2730 6059 2730 6060 3104 6060 2579 6060 2579 6061 3104 6061 2963 6061 3104 6062 3105 6062 2963 6062 2963 6063 3105 6063 2967 6063 2583 6064 3106 6064 2733 6064 2733 6065 3106 6065 2734 6065 2734 6066 3106 6066 2586 6066 2586 6067 3106 6067 2966 6067 2964 6068 3106 6068 2583 6068 2968 6069 3106 6069 2965 6069 2969 6070 3106 6070 2968 6070 2965 6071 3106 6071 2964 6071 2860 6072 3106 6072 2969 6072 2966 6073 3106 6073 2860 6073 3105 6074 3107 6074 2967 6074 2826 6075 3107 6075 2824 6075 2967 6076 3107 6076 2826 6076 3108 6077 3109 6077 2970 6077 2857 6078 3109 6078 2856 6078 2856 6079 3109 6079 2858 6079 2858 6080 3109 6080 2859 6080 2859 6081 3109 6081 2829 6081 2853 6082 3109 6082 2857 6082 2854 6083 3109 6083 2853 6083 2970 6084 3109 6084 2854 6084 2829 6085 3110 6085 2867 6085 2970 6086 3110 6086 3108 6086 2973 6087 3110 6087 2862 6087 2975 6088 3110 6088 2973 6088 3109 6089 3110 6089 2829 6089 2862 6090 3110 6090 2970 6090 3108 6091 3110 6091 3109 6091 2867 6092 3111 6092 2988 6092 2974 6093 3111 6093 2975 6093 2975 6094 3111 6094 3110 6094 2984 6095 3111 6095 2981 6095 2981 6096 3111 6096 2974 6096 2985 6097 3111 6097 2984 6097 3110 6098 3111 6098 2867 6098 2988 6099 3111 6099 2985 6099 2980 6100 3112 6100 2983 6100 2987 6101 3112 6101 2423 6101 2983 6102 3112 6102 2987 6102 2980 6103 3113 6103 3112 6103 2982 6104 3113 6104 2979 6104 2990 6105 3113 6105 2982 6105 2979 6106 3113 6106 2980 6106 2990 6107 3114 6107 3113 6107 2996 6108 3115 6108 2992 6108 3116 6109 3115 6109 2423 6109 3000 6110 3117 6110 2872 6110 2872 6111 3117 6111 2993 6111 2993 6112 3117 6112 2875 6112 2999 6113 3117 6113 2881 6113 2875 6114 3117 6114 2999 6114 2881 6115 3117 6115 3000 6115 2998 6116 3118 6116 2995 6116 2999 6117 3118 6117 2998 6117 2883 6118 3119 6118 2881 6118 2881 6119 3119 6119 2999 6119 2999 6120 3119 6120 3118 6120 3120 6121 3119 6121 2883 6121 2423 6122 3121 6122 2424 6122 3115 6123 3121 6123 2423 6123 2996 6124 3121 6124 3115 6124 3121 6125 3122 6125 2424 6125 3123 6126 3122 6126 3121 6126 3007 6127 3124 6127 3122 6127 3122 6128 3124 6128 2424 6128 3011 6129 3125 6129 3008 6129 3007 6130 3125 6130 3124 6130 3006 6131 3125 6131 3007 6131 3008 6132 3125 6132 3006 6132 3011 6133 3126 6133 3125 6133 3012 6134 3127 6134 2886 6134 2886 6135 3127 6135 3017 6135 3017 6136 3127 6136 3128 6136 3003 6137 3127 6137 3012 6137 3013 6138 3129 6138 3011 6138 3130 6139 3129 6139 3013 6139 3126 6140 3129 6140 2424 6140 3011 6141 3129 6141 3126 6141 3009 6142 3131 6142 3013 6142 3010 6143 3131 6143 3009 6143 3014 6144 3131 6144 3010 6144 3014 6145 3132 6145 3131 6145 3131 6146 3132 6146 3013 6146 3013 6147 3132 6147 3130 6147 3018 6148 3133 6148 2891 6148 2884 6149 3133 6149 3128 6149 2885 6150 3133 6150 2884 6150 2891 6151 3133 6151 2885 6151 3128 6152 3133 6152 3017 6152 3017 6153 3133 6153 3018 6153 2424 6154 3134 6154 2425 6154 3129 6155 3134 6155 2424 6155 3130 6156 3134 6156 3129 6156 3023 6157 3135 6157 3020 6157 2889 6158 3135 6158 3016 6158 3020 6159 3135 6159 2887 6159 2887 6160 3135 6160 2889 6160 3134 6161 3136 6161 2425 6161 3023 6162 3136 6162 3134 6162 3022 6163 3136 6163 3023 6163 3136 6164 3137 6164 2425 6164 3024 6165 3138 6165 3139 6165 3024 6166 3140 6166 3138 6166 3025 6167 3140 6167 3024 6167 3026 6168 3140 6168 3025 6168 3026 6169 3141 6169 3140 6169 3028 6170 3141 6170 3026 6170 3028 6171 3142 6171 3141 6171 2425 6172 3142 6172 3031 6172 3031 6173 3142 6173 3028 6173 2907 6174 3143 6174 3027 6174 3027 6175 3143 6175 3028 6175 3028 6176 3143 6176 3031 6176 3143 6177 3144 6177 3031 6177 2907 6178 3144 6178 3143 6178 2909 6179 3145 6179 2907 6179 2907 6180 3145 6180 3144 6180 3144 6181 3145 6181 3031 6181 3030 6182 3145 6182 2909 6182 3031 6183 3145 6183 3030 6183 2911 6184 3146 6184 2908 6184 3035 6185 3146 6185 2911 6185 3032 6186 3146 6186 3035 6186 2900 6187 3146 6187 3032 6187 2908 6188 3146 6188 2902 6188 2902 6189 3146 6189 2900 6189 2921 6190 3147 6190 2919 6190 3035 6191 3147 6191 3034 6191 3034 6192 3147 6192 2921 6192 2919 6193 3147 6193 3036 6193 3036 6194 3147 6194 3035 6194 2921 6195 3148 6195 3034 6195 2920 6196 3148 6196 2921 6196 3034 6197 3148 6197 3039 6197 3039 6198 3148 6198 2920 6198 3042 6199 3149 6199 2426 6199 3040 6200 3149 6200 3042 6200 3043 6201 3149 6201 3040 6201 2922 6202 3150 6202 2917 6202 2930 6203 3150 6203 2923 6203 2923 6204 3150 6204 2922 6204 3046 6205 3150 6205 2930 6205 2917 6206 3150 6206 3046 6206 3043 6207 3151 6207 3149 6207 2426 6208 3151 6208 3047 6208 3149 6209 3151 6209 2426 6209 3045 6210 3151 6210 3043 6210 3047 6211 3151 6211 3045 6211 3044 6212 3152 6212 3045 6212 2928 6213 3152 6213 2924 6213 2924 6214 3152 6214 3044 6214 3045 6215 3152 6215 3047 6215 3050 6216 3153 6216 3048 6216 2928 6217 3153 6217 3152 6217 3152 6218 3153 6218 3047 6218 3047 6219 3153 6219 3050 6219 3048 6220 3153 6220 2928 6220 3051 6221 3154 6221 3053 6221 3053 6222 3154 6222 3056 6222 3056 6223 3154 6223 2931 6223 2926 6224 3154 6224 3051 6224 2931 6225 3154 6225 3046 6225 3046 6226 3154 6226 2926 6226 3049 6227 3155 6227 3050 6227 3051 6228 3155 6228 3049 6228 3050 6229 3155 6229 3060 6229 3052 6230 3156 6230 3051 6230 3060 6231 3156 6231 3052 6231 3051 6232 3156 6232 3155 6232 3155 6233 3156 6233 3060 6233 2938 6234 3157 6234 3054 6234 3066 6235 3157 6235 2938 6235 3058 6236 3157 6236 3066 6236 3057 6237 3157 6237 3058 6237 3054 6238 3157 6238 3057 6238 2427 6239 3158 6239 3065 6239 3062 6240 3158 6240 2427 6240 3063 6241 3158 6241 3062 6241 3064 6242 3158 6242 3063 6242 3065 6243 3158 6243 3064 6243 2935 6244 3159 6244 2937 6244 2944 6245 3159 6245 3068 6245 2937 6246 3159 6246 3069 6246 3069 6247 3159 6247 2944 6247 3068 6248 3159 6248 2935 6248 3078 6249 3160 6249 2428 6249 3079 6250 3160 6250 3078 6250 3080 6251 3160 6251 3079 6251 3081 6252 3160 6252 3080 6252 3160 6253 3161 6253 2428 6253 2428 6254 3161 6254 3083 6254 3081 6255 3161 6255 3160 6255 3083 6256 3161 6256 3081 6256 2948 6257 3162 6257 3086 6257 3088 6258 3162 6258 3085 6258 3077 6259 3162 6259 2948 6259 3085 6260 3162 6260 3077 6260 3091 6261 3163 6261 3087 6261 3095 6262 3163 6262 2958 6262 3088 6263 3163 6263 3095 6263 2958 6264 3163 6264 2834 6264 2834 6265 3163 6265 3091 6265 3087 6266 3163 6266 3088 6266 2429 6267 3164 6267 2959 6267 3098 6268 3164 6268 3099 6268 2959 6269 3164 6269 3102 6269 3100 6270 3164 6270 3098 6270 3102 6271 3164 6271 3100 6271 3099 6272 3164 6272 2429 6272 3093 6273 3165 6273 3090 6273 2413 6274 3165 6274 3093 6274 3092 6275 3165 6275 3103 6275 2414 6276 3165 6276 2413 6276 3103 6277 3165 6277 2414 6277 3090 6278 3165 6278 3092 6278 3103 6279 3166 6279 3101 6279 2834 6280 3166 6280 2833 6280 2415 6281 3166 6281 2414 6281 3101 6282 3166 6282 2834 6282 2414 6283 3166 6283 3103 6283 2833 6284 3166 6284 2415 6284 3107 6285 3167 6285 2824 6285 2824 6286 3167 6286 2822 6286 3105 6287 3167 6287 3107 6287 3113 6288 3168 6288 3112 6288 3112 6289 3168 6289 2423 6289 3114 6290 3168 6290 3113 6290 3168 6291 3169 6291 2423 6291 3114 6292 3169 6292 3168 6292 2423 6293 3169 6293 3116 6293 3116 6294 3169 6294 3114 6294 2992 6295 3170 6295 2990 6295 2990 6296 3170 6296 3114 6296 3114 6297 3170 6297 3116 6297 3115 6298 3170 6298 2992 6298 3116 6299 3170 6299 3115 6299 2995 6300 3171 6300 2996 6300 2996 6301 3171 6301 3121 6301 3118 6302 3172 6302 2995 6302 2995 6303 3172 6303 3171 6303 3119 6304 3173 6304 3118 6304 3120 6305 3173 6305 3119 6305 3118 6306 3173 6306 3172 6306 3120 6307 3174 6307 3173 6307 3123 6308 3174 6308 3120 6308 3121 6309 3174 6309 3123 6309 3120 6310 3175 6310 3123 6310 3123 6311 3175 6311 3122 6311 3122 6312 3175 6312 3007 6312 2884 6313 3176 6313 2878 6313 2879 6314 3176 6314 3003 6314 2878 6315 3176 6315 2879 6315 3003 6316 3176 6316 3127 6316 3176 6317 3177 6317 3127 6317 2884 6318 3177 6318 3176 6318 3177 6319 3178 6319 3127 6319 2884 6320 3178 6320 3177 6320 3128 6321 3178 6321 2884 6321 3127 6322 3178 6322 3128 6322 2424 6323 3179 6323 3126 6323 3124 6324 3179 6324 2424 6324 3125 6325 3179 6325 3124 6325 3126 6326 3179 6326 3125 6326 3014 6327 3180 6327 3132 6327 3132 6328 3180 6328 3130 6328 3016 6329 3180 6329 3014 6329 3130 6330 3180 6330 3134 6330 3134 6331 3181 6331 3023 6331 3135 6332 3181 6332 3016 6332 3023 6333 3181 6333 3135 6333 3016 6334 3181 6334 3180 6334 3180 6335 3181 6335 3134 6335 3022 6336 3182 6336 3136 6336 3021 6337 3182 6337 3022 6337 3021 6338 3183 6338 3182 6338 3139 6339 3183 6339 3024 6339 3136 6340 3183 6340 3137 6340 3024 6341 3183 6341 3021 6341 3137 6342 3183 6342 3139 6342 3182 6343 3183 6343 3136 6343 3137 6344 3184 6344 2425 6344 3139 6345 3184 6345 3137 6345 3138 6346 3184 6346 3139 6346 3184 6347 3185 6347 2425 6347 3140 6348 3185 6348 3138 6348 3141 6349 3185 6349 3140 6349 3138 6350 3185 6350 3184 6350 3185 6351 3186 6351 2425 6351 3142 6352 3186 6352 3141 6352 2425 6353 3186 6353 3142 6353 3141 6354 3186 6354 3185 6354 3088 6355 3187 6355 3162 6355 2957 6356 3187 6356 3096 6356 3096 6357 3187 6357 3088 6357 3086 6358 3187 6358 2957 6358 3162 6359 3187 6359 3086 6359 2822 6360 3188 6360 2820 6360 2457 6361 3188 6361 2729 6361 3167 6362 3188 6362 2822 6362 3105 6363 3188 6363 3167 6363 2842 6364 3188 6364 2457 6364 2820 6365 3188 6365 2842 6365 3104 6366 3188 6366 3105 6366 2729 6367 3188 6367 3104 6367 3171 6368 3189 6368 3121 6368 3172 6369 3189 6369 3171 6369 3173 6370 3190 6370 3172 6370 3189 6371 3190 6371 3121 6371 3174 6372 3190 6372 3173 6372 3121 6373 3190 6373 3174 6373 3172 6374 3190 6374 3189 6374 3175 6375 3191 6375 3007 6375 3005 6376 3191 6376 2883 6376 2883 6377 3191 6377 3120 6377 3007 6378 3191 6378 3005 6378 3120 6379 3191 6379 3175 6379</p>
        </triangles>
      </mesh>
    </geometry>
    <geometry id="geometry2" name="Body002">
      <mesh>
        <source id="cubeverts-array2">
          <float_array count="72" id="cubeverts-array2-array">-1.85 0.52 0.25 -1.73 0.52 0.25 -1.85 0.52 0.225 -0.63 0.52 0.25 -0.63 -0.52 0.25 -1.73 0.0001138769 0.4924269 -1.85 0.0001138769 0.4924269 -0.65 -0.49 0.25 -1.73 -0.49 0.25 -1.73 -0.52 0.25 -0.65 0.49 0.25 -1.73 0.49 0.25 -0.65 -0.49 0.225 -0.63 -0.52 0.225 -0.65 0.49 0.225 -0.63 0.52 0.225 -1.85 0.49 0.225 -1.85 0.49 0.25 -1.85 -0.52 0.225 -1.85 -0.52 0.25 -1.73 -2.718901e-16 0.4784908 -1.85 -0.49 0.25 -1.85 -0.49 0.225 -1.85 -2.865859e-16 0.4784908</float_array>
          <technique_common>
            <accessor count="24" source="#cubeverts-array2-array" stride="3">
              <param type="float" name="X"/>
              <param type="float" name="Y"/>
              <param type="float" name="Z"/>
            </accessor>
          </technique_common>
        </source>
        <source id="cubenormals-array2">
          <float_array count="144" id="cubenormals-array2-array">-0 1 0 0 1 0 -0 1 0 1 0 0 1 0 0 -0 0.4226183 0.9063078 0 0.4226183 0.9063078 0 0 1 0 0 1 0 0 1 0 0 1 0 0 1 0 0 1 0 0 -1 0 0 -1 0 0 -1 0 0 -1 0 0 -1 0 0 -1 -0 -1 -0 0 -1 -0 -0 -1 0 -0 -1 -0 0 -1 -0 -0 -1 0 0 -0.4224662 0.9063787 0 -0.4224662 0.9063787 1 0 0 1 0 0 1 0 0 1 0 0 -0 1 0 0 1 0 -0 1 0 -1 0 0 -1 0 0 0 -0.4226183 -0.9063078 5.175582e-17 -0.4226183 -0.9063078 0 0.4226183 -0.9063078 0 0.4226183 -0.9063078 -1 0 -0 -1 -0 0 -1 0 0 -1 0 0 -1 0 0 -1 0 0 -1 -0 -0 -1 0 0</float_array>
          <technique_common>
            <accessor count="48" source="#cubenormals-array2-array" stride="3">
              <param type="float" name="X"/>
              <param type="float" name="Y"/>
              <param type="float" name="Z"/>
            </accessor>
          </technique_common>
        </source>
        <vertices id="cubeverts-array2-vertices">
          <input semantic="POSITION" source="#cubeverts-array2"/>
        </vertices>
        <triangles count="48" material="ref_Body002">
          <input offset="0" semantic="VERTEX" source="#cubeverts-array2-vertices"/>
          <input offset="1" semantic="NORMAL" source="#cubenormals-array2"/>
          <p>0 0 1 0 2 0 1 1 15 1 2 1 1 2 3 2 15 2 3 3 4 3 15 3 15 4 4 4 13 4 0 5 5 5 1 5 0 6 6 6 5 6 7 7 8 7 9 7 7 8 9 8 4 8 10 9 1 9 11 9 3 10 10 10 7 10 3 11 7 11 4 11 3 12 1 12 10 12 22 13 12 13 18 13 18 14 12 14 13 14 2 15 14 15 16 15 14 16 15 16 12 16 12 17 15 17 13 17 2 18 15 18 14 18 10 19 11 19 14 19 11 20 16 20 14 20 11 21 17 21 16 21 4 22 9 22 13 22 9 23 18 23 13 23 9 24 19 24 18 24 6 25 9 25 5 25 6 26 19 26 9 26 5 27 11 27 1 27 5 28 20 28 11 28 8 29 20 29 5 29 9 30 8 30 5 30 21 31 8 31 22 31 8 32 12 32 22 32 8 33 7 33 12 33 7 34 14 34 12 34 7 35 10 35 14 35 23 36 17 36 11 36 23 37 11 37 20 37 21 38 23 38 8 38 8 39 23 39 20 39 21 40 22 40 18 40 21 41 18 41 19 41 6 42 23 42 21 42 6 43 21 43 19 43 17 44 23 44 6 44 2 45 16 45 17 45 0 46 2 46 17 46 0 47 17 47 6 47</p>
        </triangles>
      </mesh>
    </geometry>
  </library_geometries>
  <library_materials>
    <material id="mat_Body" name="Body">
      <instance_effect url="#effect_Body"/>
    </material>
    <material id="mat_Body001" name="Body001">
      <instance_effect url="#effect_Body001"/>
    </material>
    <material id="mat_Body002" name="Body002">
      <instance_effect url="#effect_Body002"/>
    </material>
  </library_materials>
  <library_visual_scenes>
    <visual_scene id="myscene">
      <node id="node0" name="node0">
        <instance_geometry url="#geometry0">
          <bind_material>
            <technique_common>
              <instance_material symbol="ref_Body" target="#mat_Body"/>
            </technique_common>
          </bind_material>
        </instance_geometry>
      </node>
      <node id="node1" name="node1">
        <instance_geometry url="#geometry1">
          <bind_material>
            <technique_common>
              <instance_material symbol="ref_Body001" target="#mat_Body001"/>
            </technique_common>
          </bind_material>
        </instance_geometry>
      </node>
      <node id="node2" name="node2">
        <instance_geometry url="#geometry2">
          <bind_material>
            <technique_common>
              <instance_material symbol="ref_Body002" target="#mat_Body002"/>
            </technique_common>
          </bind_material>
        </instance_geometry>
      </node>
    </visual_scene>
  </library_visual_scenes>
  <scene>
    <instance_visual_scene url="#myscene"/>
  </scene>
</COLLADA>
